<?xml version="1.0" encoding="UTF-8"?>
<kml xmlns="http://earth.google.com/kml/2.0">
<Folder>
<Style id="ThSurveyLine"> <LineStyle> <color>ffffff00</color> <width>1</width> </LineStyle> </Style>
<Style id="ThSurveyLineSurf"> <LineStyle> <color>ffcccccc</color> <width>1</width> </LineStyle> </Style>
<Style id="ThEntranceIcon"> <IconStyle> <Icon> <href>https://therion.speleo.sk/downloads/KmlIconEntrance.png</href> </Icon> <hotSpot x="0.5" y="0" xunits="fraction" yunits="fraction" /> </IconStyle> </Style>
<Icon> <href>https://therion.speleo.sk/downloads/KmlIconModel.png</href> </Icon>
<name><![CDATA[Praletang]]></name>
<description><![CDATA[Longueur  327 m<br>Dénivellation  30 m]]></description>
<Placemark>
<styleUrl>#ThEntranceIcon</styleUrl><name><![CDATA[Grotte de Praletang]]></name>
<Point> <coordinates>5.42347698083226,45.08907601081826,1241.00000000000000</coordinates> </Point>
</Placemark>
<Folder>
<name><![CDATA[Grotte de Praletang]]></name>
<Placemark>
<name>0</name>
<styleUrl>#ThSurveyLine</styleUrl>
<MultiGeometry>
<LineString><coordinates>
	5.42347698083226,45.08907601081826,1241.00000000000000 	5.42350342411330,45.08907521655801,1241.21000000000004 
</coordinates></LineString>
<LineString><coordinates>
	5.42347698083226,45.08907601081826,1241.00000000000000 	5.42348159653445,45.08904280890988,1240.98000000000002 
</coordinates></LineString>
<LineString><coordinates>
	5.42347698083226,45.08907601081826,1241.00000000000000 	5.42344845055069,45.08904554152818,1240.85999999999990 
</coordinates></LineString>
<LineString><coordinates>
	5.42347698083226,45.08907601081826,1241.00000000000000 	5.42342526420849,45.08904258284550,1241.48000000000002 
</coordinates></LineString>
<LineString><coordinates>
	5.42347698083226,45.08907601081826,1241.00000000000000 	5.42342682201585,45.08907370565636,1241.50999999999999 
</coordinates></LineString>
<LineString><coordinates>
	5.42347698083226,45.08907601081826,1241.00000000000000 	5.42344390963460,45.08907495684466,1242.55999999999995 
</coordinates></LineString>
<LineString><coordinates>
	5.42347698083226,45.08907601081826,1241.00000000000000 	5.42346903731262,45.08906012646692,1243.67000000000007 
</coordinates></LineString>
<LineString><coordinates>
	5.42347698083226,45.08907601081826,1241.00000000000000 	5.42349372659471,45.08907323628853,1242.03999999999996 
</coordinates></LineString>
<LineString><coordinates>
	5.42347698083226,45.08907601081826,1241.00000000000000 	5.42345761642536,45.08903963913218,1239.55999999999995 	5.42347521143344,45.08903230028012,1240.15000000000009 
</coordinates></LineString>
<LineString><coordinates>
	5.42345761642536,45.08903963913218,1239.55999999999995 	5.42344997154600,45.08903435549853,1239.64000000000010 
</coordinates></LineString>
<LineString><coordinates>
	5.42345761642536,45.08903963913218,1239.55999999999995 	5.42342186593965,45.08903851413277,1239.39000000000010 
</coordinates></LineString>
<LineString><coordinates>
	5.42345761642536,45.08903963913218,1239.55999999999995 	5.42343154750996,45.08904553697244,1239.84999999999991 
</coordinates></LineString>
<LineString><coordinates>
	5.42345761642536,45.08903963913218,1239.55999999999995 	5.42342079685466,45.08904588555368,1239.86999999999989 
</coordinates></LineString>
<LineString><coordinates>
	5.42345761642536,45.08903963913218,1239.55999999999995 	5.42345755664030,45.08904009369697,1240.71000000000004 
</coordinates></LineString>
<LineString><coordinates>
	5.42345761642536,45.08903963913218,1239.55999999999995 	5.42347846164322,45.08905339464582,1242.00999999999999 
</coordinates></LineString>
<LineString><coordinates>
	5.42345761642536,45.08903963913218,1239.55999999999995 	5.42345606230882,45.08903858427328,1238.81999999999994 
</coordinates></LineString>
<LineString><coordinates>
	5.42345761642536,45.08903963913218,1239.55999999999995 	5.42341612898410,45.08901607409584,1238.91000000000008 
</coordinates></LineString>
<LineString><coordinates>
	5.42345761642536,45.08903963913218,1239.55999999999995 	5.42341435044260,45.08898946891565,1238.69000000000005 
</coordinates></LineString>
<LineString><coordinates>
	5.42345761642536,45.08903963913218,1239.55999999999995 	5.42339876884402,45.08894345362111,1237.64000000000010 
</coordinates></LineString>
<LineString><coordinates>
	5.42345761642536,45.08903963913218,1239.55999999999995 	5.42343491294710,45.08898758115589,1237.33999999999992 	5.42350976672501,45.08897985938074,1237.63000000000011 
</coordinates></LineString>
<LineString><coordinates>
	5.42343491294710,45.08898758115589,1237.33999999999992 	5.42347744183166,45.08898127066056,1238.46000000000004 
</coordinates></LineString>
<LineString><coordinates>
	5.42343491294710,45.08898758115589,1237.33999999999992 	5.42345603804540,45.08898520147198,1238.86999999999989 
</coordinates></LineString>
<LineString><coordinates>
	5.42343491294710,45.08898758115589,1237.33999999999992 	5.42341175207638,45.08898651109528,1238.67000000000007 
</coordinates></LineString>
<LineString><coordinates>
	5.42343491294710,45.08898758115589,1237.33999999999992 	5.42340320429449,45.08898714613894,1237.54999999999995 
</coordinates></LineString>
<LineString><coordinates>
	5.42343491294710,45.08898758115589,1237.33999999999992 	5.42340096280172,45.08898488200200,1237.44000000000005 
</coordinates></LineString>
<LineString><coordinates>
	5.42343491294710,45.08898758115589,1237.33999999999992 	5.42343658755134,45.08898601634942,1239.29999999999995 
</coordinates></LineString>
<LineString><coordinates>
	5.42343491294710,45.08898758115589,1237.33999999999992 	5.42343071202513,45.08898753315906,1237.06999999999994 
</coordinates></LineString>
<LineString><coordinates>
	5.42343491294710,45.08898758115589,1237.33999999999992 	5.42349015339684,45.08895124831231,1237.41000000000008 
</coordinates></LineString>
<LineString><coordinates>
	5.42343491294710,45.08898758115589,1237.33999999999992 	5.42347523096277,45.08894659538446,1237.54999999999995 
</coordinates></LineString>
<LineString><coordinates>
	5.42343491294710,45.08898758115589,1237.33999999999992 	5.42348451697480,45.08891403677163,1236.76999999999998 
</coordinates></LineString>
<LineString><coordinates>
	5.42343491294710,45.08898758115589,1237.33999999999992 	5.42350046675157,45.08889043566483,1236.50000000000000 
</coordinates></LineString>
<LineString><coordinates>
	5.42343491294710,45.08898758115589,1237.33999999999992 	5.42349686456015,45.08884722139303,1236.50999999999999 
</coordinates></LineString>
<LineString><coordinates>
	5.42343491294710,45.08898758115589,1237.33999999999992 	5.42346562046590,45.08883189781699,1236.32999999999993 
</coordinates></LineString>
<LineString><coordinates>
	5.42343491294710,45.08898758115589,1237.33999999999992 	5.42343054399776,45.08884476658657,1236.92000000000007 
</coordinates></LineString>
<LineString><coordinates>
	5.42343491294710,45.08898758115589,1237.33999999999992 	5.42341849434648,45.08887410957912,1238.29999999999995 
</coordinates></LineString>
<LineString><coordinates>
	5.42343491294710,45.08898758115589,1237.33999999999992 	5.42340972980431,45.08893336675812,1238.91000000000008 
</coordinates></LineString>
<LineString><coordinates>
	5.42343491294710,45.08898758115589,1237.33999999999992 	5.42340552274554,45.08896932906664,1237.94000000000005 
</coordinates></LineString>
<LineString><coordinates>
	5.42343491294710,45.08898758115589,1237.33999999999992 	5.42340351732557,45.08898325182387,1237.58999999999992 
</coordinates></LineString>
<LineString><coordinates>
	5.42343491294710,45.08898758115589,1237.33999999999992 	5.42340709555761,45.08899711985134,1238.09999999999991 
</coordinates></LineString>
<LineString><coordinates>
	5.42343491294710,45.08898758115589,1237.33999999999992 	5.42341032672983,45.08900435184061,1238.48000000000002 
</coordinates></LineString>
<LineString><coordinates>
	5.42343491294710,45.08898758115589,1237.33999999999992 	5.42341681728318,45.08901557283659,1238.83999999999992 
</coordinates></LineString>
<LineString><coordinates>
	5.42343491294710,45.08898758115589,1237.33999999999992 	5.42341604804412,45.08901896089725,1238.82999999999993 
</coordinates></LineString>
<LineString><coordinates>
	5.42343491294710,45.08898758115589,1237.33999999999992 	5.42343539122909,45.08898394463753,1239.30999999999995 
</coordinates></LineString>
<LineString><coordinates>
	5.42343491294710,45.08898758115589,1237.33999999999992 	5.42343458857303,45.08898796535333,1236.84999999999991 
</coordinates></LineString>
<LineString><coordinates>
	5.42343491294710,45.08898758115589,1237.33999999999992 	5.42343689169060,45.08898635385230,1239.25999999999999 
</coordinates></LineString>
<LineString><coordinates>
	5.42343491294710,45.08898758115589,1237.33999999999992 	5.42343867084361,45.08898721194342,1239.26999999999998 
</coordinates></LineString>
<LineString><coordinates>
	5.42343491294710,45.08898758115589,1237.33999999999992 	5.42343387390746,45.08898828852229,1236.77999999999997 
</coordinates></LineString>
<LineString><coordinates>
	5.42343491294710,45.08898758115589,1237.33999999999992 	5.42343327789322,45.08898941309788,1236.83999999999992 
</coordinates></LineString>
<LineString><coordinates>
	5.42343491294710,45.08898758115589,1237.33999999999992 	5.42344405517486,45.08890254887171,1234.76999999999998 	5.42349504715445,45.08890533227410,1235.00000000000000 
</coordinates></LineString>
<LineString><coordinates>
	5.42344405517486,45.08890254887171,1234.76999999999998 	5.42350876190661,45.08890440337173,1235.53999999999996 
</coordinates></LineString>
<LineString><coordinates>
	5.42344405517486,45.08890254887171,1234.76999999999998 	5.42349729845058,45.08890165405550,1237.05999999999995 
</coordinates></LineString>
<LineString><coordinates>
	5.42344405517486,45.08890254887171,1234.76999999999998 	5.42347995242885,45.08890123229496,1237.56999999999994 
</coordinates></LineString>
<LineString><coordinates>
	5.42344405517486,45.08890254887171,1234.76999999999998 	5.42347544032363,45.08890165754200,1238.31999999999994 
</coordinates></LineString>
<LineString><coordinates>
	5.42344405517486,45.08890254887171,1234.76999999999998 	5.42340490253934,45.08888016074001,1239.10999999999990 
</coordinates></LineString>
<LineString><coordinates>
	5.42344405517486,45.08890254887171,1234.76999999999998 	5.42339459125564,45.08888776867099,1236.78999999999996 
</coordinates></LineString>
<LineString><coordinates>
	5.42344405517486,45.08890254887171,1234.76999999999998 	5.42339093177995,45.08888966098858,1235.80999999999995 
</coordinates></LineString>
<LineString><coordinates>
	5.42344405517486,45.08890254887171,1234.76999999999998 	5.42339081833995,45.08889146990891,1234.81999999999994 
</coordinates></LineString>
<LineString><coordinates>
	5.42344405517486,45.08890254887171,1234.76999999999998 	5.42338335742218,45.08891317999128,1235.85999999999990 
</coordinates></LineString>
<LineString><coordinates>
	5.42344405517486,45.08890254887171,1234.76999999999998 	5.42340385888412,45.08892633088470,1238.00000000000000 
</coordinates></LineString>
<LineString><coordinates>
	5.42344405517486,45.08890254887171,1234.76999999999998 	5.42340383189620,45.08895189988343,1238.60999999999990 
</coordinates></LineString>
<LineString><coordinates>
	5.42344405517486,45.08890254887171,1234.76999999999998 	5.42343375647775,45.08897290303544,1239.76999999999998 
</coordinates></LineString>
<LineString><coordinates>
	5.42344405517486,45.08890254887171,1234.76999999999998 	5.42345886296429,45.08896050489951,1237.98000000000002 
</coordinates></LineString>
<LineString><coordinates>
	5.42344405517486,45.08890254887171,1234.76999999999998 	5.42348140540776,45.08894280574894,1237.50999999999999 
</coordinates></LineString>
<LineString><coordinates>
	5.42344405517486,45.08890254887171,1234.76999999999998 	5.42349778566181,45.08893069581261,1237.17000000000007 
</coordinates></LineString>
<LineString><coordinates>
	5.42344405517486,45.08890254887171,1234.76999999999998 	5.42349933731262,45.08892400873626,1236.61999999999989 
</coordinates></LineString>
<LineString><coordinates>
	5.42344405517486,45.08890254887171,1234.76999999999998 	5.42345226630522,45.08890049844202,1240.00000000000000 
</coordinates></LineString>
<LineString><coordinates>
	5.42344405517486,45.08890254887171,1234.76999999999998 	5.42345061285742,45.08889963101204,1240.01999999999998 
</coordinates></LineString>
<LineString><coordinates>
	5.42344405517486,45.08890254887171,1234.76999999999998 	5.42340740340477,45.08887988491765,1239.71000000000004 
</coordinates></LineString>
<LineString><coordinates>
	5.42344405517486,45.08890254887171,1234.76999999999998 	5.42339337133330,45.08888038725915,1236.69000000000005 
</coordinates></LineString>
<LineString><coordinates>
	5.42344405517486,45.08890254887171,1234.76999999999998 	5.42339883540327,45.08888124166018,1235.11999999999989 
</coordinates></LineString>
<LineString><coordinates>
	5.42344405517486,45.08890254887171,1234.76999999999998 	5.42344367806742,45.08890257688842,1234.10999999999990 
</coordinates></LineString>
<LineString><coordinates>
	5.42344405517486,45.08890254887171,1234.76999999999998 	5.42344314889059,45.08890243615368,1234.08999999999992 
</coordinates></LineString>
<LineString><coordinates>
	5.42344405517486,45.08890254887171,1234.76999999999998 	5.42344545629850,45.08890514551575,1234.17000000000007 
</coordinates></LineString>
<LineString><coordinates>
	5.42344405517486,45.08890254887171,1234.76999999999998 	5.42354895728308,45.08875872804813,1234.00999999999999 
</coordinates></LineString>
<LineString><coordinates>
	5.42344405517486,45.08890254887171,1234.76999999999998 	5.42351515881138,45.08881885484777,1232.34999999999991 	5.42357436118755,45.08880842478005,1232.27999999999997 
</coordinates></LineString>
<LineString><coordinates>
	5.42351515881138,45.08881885484777,1232.34999999999991 	5.42379097854615,45.08874362768734,1229.69000000000005 
</coordinates></LineString>
<LineString><coordinates>
	5.42351515881138,45.08881885484777,1232.34999999999991 	5.42378910348212,45.08869920481032,1228.76999999999998 
</coordinates></LineString>
<LineString><coordinates>
	5.42351515881138,45.08881885484777,1232.34999999999991 	5.42365468097365,45.08873547908232,1230.45000000000005 
</coordinates></LineString>
<LineString><coordinates>
	5.42351515881138,45.08881885484777,1232.34999999999991 	5.42359807119367,45.08873509366995,1230.80999999999995 
</coordinates></LineString>
<LineString><coordinates>
	5.42351515881138,45.08881885484777,1232.34999999999991 	5.42355163594488,45.08874763605847,1231.21000000000004 
</coordinates></LineString>
<LineString><coordinates>
	5.42351515881138,45.08881885484777,1232.34999999999991 	5.42350751145612,45.08876891918910,1231.86999999999989 
</coordinates></LineString>
<LineString><coordinates>
	5.42351515881138,45.08881885484777,1232.34999999999991 	5.42348208314583,45.08878944346133,1232.10999999999990 
</coordinates></LineString>
<LineString><coordinates>
	5.42351515881138,45.08881885484777,1232.34999999999991 	5.42347234123384,45.08880862227487,1232.41000000000008 
</coordinates></LineString>
<LineString><coordinates>
	5.42351515881138,45.08881885484777,1232.34999999999991 	5.42342377630562,45.08884454918555,1233.77999999999997 
</coordinates></LineString>
<LineString><coordinates>
	5.42351515881138,45.08881885484777,1232.34999999999991 	5.42339068771844,45.08891290547396,1235.51999999999998 
</coordinates></LineString>
<LineString><coordinates>
	5.42351515881138,45.08881885484777,1232.34999999999991 	5.42341254768244,45.08898330112504,1237.21000000000004 
</coordinates></LineString>
<LineString><coordinates>
	5.42351515881138,45.08881885484777,1232.34999999999991 	5.42346750981631,45.08900946606063,1238.47000000000003 
</coordinates></LineString>
<LineString><coordinates>
	5.42351515881138,45.08881885484777,1232.34999999999991 	5.42351528611203,45.08886520807155,1233.77999999999997 
</coordinates></LineString>
<LineString><coordinates>
	5.42351515881138,45.08881885484777,1232.34999999999991 	5.42352977833720,45.08884549628282,1233.09999999999991 
</coordinates></LineString>
<LineString><coordinates>
	5.42351515881138,45.08881885484777,1232.34999999999991 	5.42353514243683,45.08883537510027,1232.94000000000005 
</coordinates></LineString>
<LineString><coordinates>
	5.42351515881138,45.08881885484777,1232.34999999999991 	5.42350841502761,45.08881107360723,1235.48000000000002 
</coordinates></LineString>
<LineString><coordinates>
	5.42351515881138,45.08881885484777,1232.34999999999991 	5.42345205689151,45.08887161609557,1239.78999999999996 
</coordinates></LineString>
<LineString><coordinates>
	5.42351515881138,45.08881885484777,1232.34999999999991 	5.42351370925124,45.08882022288662,1231.82999999999993 
</coordinates></LineString>
<LineString><coordinates>
	5.42351515881138,45.08881885484777,1232.34999999999991 	5.42354745442415,45.08878548699091,1236.06999999999994 
</coordinates></LineString>
<LineString><coordinates>
	5.42351515881138,45.08881885484777,1232.34999999999991 	5.42359897418481,45.08876608507702,1234.75999999999999 
</coordinates></LineString>
<LineString><coordinates>
	5.42351515881138,45.08881885484777,1232.34999999999991 	5.42358673511869,45.08877869758005,1230.16000000000008 	5.42358913701202,45.08880264573049,1231.01999999999998 
</coordinates></LineString>
<LineString><coordinates>
	5.42358673511869,45.08877869758005,1230.16000000000008 	5.42358934181606,45.08880317066232,1231.75000000000000 
</coordinates></LineString>
<LineString><coordinates>
	5.42358673511869,45.08877869758005,1230.16000000000008 	5.42359360525315,45.08879763248192,1233.11999999999989 
</coordinates></LineString>
<LineString><coordinates>
	5.42358673511869,45.08877869758005,1230.16000000000008 	5.42359564834652,45.08878739793232,1233.50000000000000 
</coordinates></LineString>
<LineString><coordinates>
	5.42358673511869,45.08877869758005,1230.16000000000008 	5.42360277500511,45.08877201439362,1233.97000000000003 
</coordinates></LineString>
<LineString><coordinates>
	5.42358673511869,45.08877869758005,1230.16000000000008 	5.42360576758955,45.08875531755308,1233.32999999999993 
</coordinates></LineString>
<LineString><coordinates>
	5.42358673511869,45.08877869758005,1230.16000000000008 	5.42360546894101,45.08874471683573,1232.71000000000004 
</coordinates></LineString>
<LineString><coordinates>
	5.42358673511869,45.08877869758005,1230.16000000000008 	5.42359846761763,45.08873605448844,1230.54999999999995 
</coordinates></LineString>
<LineString><coordinates>
	5.42358673511869,45.08877869758005,1230.16000000000008 	5.42363680451328,45.08879928431183,1231.74000000000001 
</coordinates></LineString>
<LineString><coordinates>
	5.42358673511869,45.08877869758005,1230.16000000000008 	5.42368413171349,45.08880134963323,1231.77999999999997 
</coordinates></LineString>
<LineString><coordinates>
	5.42358673511869,45.08877869758005,1230.16000000000008 	5.42374038218525,45.08879329938277,1232.33999999999992 
</coordinates></LineString>
<LineString><coordinates>
	5.42358673511869,45.08877869758005,1230.16000000000008 	5.42374146738374,45.08876801186178,1232.05999999999995 
</coordinates></LineString>
<LineString><coordinates>
	5.42358673511869,45.08877869758005,1230.16000000000008 	5.42378646577804,45.08873288994293,1231.25999999999999 
</coordinates></LineString>
<LineString><coordinates>
	5.42358673511869,45.08877869758005,1230.16000000000008 	5.42368607920231,45.08873467674616,1230.48000000000002 
</coordinates></LineString>
<LineString><coordinates>
	5.42358673511869,45.08877869758005,1230.16000000000008 	5.42365782965981,45.08873614539496,1230.69000000000005 
</coordinates></LineString>
<LineString><coordinates>
	5.42358673511869,45.08877869758005,1230.16000000000008 	5.42363083530674,45.08874094171750,1230.70000000000005 
</coordinates></LineString>
<LineString><coordinates>
	5.42358673511869,45.08877869758005,1230.16000000000008 	5.42360419104368,45.08873436892109,1231.51999999999998 
</coordinates></LineString>
<LineString><coordinates>
	5.42358673511869,45.08877869758005,1230.16000000000008 	5.42359305107623,45.08873294595054,1231.63000000000011 
</coordinates></LineString>
<LineString><coordinates>
	5.42358673511869,45.08877869758005,1230.16000000000008 	5.42352132058459,45.08875231898918,1233.28999999999996 
</coordinates></LineString>
<LineString><coordinates>
	5.42358673511869,45.08877869758005,1230.16000000000008 	5.42351895556823,45.08877067967045,1234.92000000000007 
</coordinates></LineString>
<LineString><coordinates>
	5.42358673511869,45.08877869758005,1230.16000000000008 	5.42350051752405,45.08878348263927,1234.72000000000003 
</coordinates></LineString>
<LineString><coordinates>
	5.42358673511869,45.08877869758005,1230.16000000000008 	5.42348131299326,45.08879454205798,1234.69000000000005 
</coordinates></LineString>
<LineString><coordinates>
	5.42358673511869,45.08877869758005,1230.16000000000008 	5.42347740244435,45.08882048960614,1234.06999999999994 
</coordinates></LineString>
<LineString><coordinates>
	5.42358673511869,45.08877869758005,1230.16000000000008 	5.42340903079609,45.08886770071353,1234.86999999999989 
</coordinates></LineString>
<LineString><coordinates>
	5.42358673511869,45.08877869758005,1230.16000000000008 	5.42353938839786,45.08882542701372,1233.84999999999991 
</coordinates></LineString>
<LineString><coordinates>
	5.42358673511869,45.08877869758005,1230.16000000000008 	5.42357498878300,45.08881008862078,1232.57999999999993 
</coordinates></LineString>
<LineString><coordinates>
	5.42358673511869,45.08877869758005,1230.16000000000008 	5.42359034743376,45.08880309594992,1232.33999999999992 
</coordinates></LineString>
<LineString><coordinates>
	5.42358673511869,45.08877869758005,1230.16000000000008 	5.42357344629995,45.08879967033840,1231.83999999999992 
</coordinates></LineString>
<LineString><coordinates>
	5.42358673511869,45.08877869758005,1230.16000000000008 	5.42358830515952,45.08877470987508,1234.74000000000001 
</coordinates></LineString>
<LineString><coordinates>
	5.42358673511869,45.08877869758005,1230.16000000000008 	5.42358823741051,45.08877768572105,1234.82999999999993 
</coordinates></LineString>
<LineString><coordinates>
	5.42358673511869,45.08877869758005,1230.16000000000008 	5.42358711222517,45.08877866956293,1229.71000000000004 
</coordinates></LineString>
<LineString><coordinates>
	5.42358673511869,45.08877869758005,1230.16000000000008 	5.42366439789649,45.08877535826228,1229.27999999999997 	5.42366339059743,45.08881576413172,1229.72000000000003 
</coordinates></LineString>
<LineString><coordinates>
	5.42366439789649,45.08877535826228,1229.27999999999997 	5.42367101913536,45.08880205376894,1232.00000000000000 
</coordinates></LineString>
<LineString><coordinates>
	5.42366439789649,45.08877535826228,1229.27999999999997 	5.42367443789009,45.08879252723366,1232.88000000000011 
</coordinates></LineString>
<LineString><coordinates>
	5.42366439789649,45.08877535826228,1229.27999999999997 	5.42367770117688,45.08877680054993,1232.70000000000005 
</coordinates></LineString>
<LineString><coordinates>
	5.42366439789649,45.08877535826228,1229.27999999999997 	5.42367294249954,45.08875581826387,1232.48000000000002 
</coordinates></LineString>
<LineString><coordinates>
	5.42366439789649,45.08877535826228,1229.27999999999997 	5.42367436502902,45.08874310912873,1231.89000000000010 
</coordinates></LineString>
<LineString><coordinates>
	5.42366439789649,45.08877535826228,1229.27999999999997 	5.42367366811680,45.08873496866568,1230.85999999999990 
</coordinates></LineString>
<LineString><coordinates>
	5.42366439789649,45.08877535826228,1229.27999999999997 	5.42367062920951,45.08873933557626,1229.77999999999997 
</coordinates></LineString>
<LineString><coordinates>
	5.42366439789649,45.08877535826228,1229.27999999999997 	5.42363203254369,45.08874130289143,1231.52999999999997 
</coordinates></LineString>
<LineString><coordinates>
	5.42366439789649,45.08877535826228,1229.27999999999997 	5.42357639587205,45.08873976487514,1231.18000000000006 
</coordinates></LineString>
<LineString><coordinates>
	5.42366439789649,45.08877535826228,1229.27999999999997 	5.42350138792814,45.08877648607729,1232.06999999999994 
</coordinates></LineString>
<LineString><coordinates>
	5.42366439789649,45.08877535826228,1229.27999999999997 	5.42347236238724,45.08880619003845,1233.10999999999990 
</coordinates></LineString>
<LineString><coordinates>
	5.42366439789649,45.08877535826228,1229.27999999999997 	5.42345119811741,45.08883233913634,1233.53999999999996 
</coordinates></LineString>
<LineString><coordinates>
	5.42366439789649,45.08877535826228,1229.27999999999997 	5.42361295973272,45.08880303640951,1230.45000000000005 
</coordinates></LineString>
<LineString><coordinates>
	5.42366439789649,45.08877535826228,1229.27999999999997 	5.42364116179748,45.08880382191508,1230.19000000000005 
</coordinates></LineString>
<LineString><coordinates>
	5.42366439789649,45.08877535826228,1229.27999999999997 	5.42363129750573,45.08879213138886,1229.89000000000010 
</coordinates></LineString>
<LineString><coordinates>
	5.42366439789649,45.08877535826228,1229.27999999999997 	5.42366690580369,45.08877427168931,1232.92000000000007 
</coordinates></LineString>
<LineString><coordinates>
	5.42366439789649,45.08877535826228,1229.27999999999997 	5.42366463520386,45.08877696107457,1228.44000000000005 
</coordinates></LineString>
<LineString><coordinates>
	5.42366439789649,45.08877535826228,1229.27999999999997 	5.42375186704432,45.08873095928101,1227.57999999999993 	5.42384401066339,45.08869152438369,1226.20000000000005 
</coordinates></LineString>
<LineString><coordinates>
	5.42375186704432,45.08873095928101,1227.57999999999993 	5.42378844177620,45.08873679424064,1227.91000000000008 
</coordinates></LineString>
<LineString><coordinates>
	5.42375186704432,45.08873095928101,1227.57999999999993 	5.42379480688919,45.08873515101286,1229.69000000000005 
</coordinates></LineString>
<LineString><coordinates>
	5.42375186704432,45.08873095928101,1227.57999999999993 	5.42378172251687,45.08873261217952,1230.78999999999996 
</coordinates></LineString>
<LineString><coordinates>
	5.42375186704432,45.08873095928101,1227.57999999999993 	5.42377054208604,45.08873263262690,1230.86999999999989 
</coordinates></LineString>
<LineString><coordinates>
	5.42375186704432,45.08873095928101,1227.57999999999993 	5.42373798824130,45.08871704633889,1231.03999999999996 
</coordinates></LineString>
<LineString><coordinates>
	5.42375186704432,45.08873095928101,1227.57999999999993 	5.42371545259468,45.08870989823987,1229.56999999999994 
</coordinates></LineString>
<LineString><coordinates>
	5.42375186704432,45.08873095928101,1227.57999999999993 	5.42370864628085,45.08870770318389,1228.21000000000004 
</coordinates></LineString>
<LineString><coordinates>
	5.42375186704432,45.08873095928101,1227.57999999999993 	5.42370601607467,45.08871483049381,1227.56999999999994 
</coordinates></LineString>
<LineString><coordinates>
	5.42375186704432,45.08873095928101,1227.57999999999993 	5.42369509475919,45.08872518451402,1228.55999999999995 
</coordinates></LineString>
<LineString><coordinates>
	5.42375186704432,45.08873095928101,1227.57999999999993 	5.42370235545912,45.08873130689515,1230.43000000000006 
</coordinates></LineString>
<LineString><coordinates>
	5.42375186704432,45.08873095928101,1227.57999999999993 	5.42370594692188,45.08874526395407,1231.28999999999996 
</coordinates></LineString>
<LineString><coordinates>
	5.42375186704432,45.08873095928101,1227.57999999999993 	5.42369763690330,45.08877153837305,1233.14000000000010 
</coordinates></LineString>
<LineString><coordinates>
	5.42375186704432,45.08873095928101,1227.57999999999993 	5.42370978905203,45.08879782295289,1234.08999999999992 
</coordinates></LineString>
<LineString><coordinates>
	5.42375186704432,45.08873095928101,1227.57999999999993 	5.42375210954091,45.08878495603840,1231.11999999999989 
</coordinates></LineString>
<LineString><coordinates>
	5.42375186704432,45.08873095928101,1227.57999999999993 	5.42375408601185,45.08876311325926,1229.34999999999991 
</coordinates></LineString>
<LineString><coordinates>
	5.42375186704432,45.08873095928101,1227.57999999999993 	5.42379599117126,45.08872254960180,1229.80999999999995 
</coordinates></LineString>
<LineString><coordinates>
	5.42375186704432,45.08873095928101,1227.57999999999993 	5.42377443385454,45.08871685924639,1230.56999999999994 
</coordinates></LineString>
<LineString><coordinates>
	5.42375186704432,45.08873095928101,1227.57999999999993 	5.42377410358128,45.08870347011582,1230.79999999999995 
</coordinates></LineString>
<LineString><coordinates>
	5.42375186704432,45.08873095928101,1227.57999999999993 	5.42375776074605,45.08869523174755,1230.61999999999989 
</coordinates></LineString>
<LineString><coordinates>
	5.42375186704432,45.08873095928101,1227.57999999999993 	5.42373100579978,45.08868533629379,1230.35999999999990 
</coordinates></LineString>
<LineString><coordinates>
	5.42375186704432,45.08873095928101,1227.57999999999993 	5.42372706650919,45.08870336381894,1229.50999999999999 
</coordinates></LineString>
<LineString><coordinates>
	5.42375186704432,45.08873095928101,1227.57999999999993 	5.42375839036445,45.08873038459652,1231.47000000000003 
</coordinates></LineString>
<LineString><coordinates>
	5.42375186704432,45.08873095928101,1227.57999999999993 	5.42375953395583,45.08873210012410,1231.50999999999999 
</coordinates></LineString>
<LineString><coordinates>
	5.42375186704432,45.08873095928101,1227.57999999999993 	5.42377053254274,45.08872570143997,1231.24000000000001 
</coordinates></LineString>
<LineString><coordinates>
	5.42375186704432,45.08873095928101,1227.57999999999993 	5.42375121216659,45.08873082788686,1227.06999999999994 
</coordinates></LineString>
<LineString><coordinates>
	5.42375186704432,45.08873095928101,1227.57999999999993 	5.42375133786860,45.08873081854765,1227.05999999999995 
</coordinates></LineString>
<LineString><coordinates>
	5.42375186704432,45.08873095928101,1227.57999999999993 	5.42370131029163,45.08873111447306,1229.27999999999997 
</coordinates></LineString>
<LineString><coordinates>
	5.42375186704432,45.08873095928101,1227.57999999999993 	5.42351303959808,45.08877363988312,1234.71000000000004 
</coordinates></LineString>
<LineString><coordinates>
	5.42375186704432,45.08873095928101,1227.57999999999993 	5.42351784974715,45.08880956243942,1234.75999999999999 
</coordinates></LineString>
<LineString><coordinates>
	5.42375186704432,45.08873095928101,1227.57999999999993 	5.42364013960253,45.08879777618512,1232.63000000000011 
</coordinates></LineString>
<LineString><coordinates>
	5.42375186704432,45.08873095928101,1227.57999999999993 	5.42369135809549,45.08880981520511,1231.80999999999995 
</coordinates></LineString>
<LineString><coordinates>
	5.42375186704432,45.08873095928101,1227.57999999999993 	5.42373117567631,45.08881351873601,1231.50000000000000 
</coordinates></LineString>
<LineString><coordinates>
	5.42375186704432,45.08873095928101,1227.57999999999993 	5.42375628772001,45.08877798379218,1230.44000000000005 
</coordinates></LineString>
<LineString><coordinates>
	5.42375186704432,45.08873095928101,1227.57999999999993 	5.42373107219686,45.08852355711767,1225.82999999999993 
</coordinates></LineString>
<LineString><coordinates>
	5.42375186704432,45.08873095928101,1227.57999999999993 	5.42375413998431,45.08864931812651,1225.71000000000004 	5.42378251426957,45.08864955065313,1225.98000000000002 
</coordinates></LineString>
<LineString><coordinates>
	5.42375413998431,45.08864931812651,1225.71000000000004 	5.42379594413252,45.08864927305417,1228.07999999999993 
</coordinates></LineString>
<LineString><coordinates>
	5.42375413998431,45.08864931812651,1225.71000000000004 	5.42379018912694,45.08864817021435,1230.42000000000007 
</coordinates></LineString>
<LineString><coordinates>
	5.42375413998431,45.08864931812651,1225.71000000000004 	5.42376246085062,45.08865230089986,1229.92000000000007 
</coordinates></LineString>
<LineString><coordinates>
	5.42375413998431,45.08864931812651,1225.71000000000004 	5.42374179915141,45.08865437613903,1230.11999999999989 
</coordinates></LineString>
<LineString><coordinates>
	5.42375413998431,45.08864931812651,1225.71000000000004 	5.42373269679545,45.08865298184451,1229.00000000000000 
</coordinates></LineString>
<LineString><coordinates>
	5.42375413998431,45.08864931812651,1225.71000000000004 	5.42371974428207,45.08865133345360,1228.32999999999993 
</coordinates></LineString>
<LineString><coordinates>
	5.42375413998431,45.08864931812651,1225.71000000000004 	5.42371672039002,45.08865236833880,1227.02999999999997 
</coordinates></LineString>
<LineString><coordinates>
	5.42375413998431,45.08864931812651,1225.71000000000004 	5.42366229294953,45.08880234198860,1231.17000000000007 
</coordinates></LineString>
<LineString><coordinates>
	5.42375413998431,45.08864931812651,1225.71000000000004 	5.42369535693430,45.08880420665476,1231.42000000000007 
</coordinates></LineString>
<LineString><coordinates>
	5.42375413998431,45.08864931812651,1225.71000000000004 	5.42375169197243,45.08878642745626,1230.79999999999995 
</coordinates></LineString>
<LineString><coordinates>
	5.42375413998431,45.08864931812651,1225.71000000000004 	5.42378033228530,45.08875927273304,1229.92000000000007 
</coordinates></LineString>
<LineString><coordinates>
	5.42375413998431,45.08864931812651,1225.71000000000004 	5.42378922986301,45.08871035847381,1228.40000000000009 
</coordinates></LineString>
<LineString><coordinates>
	5.42375413998431,45.08864931812651,1225.71000000000004 	5.42379340667431,45.08868106022159,1228.03999999999996 
</coordinates></LineString>
<LineString><coordinates>
	5.42375413998431,45.08864931812651,1225.71000000000004 	5.42379570818040,45.08866999624767,1228.17000000000007 
</coordinates></LineString>
<LineString><coordinates>
	5.42375413998431,45.08864931812651,1225.71000000000004 	5.42380053781592,45.08865712399833,1228.25000000000000 
</coordinates></LineString>
<LineString><coordinates>
	5.42375413998431,45.08864931812651,1225.71000000000004 	5.42380376288264,45.08861367256757,1228.54999999999995 
</coordinates></LineString>
<LineString><coordinates>
	5.42375413998431,45.08864931812651,1225.71000000000004 	5.42380662720528,45.08858924313417,1229.24000000000001 
</coordinates></LineString>
<LineString><coordinates>
	5.42375413998431,45.08864931812651,1225.71000000000004 	5.42378085155046,45.08857909488500,1229.35999999999990 
</coordinates></LineString>
<LineString><coordinates>
	5.42375413998431,45.08864931812651,1225.71000000000004 	5.42375923207748,45.08851633353616,1231.15000000000009 
</coordinates></LineString>
<LineString><coordinates>
	5.42375413998431,45.08864931812651,1225.71000000000004 	5.42369298043902,45.08847228239175,1230.36999999999989 
</coordinates></LineString>
<LineString><coordinates>
	5.42375413998431,45.08864931812651,1225.71000000000004 	5.42364790516267,45.08849057537974,1229.74000000000001 
</coordinates></LineString>
<LineString><coordinates>
	5.42375413998431,45.08864931812651,1225.71000000000004 	5.42368853129930,45.08857785172427,1228.07999999999993 
</coordinates></LineString>
<LineString><coordinates>
	5.42375413998431,45.08864931812651,1225.71000000000004 	5.42372479125829,45.08862791217939,1226.86999999999989 
</coordinates></LineString>
<LineString><coordinates>
	5.42375413998431,45.08864931812651,1225.71000000000004 	5.42373639628517,45.08862560957507,1226.94000000000005 
</coordinates></LineString>
<LineString><coordinates>
	5.42375413998431,45.08864931812651,1225.71000000000004 	5.42375499352941,45.08864907466185,1225.22000000000003 
</coordinates></LineString>
<LineString><coordinates>
	5.42375413998431,45.08864931812651,1225.71000000000004 	5.42375477554082,45.08864846068531,1224.89000000000010 
</coordinates></LineString>
<LineString><coordinates>
	5.42375413998431,45.08864931812651,1225.71000000000004 	5.42375614507700,45.08864826890892,1224.89000000000010 
</coordinates></LineString>
<LineString><coordinates>
	5.42375413998431,45.08864931812651,1225.71000000000004 	5.42372941892042,45.08855959977308,1224.79999999999995 	5.42375738835256,45.08853735623020,1226.90000000000009 
</coordinates></LineString>
<LineString><coordinates>
	5.42372941892042,45.08855959977308,1224.79999999999995 	5.42376817073923,45.08852692250153,1230.22000000000003 
</coordinates></LineString>
<LineString><coordinates>
	5.42372941892042,45.08855959977308,1224.79999999999995 	5.42376856443080,45.08853301492568,1234.56999999999994 
</coordinates></LineString>
<LineString><coordinates>
	5.42372941892042,45.08855959977308,1224.79999999999995 	5.42374803229898,45.08856514876258,1234.52999999999997 
</coordinates></LineString>
<LineString><coordinates>
	5.42372941892042,45.08855959977308,1224.79999999999995 	5.42372624702607,45.08857766030769,1229.17000000000007 
</coordinates></LineString>
<LineString><coordinates>
	5.42372941892042,45.08855959977308,1224.79999999999995 	5.42369748223075,45.08859024027625,1228.00999999999999 
</coordinates></LineString>
<LineString><coordinates>
	5.42372941892042,45.08855959977308,1224.79999999999995 	5.42369202275276,45.08858083320984,1225.65000000000009 
</coordinates></LineString>
<LineString><coordinates>
	5.42372941892042,45.08855959977308,1224.79999999999995 	5.42373403716509,45.08870752720550,1231.56999999999994 
</coordinates></LineString>
<LineString><coordinates>
	5.42372941892042,45.08855959977308,1224.79999999999995 	5.42377045050300,45.08869338869575,1231.22000000000003 
</coordinates></LineString>
<LineString><coordinates>
	5.42372941892042,45.08855959977308,1224.79999999999995 	5.42379848362680,45.08865097489470,1230.86999999999989 
</coordinates></LineString>
<LineString><coordinates>
	5.42372941892042,45.08855959977308,1224.79999999999995 	5.42380366445833,45.08861214946164,1230.34999999999991 
</coordinates></LineString>
<LineString><coordinates>
	5.42372941892042,45.08855959977308,1224.79999999999995 	5.42378729666004,45.08857627539410,1227.89000000000010 
</coordinates></LineString>
<LineString><coordinates>
	5.42372941892042,45.08855959977308,1224.79999999999995 	5.42378726371685,45.08855116097270,1228.45000000000005 
</coordinates></LineString>
<LineString><coordinates>
	5.42372941892042,45.08855959977308,1224.79999999999995 	5.42372339147008,45.08851116422178,1227.89000000000010 
</coordinates></LineString>
<LineString><coordinates>
	5.42372941892042,45.08855959977308,1224.79999999999995 	5.42365887880429,45.08845654100251,1232.00999999999999 
</coordinates></LineString>
<LineString><coordinates>
	5.42372941892042,45.08855959977308,1224.79999999999995 	5.42366126229096,45.08847778977884,1230.36999999999989 
</coordinates></LineString>
<LineString><coordinates>
	5.42372941892042,45.08855959977308,1224.79999999999995 	5.42360774384636,45.08849914070579,1229.43000000000006 
</coordinates></LineString>
<LineString><coordinates>
	5.42372941892042,45.08855959977308,1224.79999999999995 	5.42360813019223,45.08851891741821,1229.50000000000000 
</coordinates></LineString>
<LineString><coordinates>
	5.42372941892042,45.08855959977308,1224.79999999999995 	5.42359395291540,45.08853131382274,1228.93000000000006 
</coordinates></LineString>
<LineString><coordinates>
	5.42372941892042,45.08855959977308,1224.79999999999995 	5.42360740390379,45.08852860401216,1229.41000000000008 
</coordinates></LineString>
<LineString><coordinates>
	5.42372941892042,45.08855959977308,1224.79999999999995 	5.42372847309027,45.08855921992163,1230.44000000000005 
</coordinates></LineString>
<LineString><coordinates>
	5.42372941892042,45.08855959977308,1224.79999999999995 	5.42372983557655,45.08855983889093,1224.35999999999990 
</coordinates></LineString>
<LineString><coordinates>
	5.42372941892042,45.08855959977308,1224.79999999999995 	5.42365755792472,45.08852658826646,1223.25999999999999 	5.42366028251233,45.08850378966218,1223.31999999999994 
</coordinates></LineString>
<LineString><coordinates>
	5.42365755792472,45.08852658826646,1223.25999999999999 	5.42347306169059,45.08841606140641,1222.39000000000010 
</coordinates></LineString>
<LineString><coordinates>
	5.42365755792472,45.08852658826646,1223.25999999999999 	5.42354439793831,45.08851419981502,1222.58999999999992 
</coordinates></LineString>
<LineString><coordinates>
	5.42365755792472,45.08852658826646,1223.25999999999999 	5.42356864063380,45.08855777111841,1223.01999999999998 
</coordinates></LineString>
<LineString><coordinates>
	5.42365755792472,45.08852658826646,1223.25999999999999 	5.42361555500540,45.08857679176789,1223.29999999999995 
</coordinates></LineString>
<LineString><coordinates>
	5.42365755792472,45.08852658826646,1223.25999999999999 	5.42365640127357,45.08856169377746,1223.49000000000001 
</coordinates></LineString>
<LineString><coordinates>
	5.42365755792472,45.08852658826646,1223.25999999999999 	5.42372365895230,45.08854301306401,1223.91000000000008 
</coordinates></LineString>
<LineString><coordinates>
	5.42365755792472,45.08852658826646,1223.25999999999999 	5.42372747345099,45.08852328434335,1224.09999999999991 
</coordinates></LineString>
<LineString><coordinates>
	5.42365755792472,45.08852658826646,1223.25999999999999 	5.42371448689334,45.08851110560090,1224.31999999999994 
</coordinates></LineString>
<LineString><coordinates>
	5.42365755792472,45.08852658826646,1223.25999999999999 	5.42366118593302,45.08847212390097,1228.02999999999997 
</coordinates></LineString>
<LineString><coordinates>
	5.42365755792472,45.08852658826646,1223.25999999999999 	5.42364538225333,45.08849499397771,1230.04999999999995 
</coordinates></LineString>
<LineString><coordinates>
	5.42365755792472,45.08852658826646,1223.25999999999999 	5.42363592772818,45.08852126339784,1230.51999999999998 
</coordinates></LineString>
<LineString><coordinates>
	5.42365755792472,45.08852658826646,1223.25999999999999 	5.42362561965159,45.08854777628147,1230.28999999999996 
</coordinates></LineString>
<LineString><coordinates>
	5.42365755792472,45.08852658826646,1223.25999999999999 	5.42362333898864,45.08856928155887,1228.27999999999997 
</coordinates></LineString>
<LineString><coordinates>
	5.42365755792472,45.08852658826646,1223.25999999999999 	5.42363165553288,45.08856794348124,1225.36999999999989 
</coordinates></LineString>
<LineString><coordinates>
	5.42365755792472,45.08852658826646,1223.25999999999999 	5.42363206513941,45.08856899334480,1223.71000000000004 
</coordinates></LineString>
<LineString><coordinates>
	5.42365755792472,45.08852658826646,1223.25999999999999 	5.42364647869664,45.08852300019784,1231.00999999999999 
</coordinates></LineString>
<LineString><coordinates>
	5.42365755792472,45.08852658826646,1223.25999999999999 	5.42365802822922,45.08852547302946,1222.25999999999999 
</coordinates></LineString>
<LineString><coordinates>
	5.42365755792472,45.08852658826646,1223.25999999999999 	5.42360325364029,45.08854520681270,1222.60999999999990 	5.42363377816266,45.08849558603524,1222.86999999999989 
</coordinates></LineString>
<LineString><coordinates>
	5.42360325364029,45.08854520681270,1222.60999999999990 	5.42362269410990,45.08838982038223,1222.67000000000007 
</coordinates></LineString>
<LineString><coordinates>
	5.42360325364029,45.08854520681270,1222.60999999999990 	5.42356017972355,45.08833495862032,1221.70000000000005 
</coordinates></LineString>
<LineString><coordinates>
	5.42360325364029,45.08854520681270,1222.60999999999990 	5.42354347535506,45.08845818302110,1222.00999999999999 
</coordinates></LineString>
<LineString><coordinates>
	5.42360325364029,45.08854520681270,1222.60999999999990 	5.42354440711772,45.08849709445558,1222.04999999999995 
</coordinates></LineString>
<LineString><coordinates>
	5.42360325364029,45.08854520681270,1222.60999999999990 	5.42354093686701,45.08852859081903,1222.43000000000006 
</coordinates></LineString>
<LineString><coordinates>
	5.42360325364029,45.08854520681270,1222.60999999999990 	5.42359487950355,45.08856761492794,1222.92000000000007 
</coordinates></LineString>
<LineString><coordinates>
	5.42360325364029,45.08854520681270,1222.60999999999990 	5.42362069650711,45.08857460928618,1222.75000000000000 
</coordinates></LineString>
<LineString><coordinates>
	5.42360325364029,45.08854520681270,1222.60999999999990 	5.42363921173217,45.08856576164700,1222.85999999999990 
</coordinates></LineString>
<LineString><coordinates>
	5.42360325364029,45.08854520681270,1222.60999999999990 	5.42365988319760,45.08855774407629,1223.03999999999996 
</coordinates></LineString>
<LineString><coordinates>
	5.42360325364029,45.08854520681270,1222.60999999999990 	5.42367317441838,45.08854451324735,1223.06999999999994 
</coordinates></LineString>
<LineString><coordinates>
	5.42360325364029,45.08854520681270,1222.60999999999990 	5.42369274757603,45.08851191052461,1223.32999999999993 
</coordinates></LineString>
<LineString><coordinates>
	5.42360325364029,45.08854520681270,1222.60999999999990 	5.42366590475078,45.08850571259423,1223.26999999999998 
</coordinates></LineString>
<LineString><coordinates>
	5.42360325364029,45.08854520681270,1222.60999999999990 	5.42364355468418,45.08849810057028,1223.05999999999995 
</coordinates></LineString>
<LineString><coordinates>
	5.42360325364029,45.08854520681270,1222.60999999999990 	5.42362990439469,45.08849002223821,1223.00000000000000 
</coordinates></LineString>
<LineString><coordinates>
	5.42360325364029,45.08854520681270,1222.60999999999990 	5.42363956134780,45.08849344590318,1223.41000000000008 
</coordinates></LineString>
<LineString><coordinates>
	5.42360325364029,45.08854520681270,1222.60999999999990 	5.42364222771805,45.08848055433275,1226.26999999999998 
</coordinates></LineString>
<LineString><coordinates>
	5.42360325364029,45.08854520681270,1222.60999999999990 	5.42363656996331,45.08849555866644,1228.00000000000000 
</coordinates></LineString>
<LineString><coordinates>
	5.42360325364029,45.08854520681270,1222.60999999999990 	5.42363864710553,45.08849585446731,1229.02999999999997 
</coordinates></LineString>
<LineString><coordinates>
	5.42360325364029,45.08854520681270,1222.60999999999990 	5.42364566195918,45.08852864240416,1230.56999999999994 
</coordinates></LineString>
<LineString><coordinates>
	5.42360325364029,45.08854520681270,1222.60999999999990 	5.42364785721882,45.08855548669190,1228.22000000000003 
</coordinates></LineString>
<LineString><coordinates>
	5.42360325364029,45.08854520681270,1222.60999999999990 	5.42362342669744,45.08857845755372,1224.65000000000009 
</coordinates></LineString>
<LineString><coordinates>
	5.42360325364029,45.08854520681270,1222.60999999999990 	5.42361199306010,45.08858191773294,1223.75999999999999 
</coordinates></LineString>
<LineString><coordinates>
	5.42360325364029,45.08854520681270,1222.60999999999990 	5.42360831603859,45.08854249006086,1230.46000000000004 
</coordinates></LineString>
<LineString><coordinates>
	5.42360325364029,45.08854520681270,1222.60999999999990 	5.42360414673533,45.08854523048466,1221.60999999999990 
</coordinates></LineString>
<LineString><coordinates>
	5.42360325364029,45.08854520681270,1222.60999999999990 	5.42360140428071,45.08853958263549,1222.44000000000005 
</coordinates></LineString>
<LineString><coordinates>
	5.42360325364029,45.08854520681270,1222.60999999999990 	5.42359465276721,45.08848453905028,1220.78999999999996 	5.42362165835774,45.08848325286172,1220.89000000000010 
</coordinates></LineString>
<LineString><coordinates>
	5.42359465276721,45.08848453905028,1220.78999999999996 	5.42362056046095,45.08848270425797,1222.53999999999996 
</coordinates></LineString>
<LineString><coordinates>
	5.42359465276721,45.08848453905028,1220.78999999999996 	5.42361788117884,45.08848263324216,1224.22000000000003 
</coordinates></LineString>
<LineString><coordinates>
	5.42359465276721,45.08848453905028,1220.78999999999996 	5.42360835944928,45.08848613142446,1225.92000000000007 
</coordinates></LineString>
<LineString><coordinates>
	5.42359465276721,45.08848453905028,1220.78999999999996 	5.42358980102598,45.08850155406497,1227.99000000000001 
</coordinates></LineString>
<LineString><coordinates>
	5.42359465276721,45.08848453905028,1220.78999999999996 	5.42356119535048,45.08851349200411,1226.24000000000001 
</coordinates></LineString>
<LineString><coordinates>
	5.42359465276721,45.08848453905028,1220.78999999999996 	5.42354092827341,45.08851994909413,1224.32999999999993 
</coordinates></LineString>
<LineString><coordinates>
	5.42359465276721,45.08848453905028,1220.78999999999996 	5.42354936100255,45.08851167049510,1221.84999999999991 
</coordinates></LineString>
<LineString><coordinates>
	5.42359465276721,45.08848453905028,1220.78999999999996 	5.42362536769917,45.08844993824028,1220.56999999999994 
</coordinates></LineString>
<LineString><coordinates>
	5.42359465276721,45.08848453905028,1220.78999999999996 	5.42360410166774,45.08839471267219,1220.53999999999996 
</coordinates></LineString>
<LineString><coordinates>
	5.42359465276721,45.08848453905028,1220.78999999999996 	5.42355702136724,45.08845096492596,1220.84999999999991 
</coordinates></LineString>
<LineString><coordinates>
	5.42359465276721,45.08848453905028,1220.78999999999996 	5.42354767256509,45.08846507316031,1221.03999999999996 
</coordinates></LineString>
<LineString><coordinates>
	5.42359465276721,45.08848453905028,1220.78999999999996 	5.42357411447404,45.08855268316002,1221.79999999999995 
</coordinates></LineString>
<LineString><coordinates>
	5.42359465276721,45.08848453905028,1220.78999999999996 	5.42361955310567,45.08852311012875,1221.14000000000010 
</coordinates></LineString>
<LineString><coordinates>
	5.42359465276721,45.08848453905028,1220.78999999999996 	5.42362256866245,45.08850055998165,1221.05999999999995 
</coordinates></LineString>
<LineString><coordinates>
	5.42359465276721,45.08848453905028,1220.78999999999996 	5.42361465129712,45.08849772726906,1221.35999999999990 
</coordinates></LineString>
<LineString><coordinates>
	5.42359465276721,45.08848453905028,1220.78999999999996 	5.42358531898753,45.08849531526092,1228.42000000000007 
</coordinates></LineString>
<LineString><coordinates>
	5.42359465276721,45.08848453905028,1220.78999999999996 	5.42359343530258,45.08848489957574,1220.05999999999995 
</coordinates></LineString>
<LineString><coordinates>
	5.42359465276721,45.08848453905028,1220.78999999999996 	5.42356432973686,45.08836813945289,1219.81999999999994 	5.42359395843496,45.08836053671382,1220.09999999999991 
</coordinates></LineString>
<LineString><coordinates>
	5.42356432973686,45.08836813945289,1219.81999999999994 	5.42358209591739,45.08836195818740,1221.74000000000001 
</coordinates></LineString>
<LineString><coordinates>
	5.42356432973686,45.08836813945289,1219.81999999999994 	5.42357238350377,45.08836330994266,1222.36999999999989 
</coordinates></LineString>
<LineString><coordinates>
	5.42356432973686,45.08836813945289,1219.81999999999994 	5.42356009911624,45.08836188196899,1222.99000000000001 
</coordinates></LineString>
<LineString><coordinates>
	5.42356432973686,45.08836813945289,1219.81999999999994 	5.42353276245841,45.08835148953924,1225.17000000000007 
</coordinates></LineString>
<LineString><coordinates>
	5.42356432973686,45.08836813945289,1219.81999999999994 	5.42350180653322,45.08835441956281,1223.72000000000003 
</coordinates></LineString>
<LineString><coordinates>
	5.42356432973686,45.08836813945289,1219.81999999999994 	5.42348486138875,45.08835927947278,1222.29999999999995 
</coordinates></LineString>
<LineString><coordinates>
	5.42356432973686,45.08836813945289,1219.81999999999994 	5.42347607640338,45.08835831170187,1221.19000000000005 
</coordinates></LineString>
<LineString><coordinates>
	5.42356432973686,45.08836813945289,1219.81999999999994 	5.42356581938564,45.08830438137686,1223.07999999999993 
</coordinates></LineString>
<LineString><coordinates>
	5.42356432973686,45.08836813945289,1219.81999999999994 	5.42353643781918,45.08830764456639,1222.98000000000002 
</coordinates></LineString>
<LineString><coordinates>
	5.42356432973686,45.08836813945289,1219.81999999999994 	5.42351467619213,45.08832546576524,1222.48000000000002 
</coordinates></LineString>
<LineString><coordinates>
	5.42356432973686,45.08836813945289,1219.81999999999994 	5.42349798061956,45.08833372807077,1222.28999999999996 
</coordinates></LineString>
<LineString><coordinates>
	5.42356432973686,45.08836813945289,1219.81999999999994 	5.42349121788997,45.08834899453908,1221.99000000000001 
</coordinates></LineString>
<LineString><coordinates>
	5.42356432973686,45.08836813945289,1219.81999999999994 	5.42347769396717,45.08835206985271,1221.25000000000000 
</coordinates></LineString>
<LineString><coordinates>
	5.42356432973686,45.08836813945289,1219.81999999999994 	5.42348758235547,45.08838023310565,1220.51999999999998 
</coordinates></LineString>
<LineString><coordinates>
	5.42356432973686,45.08836813945289,1219.81999999999994 	5.42353601755309,45.08842497786399,1220.05999999999995 
</coordinates></LineString>
<LineString><coordinates>
	5.42356432973686,45.08836813945289,1219.81999999999994 	5.42354842277092,45.08844782272215,1219.91000000000008 
</coordinates></LineString>
<LineString><coordinates>
	5.42356432973686,45.08836813945289,1219.81999999999994 	5.42356694473119,45.08845103789339,1220.00999999999999 
</coordinates></LineString>
<LineString><coordinates>
	5.42356432973686,45.08836813945289,1219.81999999999994 	5.42360194831738,45.08846257116760,1219.95000000000005 
</coordinates></LineString>
<LineString><coordinates>
	5.42356432973686,45.08836813945289,1219.81999999999994 	5.42363721247269,45.08845698039448,1220.31999999999994 
</coordinates></LineString>
<LineString><coordinates>
	5.42356432973686,45.08836813945289,1219.81999999999994 	5.42363845685053,45.08843105087767,1220.47000000000003 
</coordinates></LineString>
<LineString><coordinates>
	5.42356432973686,45.08836813945289,1219.81999999999994 	5.42356799927144,45.08834743123778,1219.75999999999999 
</coordinates></LineString>
<LineString><coordinates>
	5.42356432973686,45.08836813945289,1219.81999999999994 	5.42354930012696,45.08832928514457,1219.92000000000007 
</coordinates></LineString>
<LineString><coordinates>
	5.42356432973686,45.08836813945289,1219.81999999999994 	5.42348752567052,45.08828886233293,1220.63000000000011 
</coordinates></LineString>
<LineString><coordinates>
	5.42356432973686,45.08836813945289,1219.81999999999994 	5.42347458853707,45.08834482852451,1220.25000000000000 
</coordinates></LineString>
<LineString><coordinates>
	5.42356432973686,45.08836813945289,1219.81999999999994 	5.42348957978270,45.08836883163159,1220.11999999999989 
</coordinates></LineString>
<LineString><coordinates>
	5.42356432973686,45.08836813945289,1219.81999999999994 	5.42356617662354,45.08836602169727,1222.97000000000003 
</coordinates></LineString>
<LineString><coordinates>
	5.42356432973686,45.08836813945289,1219.81999999999994 	5.42356354211178,45.08836882814167,1218.43000000000006 
</coordinates></LineString>
<LineString><coordinates>
	5.42356432973686,45.08836813945289,1219.81999999999994 	5.42350828843577,45.08824626855589,1219.19000000000005 	5.42354986051396,45.08823435756757,1218.96000000000004 
</coordinates></LineString>
<LineString><coordinates>
	5.42350828843577,45.08824626855589,1219.19000000000005 	5.42353390844249,45.08821330664096,1218.74000000000001 
</coordinates></LineString>
<LineString><coordinates>
	5.42350828843577,45.08824626855589,1219.19000000000005 	5.42352163359620,45.08818189975837,1218.55999999999995 
</coordinates></LineString>
<LineString><coordinates>
	5.42350828843577,45.08824626855589,1219.19000000000005 	5.42351091105325,45.08808114862153,1217.31999999999994 
</coordinates></LineString>
<LineString><coordinates>
	5.42350828843577,45.08824626855589,1219.19000000000005 	5.42344827272299,45.08818338895501,1218.75000000000000 
</coordinates></LineString>
<LineString><coordinates>
	5.42350828843577,45.08824626855589,1219.19000000000005 	5.42345601432110,45.08821765332723,1219.18000000000006 
</coordinates></LineString>
<LineString><coordinates>
	5.42350828843577,45.08824626855589,1219.19000000000005 	5.42346014710541,45.08823355071706,1219.25999999999999 
</coordinates></LineString>
<LineString><coordinates>
	5.42350828843577,45.08824626855589,1219.19000000000005 	5.42348619876667,45.08827131608976,1219.61999999999989 
</coordinates></LineString>
<LineString><coordinates>
	5.42350828843577,45.08824626855589,1219.19000000000005 	5.42348684167013,45.08829368445466,1218.93000000000006 
</coordinates></LineString>
<LineString><coordinates>
	5.42350828843577,45.08824626855589,1219.19000000000005 	5.42346933090121,45.08828013133897,1218.74000000000001 
</coordinates></LineString>
<LineString><coordinates>
	5.42350828843577,45.08824626855589,1219.19000000000005 	5.42358348838467,45.08831900301724,1219.23000000000002 
</coordinates></LineString>
<LineString><coordinates>
	5.42350828843577,45.08824626855589,1219.19000000000005 	5.42355048198738,45.08827203170846,1219.10999999999990 
</coordinates></LineString>
<LineString><coordinates>
	5.42350828843577,45.08824626855589,1219.19000000000005 	5.42354195147610,45.08825304011395,1219.05999999999995 
</coordinates></LineString>
<LineString><coordinates>
	5.42350828843577,45.08824626855589,1219.19000000000005 	5.42350674047379,45.08824611348680,1220.48000000000002 
</coordinates></LineString>
<LineString><coordinates>
	5.42350828843577,45.08824626855589,1219.19000000000005 	5.42350869190533,45.08824641862963,1218.08999999999992 
</coordinates></LineString>
<LineString><coordinates>
	5.42350828843577,45.08824626855589,1219.19000000000005 	5.42357689122271,45.08832165374377,1219.25999999999999 
</coordinates></LineString>
<LineString><coordinates>
	5.42350828843577,45.08824626855589,1219.19000000000005 	5.42350304331097,45.08839195796666,1219.45000000000005 
</coordinates></LineString>
<LineString><coordinates>
	5.42350828843577,45.08824626855589,1219.19000000000005 	5.42360485370682,45.08853455505509,1221.68000000000006 
</coordinates></LineString>
<LineString><coordinates>
	5.42350828843577,45.08824626855589,1219.19000000000005 	5.42348061314800,45.08814002506009,1218.69000000000005 	5.42352459094753,45.08813234655640,1218.82999999999993 
</coordinates></LineString>
<LineString><coordinates>
	5.42348061314800,45.08814002506009,1218.69000000000005 	5.42352714881215,45.08809983768590,1218.55999999999995 
</coordinates></LineString>
<LineString><coordinates>
	5.42348061314800,45.08814002506009,1218.69000000000005 	5.42351489576597,45.08807716157090,1218.03999999999996 
</coordinates></LineString>
<LineString><coordinates>
	5.42348061314800,45.08814002506009,1218.69000000000005 	5.42347648875500,45.08803491265924,1217.81999999999994 
</coordinates></LineString>
<LineString><coordinates>
	5.42348061314800,45.08814002506009,1218.69000000000005 	5.42343752611993,45.08806616509525,1218.19000000000005 
</coordinates></LineString>
<LineString><coordinates>
	5.42348061314800,45.08814002506009,1218.69000000000005 	5.42343416337294,45.08811898929840,1218.03999999999996 
</coordinates></LineString>
<LineString><coordinates>
	5.42348061314800,45.08814002506009,1218.69000000000005 	5.42347535395016,45.08813969559021,1218.64000000000010 
</coordinates></LineString>
<LineString><coordinates>
	5.42348061314800,45.08814002506009,1218.69000000000005 	5.42344813416444,45.08817043570494,1218.80999999999995 
</coordinates></LineString>
<LineString><coordinates>
	5.42348061314800,45.08814002506009,1218.69000000000005 	5.42345077046705,45.08820111828599,1218.91000000000008 
</coordinates></LineString>
<LineString><coordinates>
	5.42348061314800,45.08814002506009,1218.69000000000005 	5.42347273035765,45.08826961597389,1219.45000000000005 
</coordinates></LineString>
<LineString><coordinates>
	5.42348061314800,45.08814002506009,1218.69000000000005 	5.42349294768359,45.08828170766309,1219.46000000000004 
</coordinates></LineString>
<LineString><coordinates>
	5.42348061314800,45.08814002506009,1218.69000000000005 	5.42357835549794,45.08832982722012,1219.11999999999989 
</coordinates></LineString>
<LineString><coordinates>
	5.42348061314800,45.08814002506009,1218.69000000000005 	5.42355364594535,45.08821958236739,1219.00000000000000 
</coordinates></LineString>
<LineString><coordinates>
	5.42348061314800,45.08814002506009,1218.69000000000005 	5.42353704728220,45.08818300522172,1218.75999999999999 
</coordinates></LineString>
<LineString><coordinates>
	5.42348061314800,45.08814002506009,1218.69000000000005 	5.42353653681306,45.08817269031641,1218.80999999999995 
</coordinates></LineString>
<LineString><coordinates>
	5.42348061314800,45.08814002506009,1218.69000000000005 	5.42350576219887,45.08813392547555,1220.04999999999995 
</coordinates></LineString>
<LineString><coordinates>
	5.42348061314800,45.08814002506009,1218.69000000000005 	5.42348903786467,45.08813426775055,1220.67000000000007 
</coordinates></LineString>
<LineString><coordinates>
	5.42348061314800,45.08814002506009,1218.69000000000005 	5.42347391606476,45.08813170020146,1220.88000000000011 
</coordinates></LineString>
<LineString><coordinates>
	5.42348061314800,45.08814002506009,1218.69000000000005 	5.42346452805568,45.08813266774760,1219.93000000000006 
</coordinates></LineString>
<LineString><coordinates>
	5.42348061314800,45.08814002506009,1218.69000000000005 	5.42345641728984,45.08813282020478,1219.39000000000010 
</coordinates></LineString>
<LineString><coordinates>
	5.42348061314800,45.08814002506009,1218.69000000000005 	5.42348005148132,45.08813880644401,1221.44000000000005 
</coordinates></LineString>
<LineString><coordinates>
	5.42348061314800,45.08814002506009,1218.69000000000005 	5.42348157920485,45.08813968321396,1217.46000000000004 
</coordinates></LineString>
<LineString><coordinates>
	5.42348061314800,45.08814002506009,1218.69000000000005 	5.42348841219637,45.08805536265065,1217.07999999999993 	5.42354664468940,45.08798945947056,1216.63000000000011 
</coordinates></LineString>
<LineString><coordinates>
	5.42348841219637,45.08805536265065,1217.07999999999993 	5.42353225478011,45.08793003202623,1216.60999999999990 
</coordinates></LineString>
<LineString><coordinates>
	5.42348841219637,45.08805536265065,1217.07999999999993 	5.42345384492047,45.08800814718199,1217.00999999999999 
</coordinates></LineString>
<LineString><coordinates>
	5.42348841219637,45.08805536265065,1217.07999999999993 	5.42344551401293,45.08802398027552,1216.96000000000004 
</coordinates></LineString>
<LineString><coordinates>
	5.42348841219637,45.08805536265065,1217.07999999999993 	5.42342053511998,45.08804582151141,1217.00000000000000 
</coordinates></LineString>
<LineString><coordinates>
	5.42348841219637,45.08805536265065,1217.07999999999993 	5.42342130267931,45.08810680117225,1217.96000000000004 
</coordinates></LineString>
<LineString><coordinates>
	5.42348841219637,45.08805536265065,1217.07999999999993 	5.42345021655714,45.08813643174223,1218.15000000000009 
</coordinates></LineString>
<LineString><coordinates>
	5.42348841219637,45.08805536265065,1217.07999999999993 	5.42345455467830,45.08820092716714,1219.46000000000004 
</coordinates></LineString>
<LineString><coordinates>
	5.42348841219637,45.08805536265065,1217.07999999999993 	5.42352627871047,45.08813087079581,1217.68000000000006 
</coordinates></LineString>
<LineString><coordinates>
	5.42348841219637,45.08805536265065,1217.07999999999993 	5.42345577202628,45.08806579980910,1222.21000000000004 
</coordinates></LineString>
<LineString><coordinates>
	5.42348841219637,45.08805536265065,1217.07999999999993 	5.42348066259514,45.08806052965534,1221.92000000000007 
</coordinates></LineString>
<LineString><coordinates>
	5.42348841219637,45.08805536265065,1217.07999999999993 	5.42350435593746,45.08805489832009,1220.50999999999999 
</coordinates></LineString>
<LineString><coordinates>
	5.42348841219637,45.08805536265065,1217.07999999999993 	5.42351649432108,45.08805705734380,1219.43000000000006 
</coordinates></LineString>
<LineString><coordinates>
	5.42348841219637,45.08805536265065,1217.07999999999993 	5.42348311958776,45.08805566583567,1221.11999999999989 
</coordinates></LineString>
<LineString><coordinates>
	5.42348841219637,45.08805536265065,1217.07999999999993 	5.42348425794565,45.08805477104091,1216.25000000000000 
</coordinates></LineString>
<LineString><coordinates>
	5.42348841219637,45.08805536265065,1217.07999999999993 	5.42354901493425,45.08789988893840,1215.81999999999994 
</coordinates></LineString>
<LineString><coordinates>
	5.42348841219637,45.08805536265065,1217.07999999999993 	5.42354474265451,45.08790965892968,1215.93000000000006 	5.42355288067397,45.08790797402292,1215.95000000000005 
</coordinates></LineString>
<LineString><coordinates>
	5.42354474265451,45.08790965892968,1215.93000000000006 	5.42354445109651,45.08789824746577,1215.97000000000003 
</coordinates></LineString>
<LineString><coordinates>
	5.42354474265451,45.08790965892968,1215.93000000000006 	5.42351880154930,45.08785117970050,1216.17000000000007 
</coordinates></LineString>
<LineString><coordinates>
	5.42354474265451,45.08790965892968,1215.93000000000006 	5.42347721299346,45.08779602356991,1216.26999999999998 
</coordinates></LineString>
<LineString><coordinates>
	5.42354474265451,45.08790965892968,1215.93000000000006 	5.42344941203583,45.08783742976416,1216.38000000000011 
</coordinates></LineString>
<LineString><coordinates>
	5.42354474265451,45.08790965892968,1215.93000000000006 	5.42345357878323,45.08786385750861,1216.54999999999995 
</coordinates></LineString>
<LineString><coordinates>
	5.42354474265451,45.08790965892968,1215.93000000000006 	5.42347975164994,45.08789729269369,1216.34999999999991 
</coordinates></LineString>
<LineString><coordinates>
	5.42354474265451,45.08790965892968,1215.93000000000006 	5.42348277518234,45.08790913136050,1216.43000000000006 
</coordinates></LineString>
<LineString><coordinates>
	5.42354474265451,45.08790965892968,1215.93000000000006 	5.42347925096191,45.08791794552682,1216.51999999999998 
</coordinates></LineString>
<LineString><coordinates>
	5.42354474265451,45.08790965892968,1215.93000000000006 	5.42346525155989,45.08795643583491,1216.45000000000005 
</coordinates></LineString>
<LineString><coordinates>
	5.42354474265451,45.08790965892968,1215.93000000000006 	5.42345047328611,45.08806520320199,1217.42000000000007 
</coordinates></LineString>
<LineString><coordinates>
	5.42354474265451,45.08790965892968,1215.93000000000006 	5.42351839793068,45.08803558008383,1217.32999999999993 
</coordinates></LineString>
<LineString><coordinates>
	5.42354474265451,45.08790965892968,1215.93000000000006 	5.42354173531138,45.08802754452214,1216.54999999999995 
</coordinates></LineString>
<LineString><coordinates>
	5.42354474265451,45.08790965892968,1215.93000000000006 	5.42354965506634,45.08796429899907,1216.05999999999995 
</coordinates></LineString>
<LineString><coordinates>
	5.42354474265451,45.08790965892968,1215.93000000000006 	5.42355248853998,45.08794824415601,1215.97000000000003 
</coordinates></LineString>
<LineString><coordinates>
	5.42354474265451,45.08790965892968,1215.93000000000006 	5.42354851274210,45.08791108929989,1216.53999999999996 
</coordinates></LineString>
<LineString><coordinates>
	5.42354474265451,45.08790965892968,1215.93000000000006 	5.42353414151992,45.08791530786536,1218.31999999999994 
</coordinates></LineString>
<LineString><coordinates>
	5.42354474265451,45.08790965892968,1215.93000000000006 	5.42352183607499,45.08791631211665,1218.00000000000000 
</coordinates></LineString>
<LineString><coordinates>
	5.42354474265451,45.08790965892968,1215.93000000000006 	5.42350969680060,45.08791586362734,1217.54999999999995 
</coordinates></LineString>
<LineString><coordinates>
	5.42354474265451,45.08790965892968,1215.93000000000006 	5.42349847942067,45.08792335883531,1218.20000000000005 
</coordinates></LineString>
<LineString><coordinates>
	5.42354474265451,45.08790965892968,1215.93000000000006 	5.42348634198905,45.08791948927148,1217.40000000000009 
</coordinates></LineString>
<LineString><coordinates>
	5.42354474265451,45.08790965892968,1215.93000000000006 	5.42354157899216,45.08791232463717,1217.78999999999996 
</coordinates></LineString>
<LineString><coordinates>
	5.42354474265451,45.08790965892968,1215.93000000000006 	5.42354362453526,45.08790983202455,1214.74000000000001 
</coordinates></LineString>
<LineString><coordinates>
	5.42354474265451,45.08790965892968,1215.93000000000006 	5.42343827453282,45.08778280205408,1216.22000000000003 	5.42343973054189,45.08776946026492,1216.18000000000006 
</coordinates></LineString>
<LineString><coordinates>
	5.42343827453282,45.08778280205408,1216.22000000000003 	5.42341728424457,45.08775690399361,1216.20000000000005 
</coordinates></LineString>
<LineString><coordinates>
	5.42343827453282,45.08778280205408,1216.22000000000003 	5.42335090847865,45.08769998835900,1215.94000000000005 
</coordinates></LineString>
<LineString><coordinates>
	5.42343827453282,45.08778280205408,1216.22000000000003 	5.42333444570049,45.08771840612452,1216.08999999999992 
</coordinates></LineString>
<LineString><coordinates>
	5.42343827453282,45.08778280205408,1216.22000000000003 	5.42332434607870,45.08773860176709,1216.22000000000003 
</coordinates></LineString>
<LineString><coordinates>
	5.42343827453282,45.08778280205408,1216.22000000000003 	5.42332238816994,45.08775027037458,1215.95000000000005 
</coordinates></LineString>
<LineString><coordinates>
	5.42343827453282,45.08778280205408,1216.22000000000003 	5.42331276590247,45.08776854003563,1216.56999999999994 
</coordinates></LineString>
<LineString><coordinates>
	5.42343827453282,45.08778280205408,1216.22000000000003 	5.42333539770998,45.08784157908030,1216.08999999999992 
</coordinates></LineString>
<LineString><coordinates>
	5.42343827453282,45.08778280205408,1216.22000000000003 	5.42333839947756,45.08784468698106,1216.60999999999990 
</coordinates></LineString>
<LineString><coordinates>
	5.42343827453282,45.08778280205408,1216.22000000000003 	5.42345337860254,45.08785477989559,1216.00999999999999 
</coordinates></LineString>
<LineString><coordinates>
	5.42343827453282,45.08778280205408,1216.22000000000003 	5.42354557808073,45.08796766273399,1216.69000000000005 
</coordinates></LineString>
<LineString><coordinates>
	5.42343827453282,45.08778280205408,1216.22000000000003 	5.42356705905001,45.08795481373504,1216.78999999999996 
</coordinates></LineString>
<LineString><coordinates>
	5.42343827453282,45.08778280205408,1216.22000000000003 	5.42354269773770,45.08788640445818,1216.56999999999994 
</coordinates></LineString>
<LineString><coordinates>
	5.42343827453282,45.08778280205408,1216.22000000000003 	5.42352659619829,45.08783601661528,1216.00999999999999 
</coordinates></LineString>
<LineString><coordinates>
	5.42343827453282,45.08778280205408,1216.22000000000003 	5.42348989518587,45.08780786485192,1216.41000000000008 
</coordinates></LineString>
<LineString><coordinates>
	5.42343827453282,45.08778280205408,1216.22000000000003 	5.42345336315449,45.08777312872636,1219.14000000000010 
</coordinates></LineString>
<LineString><coordinates>
	5.42343827453282,45.08778280205408,1216.22000000000003 	5.42343854339661,45.08778719328483,1217.40000000000009 
</coordinates></LineString>
<LineString><coordinates>
	5.42343827453282,45.08778280205408,1216.22000000000003 	5.42342857840726,45.08780314777835,1219.21000000000004 
</coordinates></LineString>
<LineString><coordinates>
	5.42343827453282,45.08778280205408,1216.22000000000003 	5.42342051764549,45.08780878801892,1218.59999999999991 
</coordinates></LineString>
<LineString><coordinates>
	5.42343827453282,45.08778280205408,1216.22000000000003 	5.42339910931001,45.08783414501332,1218.48000000000002 
</coordinates></LineString>
<LineString><coordinates>
	5.42343827453282,45.08778280205408,1216.22000000000003 	5.42343746054732,45.08778331265107,1217.55999999999995 
</coordinates></LineString>
<LineString><coordinates>
	5.42343827453282,45.08778280205408,1216.22000000000003 	5.42343910875484,45.08778156975679,1214.47000000000003 
</coordinates></LineString>
<LineString><coordinates>
	5.42343827453282,45.08778280205408,1216.22000000000003 	5.42337361376231,45.08772287823192,1215.38000000000011 	5.42340057517943,45.08771700412333,1215.32999999999993 
</coordinates></LineString>
<LineString><coordinates>
	5.42337361376231,45.08772287823192,1215.38000000000011 	5.42338983831109,45.08770456818406,1215.48000000000002 
</coordinates></LineString>
<LineString><coordinates>
	5.42337361376231,45.08772287823192,1215.38000000000011 	5.42334594156191,45.08768532325689,1215.43000000000006 
</coordinates></LineString>
<LineString><coordinates>
	5.42337361376231,45.08772287823192,1215.38000000000011 	5.42333635793084,45.08770557059062,1215.54999999999995 
</coordinates></LineString>
<LineString><coordinates>
	5.42337361376231,45.08772287823192,1215.38000000000011 	5.42329128586178,45.08777967844876,1215.73000000000002 
</coordinates></LineString>
<LineString><coordinates>
	5.42337361376231,45.08772287823192,1215.38000000000011 	5.42330236789134,45.08780217151055,1215.83999999999992 
</coordinates></LineString>
<LineString><coordinates>
	5.42337361376231,45.08772287823192,1215.38000000000011 	5.42332954253233,45.08784237417589,1216.00999999999999 
</coordinates></LineString>
<LineString><coordinates>
	5.42337361376231,45.08772287823192,1215.38000000000011 	5.42340131490260,45.08782929987299,1216.40000000000009 
</coordinates></LineString>
<LineString><coordinates>
	5.42337361376231,45.08772287823192,1215.38000000000011 	5.42345024315140,45.08785420261872,1216.04999999999995 
</coordinates></LineString>
<LineString><coordinates>
	5.42337361376231,45.08772287823192,1215.38000000000011 	5.42344820517314,45.08776919075135,1215.60999999999990 
</coordinates></LineString>
<LineString><coordinates>
	5.42337361376231,45.08772287823192,1215.38000000000011 	5.42341623678444,45.08771205953587,1217.36999999999989 
</coordinates></LineString>
<LineString><coordinates>
	5.42337361376231,45.08772287823192,1215.38000000000011 	5.42339961525739,45.08771824575899,1217.68000000000006 
</coordinates></LineString>
<LineString><coordinates>
	5.42337361376231,45.08772287823192,1215.38000000000011 	5.42337453043077,45.08772821160598,1218.26999999999998 
</coordinates></LineString>
<LineString><coordinates>
	5.42337361376231,45.08772287823192,1215.38000000000011 	5.42335726813823,45.08773264493521,1218.56999999999994 
</coordinates></LineString>
<LineString><coordinates>
	5.42337361376231,45.08772287823192,1215.38000000000011 	5.42333740996446,45.08774186237181,1217.21000000000004 
</coordinates></LineString>
<LineString><coordinates>
	5.42337361376231,45.08772287823192,1215.38000000000011 	5.42336870441092,45.08772405318419,1218.08999999999992 
</coordinates></LineString>
<LineString><coordinates>
	5.42337361376231,45.08772287823192,1215.38000000000011 	5.42336852690645,45.08772199580567,1214.65000000000009 
</coordinates></LineString>
<LineString><coordinates>
	5.42337361376231,45.08772287823192,1215.38000000000011 	5.42340609789876,45.08765816785471,1214.99000000000001 
</coordinates></LineString>
<LineString><coordinates>
	5.42337361376231,45.08772287823192,1215.38000000000011 	5.42340913263534,45.08761256999448,1214.41000000000008 
</coordinates></LineString>
<LineString><coordinates>
	5.42337361376231,45.08772287823192,1215.38000000000011 	5.42337325292405,45.08764404348785,1214.92000000000007 
</coordinates></LineString>
<LineString><coordinates>
	5.42337361376231,45.08772287823192,1215.38000000000011 	5.42335174584693,45.08768075090813,1215.20000000000005 
</coordinates></LineString>
<LineString><coordinates>
	5.42337361376231,45.08772287823192,1215.38000000000011 	5.42338338771384,45.08771765086411,1218.26999999999998 
</coordinates></LineString>
<LineString><coordinates>
	5.42337361376231,45.08772287823192,1215.38000000000011 	5.42336506894833,45.08771838164996,1217.74000000000001 
</coordinates></LineString>
<LineString><coordinates>
	5.42337361376231,45.08772287823192,1215.38000000000011 	5.42337298134543,45.08770573051692,1216.76999999999998 
</coordinates></LineString>
<LineString><coordinates>
	5.42337361376231,45.08772287823192,1215.38000000000011 	5.42339835909679,45.08765568195986,1214.65000000000009 	5.42342540905861,45.08765727330901,1214.75000000000000 
</coordinates></LineString>
<LineString><coordinates>
	5.42339835909679,45.08765568195986,1214.65000000000009 	5.42342936773369,45.08764023462884,1214.61999999999989 
</coordinates></LineString>
<LineString><coordinates>
	5.42339835909679,45.08765568195986,1214.65000000000009 	5.42342452835508,45.08762213912025,1214.65000000000009 
</coordinates></LineString>
<LineString><coordinates>
	5.42339835909679,45.08765568195986,1214.65000000000009 	5.42340097569500,45.08760039250783,1214.51999999999998 
</coordinates></LineString>
<LineString><coordinates>
	5.42339835909679,45.08765568195986,1214.65000000000009 	5.42337843797175,45.08762241246846,1214.55999999999995 
</coordinates></LineString>
<LineString><coordinates>
	5.42339835909679,45.08765568195986,1214.65000000000009 	5.42336925689785,45.08764452041417,1214.68000000000006 
</coordinates></LineString>
<LineString><coordinates>
	5.42339835909679,45.08765568195986,1214.65000000000009 	5.42336299271336,45.08765542865330,1214.66000000000008 
</coordinates></LineString>
<LineString><coordinates>
	5.42339835909679,45.08765568195986,1214.65000000000009 	5.42336834805909,45.08767357585647,1214.89000000000010 
</coordinates></LineString>
<LineString><coordinates>
	5.42339835909679,45.08765568195986,1214.65000000000009 	5.42331331346396,45.08783232680050,1216.22000000000003 
</coordinates></LineString>
<LineString><coordinates>
	5.42339835909679,45.08765568195986,1214.65000000000009 	5.42340022885253,45.08768462099604,1214.85999999999990 
</coordinates></LineString>
<LineString><coordinates>
	5.42339835909679,45.08765568195986,1214.65000000000009 	5.42338776248020,45.08768968829556,1215.05999999999995 
</coordinates></LineString>
<LineString><coordinates>
	5.42339835909679,45.08765568195986,1214.65000000000009 	5.42337196157940,45.08764648006549,1215.11999999999989 
</coordinates></LineString>
<LineString><coordinates>
	5.42339835909679,45.08765568195986,1214.65000000000009 	5.42339258488858,45.08765359025599,1215.18000000000006 
</coordinates></LineString>
<LineString><coordinates>
	5.42339835909679,45.08765568195986,1214.65000000000009 	5.42341930250205,45.08765808708514,1215.46000000000004 
</coordinates></LineString>
<LineString><coordinates>
	5.42339835909679,45.08765568195986,1214.65000000000009 	5.42339813406291,45.08765587872758,1215.45000000000005 
</coordinates></LineString>
<LineString><coordinates>
	5.42339835909679,45.08765568195986,1214.65000000000009 	5.42340247989722,45.08765690623004,1214.44000000000005 
</coordinates></LineString>
<LineString><coordinates>
	5.42339835909679,45.08765568195986,1214.65000000000009 	5.42339562797362,45.08759259756916,1214.64000000000010 	5.42340391652267,45.08758162895607,1214.86999999999989 
</coordinates></LineString>
<LineString><coordinates>
	5.42339562797362,45.08759259756916,1214.64000000000010 	5.42338338495236,45.08756397907396,1215.04999999999995 
</coordinates></LineString>
<LineString><coordinates>
	5.42339562797362,45.08759259756916,1214.64000000000010 	5.42337437711644,45.08758382353444,1214.71000000000004 
</coordinates></LineString>
<LineString><coordinates>
	5.42339562797362,45.08759259756916,1214.64000000000010 	5.42337539033393,45.08759410108844,1214.60999999999990 
</coordinates></LineString>
<LineString><coordinates>
	5.42339562797362,45.08759259756916,1214.64000000000010 	5.42342912489133,45.08764889503227,1214.51999999999998 
</coordinates></LineString>
<LineString><coordinates>
	5.42339562797362,45.08759259756916,1214.64000000000010 	5.42339529521077,45.08770623333895,1214.70000000000005 
</coordinates></LineString>
<LineString><coordinates>
	5.42339562797362,45.08759259756916,1214.64000000000010 	5.42340614811923,45.08758983545106,1216.15000000000009 
</coordinates></LineString>
<LineString><coordinates>
	5.42339562797362,45.08759259756916,1214.64000000000010 	5.42338756388695,45.08759220640590,1215.77999999999997 
</coordinates></LineString>
<LineString><coordinates>
	5.42339562797362,45.08759259756916,1214.64000000000010 	5.42338291300089,45.08759255193516,1215.14000000000010 
</coordinates></LineString>
<LineString><coordinates>
	5.42339562797362,45.08759259756916,1214.64000000000010 	5.42339517790627,45.08759299110455,1215.95000000000005 
</coordinates></LineString>
<LineString><coordinates>
	5.42339562797362,45.08759259756916,1214.64000000000010 	5.42337902537736,45.08755169951660,1216.00000000000000 	5.42338827013751,45.08754633141461,1216.07999999999993 
</coordinates></LineString>
<LineString><coordinates>
	5.42337902537736,45.08755169951660,1216.00000000000000 	5.42337390398863,45.08752912372762,1216.05999999999995 
</coordinates></LineString>
<LineString><coordinates>
	5.42337902537736,45.08755169951660,1216.00000000000000 	5.42330049049263,45.08749505702141,1215.67000000000007 
</coordinates></LineString>
<LineString><coordinates>
	5.42337902537736,45.08755169951660,1216.00000000000000 	5.42335043030732,45.08754482147095,1216.07999999999993 
</coordinates></LineString>
<LineString><coordinates>
	5.42337902537736,45.08755169951660,1216.00000000000000 	5.42335616644318,45.08755609851462,1215.78999999999996 
</coordinates></LineString>
<LineString><coordinates>
	5.42337902537736,45.08755169951660,1216.00000000000000 	5.42337112005320,45.08756353990283,1216.17000000000007 
</coordinates></LineString>
<LineString><coordinates>
	5.42337902537736,45.08755169951660,1216.00000000000000 	5.42339439306769,45.08758854818276,1216.15000000000009 
</coordinates></LineString>
<LineString><coordinates>
	5.42337902537736,45.08755169951660,1216.00000000000000 	5.42340621866373,45.08758172799600,1216.10999999999990 
</coordinates></LineString>
<LineString><coordinates>
	5.42337902537736,45.08755169951660,1216.00000000000000 	5.42335970348564,45.08756024694266,1214.63000000000011 
</coordinates></LineString>
<LineString><coordinates>
	5.42337902537736,45.08755169951660,1216.00000000000000 	5.42335604408791,45.08756213925297,1214.90000000000009 
</coordinates></LineString>
<LineString><coordinates>
	5.42337902537736,45.08755169951660,1216.00000000000000 	5.42338731541865,45.08755018337695,1215.86999999999989 
</coordinates></LineString>
<LineString><coordinates>
	5.42337902537736,45.08755169951660,1216.00000000000000 	5.42337835027655,45.08755228981955,1214.72000000000003 
</coordinates></LineString>
<LineString><coordinates>
	5.42337902537736,45.08755169951660,1216.00000000000000 	5.42331052861797,45.08750277357629,1215.10999999999990 	5.42332959186685,45.08747101902761,1214.95000000000005 
</coordinates></LineString>
<LineString><coordinates>
	5.42331052861797,45.08750277357629,1215.10999999999990 	5.42333015723734,45.08746539549959,1215.31999999999994 
</coordinates></LineString>
<LineString><coordinates>
	5.42331052861797,45.08750277357629,1215.10999999999990 	5.42330259953963,45.08748526770304,1215.19000000000005 
</coordinates></LineString>
<LineString><coordinates>
	5.42331052861797,45.08750277357629,1215.10999999999990 	5.42329167927923,45.08749391113575,1215.25000000000000 
</coordinates></LineString>
<LineString><coordinates>
	5.42331052861797,45.08750277357629,1215.10999999999990 	5.42316105199174,45.08747768858652,1215.25000000000000 
</coordinates></LineString>
<LineString><coordinates>
	5.42331052861797,45.08750277357629,1215.10999999999990 	5.42327204062203,45.08751319500712,1215.38000000000011 
</coordinates></LineString>
<LineString><coordinates>
	5.42331052861797,45.08750277357629,1215.10999999999990 	5.42334533510925,45.08749838721611,1215.27999999999997 
</coordinates></LineString>
<LineString><coordinates>
	5.42331052861797,45.08750277357629,1215.10999999999990 	5.42338672049618,45.08751268731754,1215.15000000000009 
</coordinates></LineString>
<LineString><coordinates>
	5.42331052861797,45.08750277357629,1215.10999999999990 	5.42332360618285,45.08751728624105,1215.17000000000007 
</coordinates></LineString>
<LineString><coordinates>
	5.42331052861797,45.08750277357629,1215.10999999999990 	5.42331557535393,45.08749222586165,1215.90000000000009 
</coordinates></LineString>
<LineString><coordinates>
	5.42331052861797,45.08750277357629,1215.10999999999990 	5.42331912092605,45.08750501601872,1216.69000000000005 
</coordinates></LineString>
<LineString><coordinates>
	5.42331052861797,45.08750277357629,1215.10999999999990 	5.42330945765979,45.08751356606781,1215.98000000000002 
</coordinates></LineString>
<LineString><coordinates>
	5.42331052861797,45.08750277357629,1215.10999999999990 	5.42331189812933,45.08750258180721,1216.31999999999994 
</coordinates></LineString>
<LineString><coordinates>
	5.42331052861797,45.08750277357629,1215.10999999999990 	5.42319712107790,45.08746294566863,1214.90000000000009 	5.42321760569029,45.08743306608525,1214.67000000000007 
</coordinates></LineString>
<LineString><coordinates>
	5.42319712107790,45.08746294566863,1214.90000000000009 	5.42318699058198,45.08743056922624,1214.75000000000000 
</coordinates></LineString>
<LineString><coordinates>
	5.42319712107790,45.08746294566863,1214.90000000000009 	5.42313971715657,45.08740482323304,1214.79999999999995 
</coordinates></LineString>
<LineString><coordinates>
	5.42319712107790,45.08746294566863,1214.90000000000009 	5.42315015278220,45.08745986320965,1214.88000000000011 
</coordinates></LineString>
<LineString><coordinates>
	5.42319712107790,45.08746294566863,1214.90000000000009 	5.42316320538721,45.08748365028084,1214.96000000000004 
</coordinates></LineString>
<LineString><coordinates>
	5.42319712107790,45.08746294566863,1214.90000000000009 	5.42286775230910,45.08734895666382,1215.34999999999991 
</coordinates></LineString>
<LineString><coordinates>
	5.42319712107790,45.08746294566863,1214.90000000000009 	5.42324996543944,45.08749971088618,1215.70000000000005 
</coordinates></LineString>
<LineString><coordinates>
	5.42319712107790,45.08746294566863,1214.90000000000009 	5.42327833288170,45.08747500723424,1215.00000000000000 
</coordinates></LineString>
<LineString><coordinates>
	5.42319712107790,45.08746294566863,1214.90000000000009 	5.42324656847357,45.08745702152008,1214.96000000000004 
</coordinates></LineString>
<LineString><coordinates>
	5.42319712107790,45.08746294566863,1214.90000000000009 	5.42320618928049,45.08745380966540,1215.48000000000002 
</coordinates></LineString>
<LineString><coordinates>
	5.42319712107790,45.08746294566863,1214.90000000000009 	5.42320489699880,45.08745795677801,1216.01999999999998 
</coordinates></LineString>
<LineString><coordinates>
	5.42319712107790,45.08746294566863,1214.90000000000009 	5.42320411883151,45.08746557665553,1216.14000000000010 
</coordinates></LineString>
<LineString><coordinates>
	5.42319712107790,45.08746294566863,1214.90000000000009 	5.42319303424444,45.08747225174548,1215.97000000000003 
</coordinates></LineString>
<LineString><coordinates>
	5.42319712107790,45.08746294566863,1214.90000000000009 	5.42318874541533,45.08747590127906,1215.82999999999993 
</coordinates></LineString>
<LineString><coordinates>
	5.42319712107790,45.08746294566863,1214.90000000000009 	5.42319742520635,45.08746328317284,1216.28999999999996 
</coordinates></LineString>
<LineString><coordinates>
	5.42319712107790,45.08746294566863,1214.90000000000009 	5.42319659804019,45.08746370472268,1214.24000000000001 
</coordinates></LineString>
<LineString><coordinates>
	5.42319712107790,45.08746294566863,1214.90000000000009 	5.42319577530169,45.08740750047173,1213.35999999999990 	5.42319881512400,45.08740142303988,1213.28999999999996 
</coordinates></LineString>
<LineString><coordinates>
	5.42319577530169,45.08740750047173,1213.35999999999990 	5.42321266508108,45.08739454250550,1213.27999999999997 
</coordinates></LineString>
<LineString><coordinates>
	5.42319577530169,45.08740750047173,1213.35999999999990 	5.42320153816143,45.08740608206941,1213.39000000000010 
</coordinates></LineString>
<LineString><coordinates>
	5.42319577530169,45.08740750047173,1213.35999999999990 	5.42320150287281,45.08741013579792,1213.40000000000009 
</coordinates></LineString>
<LineString><coordinates>
	5.42319577530169,45.08740750047173,1213.35999999999990 	5.42319914281744,45.08740707024464,1213.63000000000011 
</coordinates></LineString>
<LineString><coordinates>
	5.42319577530169,45.08740750047173,1213.35999999999990 	5.42319906278997,45.08740824650977,1212.44000000000005 
</coordinates></LineString>
<LineString><coordinates>
	5.42319577530169,45.08740750047173,1213.35999999999990 	5.42320935974681,45.08740226010580,1213.02999999999997 
</coordinates></LineString>
<LineString><coordinates>
	5.42319577530169,45.08740750047173,1213.35999999999990 	5.42321474644050,45.08739915918145,1213.18000000000006 	5.42321608865241,45.08740049985979,1213.40000000000009 
</coordinates></LineString>
<LineString><coordinates>
	5.42321474644050,45.08739915918145,1213.18000000000006 	5.42321704244943,45.08739835843485,1213.43000000000006 
</coordinates></LineString>
<LineString><coordinates>
	5.42321474644050,45.08739915918145,1213.18000000000006 	5.42321876362429,45.08739625002468,1213.49000000000001 
</coordinates></LineString>
<LineString><coordinates>
	5.42321474644050,45.08739915918145,1213.18000000000006 	5.42321740823002,45.08739482030110,1213.05999999999995 
</coordinates></LineString>
<LineString><coordinates>
	5.42321474644050,45.08739915918145,1213.18000000000006 	5.42322370357731,45.08739957403543,1213.14000000000010 
</coordinates></LineString>
<LineString><coordinates>
	5.42321474644050,45.08739915918145,1213.18000000000006 	5.42322632115714,45.08740352070222,1213.21000000000004 
</coordinates></LineString>
<LineString><coordinates>
	5.42321474644050,45.08739915918145,1213.18000000000006 	5.42321228425226,45.08740141266727,1212.22000000000003 
</coordinates></LineString>
<LineString><coordinates>
	5.42321474644050,45.08739915918145,1213.18000000000006 	5.42330534046985,45.08742051643564,1212.08999999999992 	5.42330864300199,45.08741793044269,1212.04999999999995 
</coordinates></LineString>
<LineString><coordinates>
	5.42330534046985,45.08742051643564,1212.08999999999992 	5.42332089544676,45.08739253348647,1211.44000000000005 
</coordinates></LineString>
<LineString><coordinates>
	5.42330534046985,45.08742051643564,1212.08999999999992 	5.42330263766220,45.08741513570891,1212.11999999999989 
</coordinates></LineString>
<LineString><coordinates>
	5.42330534046985,45.08742051643564,1212.08999999999992 	5.42329534803512,45.08741396680573,1212.26999999999998 
</coordinates></LineString>
<LineString><coordinates>
	5.42330534046985,45.08742051643564,1212.08999999999992 	5.42329884272520,45.08742297971029,1212.01999999999998 
</coordinates></LineString>
<LineString><coordinates>
	5.42330534046985,45.08742051643564,1212.08999999999992 	5.42330814540153,45.08742057812402,1211.27999999999997 
</coordinates></LineString>
<LineString><coordinates>
	5.42330534046985,45.08742051643564,1212.08999999999992 	5.42331009532574,45.08741143079946,1211.30999999999995 
</coordinates></LineString>
<LineString><coordinates>
	5.42330534046985,45.08742051643564,1212.08999999999992 	5.42331936588808,45.08739507778552,1211.16000000000008 
</coordinates></LineString>
<LineString><coordinates>
	5.42330534046985,45.08742051643564,1212.08999999999992 	5.42330498973716,45.08742072254164,1212.36999999999989 
</coordinates></LineString>
<LineString><coordinates>
	5.42330534046985,45.08742051643564,1212.08999999999992 	5.42332039264993,45.08739257084056,1211.36999999999989 	5.42332361236668,45.08739629272155,1211.39000000000010 
</coordinates></LineString>
<LineString><coordinates>
	5.42332039264993,45.08739257084056,1211.36999999999989 	5.42331846296625,45.08740099646477,1211.52999999999997 
</coordinates></LineString>
<LineString><coordinates>
	5.42332039264993,45.08739257084056,1211.36999999999989 	5.42331715176531,45.08739128119623,1211.49000000000001 
</coordinates></LineString>
<LineString><coordinates>
	5.42332039264993,45.08739257084056,1211.36999999999989 	5.42331837440654,45.08739353100253,1211.57999999999993 
</coordinates></LineString>
<LineString><coordinates>
	5.42332039264993,45.08739257084056,1211.36999999999989 	5.42332205403424,45.08739091699378,1210.73000000000002 
</coordinates></LineString>
<LineString><coordinates>
	5.42332039264993,45.08739257084056,1211.36999999999989 	5.42334763595535,45.08739117703249,1210.81999999999994 
</coordinates></LineString>
<LineString><coordinates>
	5.42319712107790,45.08746294566863,1214.90000000000009 	5.42307398909955,45.08739863319254,1215.23000000000002 	5.42308331620701,45.08737579422665,1215.31999999999994 
</coordinates></LineString>
<LineString><coordinates>
	5.42307398909955,45.08739863319254,1215.23000000000002 	5.42305125578376,45.08735494966160,1215.13000000000011 
</coordinates></LineString>
<LineString><coordinates>
	5.42307398909955,45.08739863319254,1215.23000000000002 	5.42301795442869,45.08735319246586,1215.21000000000004 
</coordinates></LineString>
<LineString><coordinates>
	5.42307398909955,45.08739863319254,1215.23000000000002 	5.42297823911286,45.08734588010291,1215.26999999999998 
</coordinates></LineString>
<LineString><coordinates>
	5.42307398909955,45.08739863319254,1215.23000000000002 	5.42285236147275,45.08733083476292,1215.73000000000002 
</coordinates></LineString>
<LineString><coordinates>
	5.42307398909955,45.08739863319254,1215.23000000000002 	5.42287490159529,45.08738866654738,1215.40000000000009 
</coordinates></LineString>
<LineString><coordinates>
	5.42307398909955,45.08739863319254,1215.23000000000002 	5.42298957094507,45.08740697518727,1215.42000000000007 
</coordinates></LineString>
<LineString><coordinates>
	5.42307398909955,45.08739863319254,1215.23000000000002 	5.42300680918064,45.08741010576828,1215.67000000000007 
</coordinates></LineString>
<LineString><coordinates>
	5.42307398909955,45.08739863319254,1215.23000000000002 	5.42303898495433,45.08742572035031,1215.52999999999997 
</coordinates></LineString>
<LineString><coordinates>
	5.42307398909955,45.08739863319254,1215.23000000000002 	5.42307453813398,45.08743496234165,1215.40000000000009 
</coordinates></LineString>
<LineString><coordinates>
	5.42307398909955,45.08739863319254,1215.23000000000002 	5.42309846999978,45.08744038639820,1215.41000000000008 
</coordinates></LineString>
<LineString><coordinates>
	5.42307398909955,45.08739863319254,1215.23000000000002 	5.42313566341178,45.08745040676219,1215.00000000000000 
</coordinates></LineString>
<LineString><coordinates>
	5.42307398909955,45.08739863319254,1215.23000000000002 	5.42320856930230,45.08749306362375,1214.57999999999993 
</coordinates></LineString>
<LineString><coordinates>
	5.42307398909955,45.08739863319254,1215.23000000000002 	5.42327107814137,45.08748265814831,1214.59999999999991 
</coordinates></LineString>
<LineString><coordinates>
	5.42307398909955,45.08739863319254,1215.23000000000002 	5.42317540454715,45.08742269758292,1215.15000000000009 
</coordinates></LineString>
<LineString><coordinates>
	5.42307398909955,45.08739863319254,1215.23000000000002 	5.42313190355934,45.08740612390963,1215.31999999999994 
</coordinates></LineString>
<LineString><coordinates>
	5.42307398909955,45.08739863319254,1215.23000000000002 	5.42312997801097,45.08739483383665,1215.23000000000002 
</coordinates></LineString>
<LineString><coordinates>
	5.42307398909955,45.08739863319254,1215.23000000000002 	5.42312672820022,45.08739777600596,1215.38000000000011 
</coordinates></LineString>
<LineString><coordinates>
	5.42307398909955,45.08739863319254,1215.23000000000002 	5.42308181393874,45.08737680607688,1215.69000000000005 
</coordinates></LineString>
<LineString><coordinates>
	5.42307398909955,45.08739863319254,1215.23000000000002 	5.42307675398277,45.08738726473820,1216.42000000000007 
</coordinates></LineString>
<LineString><coordinates>
	5.42307398909955,45.08739863319254,1215.23000000000002 	5.42307091533910,45.08739418026446,1216.45000000000005 
</coordinates></LineString>
<LineString><coordinates>
	5.42307398909955,45.08739863319254,1215.23000000000002 	5.42306716416474,45.08740661226117,1216.50000000000000 
</coordinates></LineString>
<LineString><coordinates>
	5.42307398909955,45.08739863319254,1215.23000000000002 	5.42305709978257,45.08742275415342,1216.08999999999992 
</coordinates></LineString>
<LineString><coordinates>
	5.42307398909955,45.08739863319254,1215.23000000000002 	5.42304782251900,45.08742704434741,1215.88000000000011 
</coordinates></LineString>
<LineString><coordinates>
	5.42307398909955,45.08739863319254,1215.23000000000002 	5.42307279189490,45.08739827201040,1216.59999999999991 
</coordinates></LineString>
<LineString><coordinates>
	5.42307398909955,45.08739863319254,1215.23000000000002 	5.42307428710429,45.08739807090606,1214.48000000000002 
</coordinates></LineString>
<LineString><coordinates>
	5.42307398909955,45.08739863319254,1215.23000000000002 	5.42298808134433,45.08737287650273,1214.86999999999989 	5.42301061490189,45.08734653575090,1215.09999999999991 
</coordinates></LineString>
<LineString><coordinates>
	5.42298808134433,45.08737287650273,1214.86999999999989 	5.42294743479316,45.08732665266020,1215.08999999999992 
</coordinates></LineString>
<LineString><coordinates>
	5.42298808134433,45.08737287650273,1214.86999999999989 	5.42284118844642,45.08728197121318,1215.00999999999999 
</coordinates></LineString>
<LineString><coordinates>
	5.42298808134433,45.08737287650273,1214.86999999999989 	5.42285253234816,45.08734486590564,1214.84999999999991 
</coordinates></LineString>
<LineString><coordinates>
	5.42298808134433,45.08737287650273,1214.86999999999989 	5.42287153032618,45.08737190234579,1214.95000000000005 
</coordinates></LineString>
<LineString><coordinates>
	5.42298808134433,45.08737287650273,1214.86999999999989 	5.42287640246333,45.08737820222141,1215.02999999999997 
</coordinates></LineString>
<LineString><coordinates>
	5.42298808134433,45.08737287650273,1214.86999999999989 	5.42293405702108,45.08740110655458,1214.82999999999993 
</coordinates></LineString>
<LineString><coordinates>
	5.42298808134433,45.08737287650273,1214.86999999999989 	5.42296432137805,45.08740380958912,1214.89000000000010 
</coordinates></LineString>
<LineString><coordinates>
	5.42298808134433,45.08737287650273,1214.86999999999989 	5.42297078053189,45.08739936865972,1214.75000000000000 
</coordinates></LineString>
<LineString><coordinates>
	5.42298808134433,45.08737287650273,1214.86999999999989 	5.42313435368860,45.08745014396440,1214.95000000000005 
</coordinates></LineString>
<LineString><coordinates>
	5.42298808134433,45.08737287650273,1214.86999999999989 	5.42317806126098,45.08743978493477,1215.07999999999993 
</coordinates></LineString>
<LineString><coordinates>
	5.42298808134433,45.08737287650273,1214.86999999999989 	5.42312667683079,45.08738283573923,1214.77999999999997 
</coordinates></LineString>
<LineString><coordinates>
	5.42298808134433,45.08737287650273,1214.86999999999989 	5.42307549174029,45.08736071123032,1214.79999999999995 
</coordinates></LineString>
<LineString><coordinates>
	5.42298808134433,45.08737287650273,1214.86999999999989 	5.42306478750423,45.08734935313183,1214.64000000000010 
</coordinates></LineString>
<LineString><coordinates>
	5.42298808134433,45.08737287650273,1214.86999999999989 	5.42299388987486,45.08737262503799,1217.69000000000005 
</coordinates></LineString>
<LineString><coordinates>
	5.42298808134433,45.08737287650273,1214.86999999999989 	5.42298879505420,45.08737426387498,1214.48000000000002 
</coordinates></LineString>
<LineString><coordinates>
	5.42298808134433,45.08737287650273,1214.86999999999989 	5.42287552544150,45.08732506283850,1215.18000000000006 	5.42294103260642,45.08731173406829,1215.39000000000010 
</coordinates></LineString>
<LineString><coordinates>
	5.42287552544150,45.08732506283850,1215.18000000000006 	5.42295339913105,45.08727165466943,1215.10999999999990 
</coordinates></LineString>
<LineString><coordinates>
	5.42287552544150,45.08732506283850,1215.18000000000006 	5.42294819697609,45.08725196564964,1214.56999999999994 
</coordinates></LineString>
<LineString><coordinates>
	5.42287552544150,45.08732506283850,1215.18000000000006 	5.42298057502731,45.08718825355422,1214.45000000000005 
</coordinates></LineString>
<LineString><coordinates>
	5.42287552544150,45.08732506283850,1215.18000000000006 	5.42294959096546,45.08713519021944,1213.91000000000008 
</coordinates></LineString>
<LineString><coordinates>
	5.42287552544150,45.08732506283850,1215.18000000000006 	5.42288137452753,45.08725125827360,1214.83999999999992 
</coordinates></LineString>
<LineString><coordinates>
	5.42287552544150,45.08732506283850,1215.18000000000006 	5.42285719740962,45.08729482576926,1215.14000000000010 
</coordinates></LineString>
<LineString><coordinates>
	5.42287552544150,45.08732506283850,1215.18000000000006 	5.42285258650756,45.08733063799625,1215.20000000000005 
</coordinates></LineString>
<LineString><coordinates>
	5.42287552544150,45.08732506283850,1215.18000000000006 	5.42286166979160,45.08734220655768,1215.21000000000004 
</coordinates></LineString>
<LineString><coordinates>
	5.42287552544150,45.08732506283850,1215.18000000000006 	5.42286809549645,45.08736243485818,1215.25000000000000 
</coordinates></LineString>
<LineString><coordinates>
	5.42287552544150,45.08732506283850,1215.18000000000006 	5.42290433924488,45.08740295416137,1215.23000000000002 
</coordinates></LineString>
<LineString><coordinates>
	5.42287552544150,45.08732506283850,1215.18000000000006 	5.42292817033648,45.08739911320730,1215.72000000000003 
</coordinates></LineString>
<LineString><coordinates>
	5.42287552544150,45.08732506283850,1215.18000000000006 	5.42296953672057,45.08739955108645,1215.54999999999995 
</coordinates></LineString>
<LineString><coordinates>
	5.42287552544150,45.08732506283850,1215.18000000000006 	5.42302239920569,45.08741497923489,1215.31999999999994 
</coordinates></LineString>
<LineString><coordinates>
	5.42287552544150,45.08732506283850,1215.18000000000006 	5.42312547826624,45.08739705864331,1215.70000000000005 
</coordinates></LineString>
<LineString><coordinates>
	5.42287552544150,45.08732506283850,1215.18000000000006 	5.42308200835938,45.08737211035427,1215.42000000000007 
</coordinates></LineString>
<LineString><coordinates>
	5.42287552544150,45.08732506283850,1215.18000000000006 	5.42296646057329,45.08733928308356,1215.14000000000010 
</coordinates></LineString>
<LineString><coordinates>
	5.42287552544150,45.08732506283850,1215.18000000000006 	5.42287653715444,45.08732588792567,1216.89000000000010 
</coordinates></LineString>
<LineString><coordinates>
	5.42287552544150,45.08732506283850,1215.18000000000006 	5.42287756911178,45.08732599131211,1214.01999999999998 
</coordinates></LineString>
<LineString><coordinates>
	5.42287552544150,45.08732506283850,1215.18000000000006 	5.42293006335428,45.08731317913733,1216.90000000000009 
</coordinates></LineString>
<LineString><coordinates>
	5.42287552544150,45.08732506283850,1215.18000000000006 	5.42290386520029,45.08731476527426,1217.98000000000002 
</coordinates></LineString>
<LineString><coordinates>
	5.42287552544150,45.08732506283850,1215.18000000000006 	5.42287410180202,45.08731544594255,1216.81999999999994 
</coordinates></LineString>
<LineString><coordinates>
	5.42287552544150,45.08732506283850,1215.18000000000006 	5.42286123810851,45.08732126289624,1215.60999999999990 
</coordinates></LineString>
<LineString><coordinates>
	5.42287552544150,45.08732506283850,1215.18000000000006 	5.42294954718113,45.08725078504872,1214.95000000000005 	5.42298416379074,45.08717043215091,1214.84999999999991 
</coordinates></LineString>
<LineString><coordinates>
	5.42294954718113,45.08725078504872,1214.95000000000005 	5.42295739040896,45.08715954761566,1214.83999999999992 
</coordinates></LineString>
<LineString><coordinates>
	5.42294954718113,45.08725078504872,1214.95000000000005 	5.42293620568120,45.08717525527506,1214.57999999999993 
</coordinates></LineString>
<LineString><coordinates>
	5.42294954718113,45.08725078504872,1214.95000000000005 	5.42291510944424,45.08719842839774,1214.95000000000005 
</coordinates></LineString>
<LineString><coordinates>
	5.42294954718113,45.08725078504872,1214.95000000000005 	5.42290512225064,45.08721852562343,1214.97000000000003 
</coordinates></LineString>
<LineString><coordinates>
	5.42294954718113,45.08725078504872,1214.95000000000005 	5.42289748095760,45.08724330990206,1214.85999999999990 
</coordinates></LineString>
<LineString><coordinates>
	5.42294954718113,45.08725078504872,1214.95000000000005 	5.42286083750957,45.08729194463844,1215.49000000000001 
</coordinates></LineString>
<LineString><coordinates>
	5.42294954718113,45.08725078504872,1214.95000000000005 	5.42285293912942,45.08732701081673,1215.13000000000011 
</coordinates></LineString>
<LineString><coordinates>
	5.42294954718113,45.08725078504872,1214.95000000000005 	5.42286757528486,45.08735806229880,1215.47000000000003 
</coordinates></LineString>
<LineString><coordinates>
	5.42294954718113,45.08725078504872,1214.95000000000005 	5.42288293128572,45.08739140094229,1215.70000000000005 
</coordinates></LineString>
<LineString><coordinates>
	5.42294954718113,45.08725078504872,1214.95000000000005 	5.42291193393441,45.08740275005830,1215.51999999999998 
</coordinates></LineString>
<LineString><coordinates>
	5.42294954718113,45.08725078504872,1214.95000000000005 	5.42292726502860,45.08725307054455,1217.06999999999994 
</coordinates></LineString>
<LineString><coordinates>
	5.42294954718113,45.08725078504872,1214.95000000000005 	5.42291333268011,45.08725338536883,1216.29999999999995 
</coordinates></LineString>
<LineString><coordinates>
	5.42294954718113,45.08725078504872,1214.95000000000005 	5.42287953187630,45.08725769688329,1215.57999999999993 
</coordinates></LineString>
<LineString><coordinates>
	5.42294954718113,45.08725078504872,1214.95000000000005 	5.42294689431986,45.08725089210334,1216.00000000000000 
</coordinates></LineString>
<LineString><coordinates>
	5.42294954718113,45.08725078504872,1214.95000000000005 	5.42294866728802,45.08725085041538,1213.85999999999990 
</coordinates></LineString>
<LineString><coordinates>
	5.42294954718113,45.08725078504872,1214.95000000000005 	5.42296745431659,45.08715627928508,1214.23000000000002 	5.42296815295334,45.08713696212112,1213.93000000000006 
</coordinates></LineString>
<LineString><coordinates>
	5.42296745431659,45.08715627928508,1214.23000000000002 	5.42296086807421,45.08712724050741,1213.74000000000001 
</coordinates></LineString>
<LineString><coordinates>
	5.42296745431659,45.08715627928508,1214.23000000000002 	5.42293254823671,45.08705354366301,1212.67000000000007 
</coordinates></LineString>
<LineString><coordinates>
	5.42296745431659,45.08715627928508,1214.23000000000002 	5.42289832999826,45.08703529002209,1211.83999999999992 
</coordinates></LineString>
<LineString><coordinates>
	5.42296745431659,45.08715627928508,1214.23000000000002 	5.42290733363362,45.08708323443038,1212.24000000000001 
</coordinates></LineString>
<LineString><coordinates>
	5.42296745431659,45.08715627928508,1214.23000000000002 	5.42290465298844,45.08709774748251,1212.32999999999993 
</coordinates></LineString>
<LineString><coordinates>
	5.42296745431659,45.08715627928508,1214.23000000000002 	5.42291570410051,45.08711574164625,1212.89000000000010 
</coordinates></LineString>
<LineString><coordinates>
	5.42296745431659,45.08715627928508,1214.23000000000002 	5.42291793417674,45.08713853224676,1213.24000000000001 
</coordinates></LineString>
<LineString><coordinates>
	5.42296745431659,45.08715627928508,1214.23000000000002 	5.42292045989800,45.08717705518773,1213.97000000000003 
</coordinates></LineString>
<LineString><coordinates>
	5.42296745431659,45.08715627928508,1214.23000000000002 	5.42290042054767,45.08721509387486,1214.07999999999993 
</coordinates></LineString>
<LineString><coordinates>
	5.42296745431659,45.08715627928508,1214.23000000000002 	5.42287276011154,45.08727719513784,1214.51999999999998 
</coordinates></LineString>
<LineString><coordinates>
	5.42296745431659,45.08715627928508,1214.23000000000002 	5.42286123993860,45.08736591495932,1215.66000000000008 
</coordinates></LineString>
<LineString><coordinates>
	5.42296745431659,45.08715627928508,1214.23000000000002 	5.42296025842803,45.08723729584932,1215.00000000000000 
</coordinates></LineString>
<LineString><coordinates>
	5.42296745431659,45.08715627928508,1214.23000000000002 	5.42296437024628,45.08724275195866,1215.06999999999994 
</coordinates></LineString>
<LineString><coordinates>
	5.42296745431659,45.08715627928508,1214.23000000000002 	5.42298089940949,45.08721190592384,1214.76999999999998 
</coordinates></LineString>
<LineString><coordinates>
	5.42296745431659,45.08715627928508,1214.23000000000002 	5.42298536242252,45.08720428237630,1214.58999999999992 
</coordinates></LineString>
<LineString><coordinates>
	5.42296745431659,45.08715627928508,1214.23000000000002 	5.42295260773388,45.08715900267165,1214.60999999999990 
</coordinates></LineString>
<LineString><coordinates>
	5.42296745431659,45.08715627928508,1214.23000000000002 	5.42293474861322,45.08716627103568,1213.93000000000006 
</coordinates></LineString>
<LineString><coordinates>
	5.42296745431659,45.08715627928508,1214.23000000000002 	5.42292248803162,45.08717015267517,1213.23000000000002 
</coordinates></LineString>
<LineString><coordinates>
	5.42296745431659,45.08715627928508,1214.23000000000002 	5.42296845990700,45.08715620458028,1212.82999999999993 
</coordinates></LineString>
<LineString><coordinates>
	5.42296745431659,45.08715627928508,1214.23000000000002 	5.42292429211888,45.08708962669132,1212.45000000000005 	5.42296729094696,45.08708049071608,1212.75999999999999 
</coordinates></LineString>
<LineString><coordinates>
	5.42292429211888,45.08708962669132,1212.45000000000005 	5.42294450842748,45.08706651893658,1212.57999999999993 
</coordinates></LineString>
<LineString><coordinates>
	5.42292429211888,45.08708962669132,1212.45000000000005 	5.42293487672038,45.08705382080483,1212.52999999999997 
</coordinates></LineString>
<LineString><coordinates>
	5.42292429211888,45.08708962669132,1212.45000000000005 	5.42292877683568,45.08701862422274,1212.31999999999994 
</coordinates></LineString>
<LineString><coordinates>
	5.42292429211888,45.08708962669132,1212.45000000000005 	5.42290002953207,45.08702445083954,1211.73000000000002 
</coordinates></LineString>
<LineString><coordinates>
	5.42292429211888,45.08708962669132,1212.45000000000005 	5.42289077724556,45.08704350319736,1211.78999999999996 
</coordinates></LineString>
<LineString><coordinates>
	5.42292429211888,45.08708962669132,1212.45000000000005 	5.42289884451323,45.08707396237293,1212.35999999999990 
</coordinates></LineString>
<LineString><coordinates>
	5.42292429211888,45.08708962669132,1212.45000000000005 	5.42290113062170,45.08707910399130,1212.55999999999995 
</coordinates></LineString>
<LineString><coordinates>
	5.42292429211888,45.08708962669132,1212.45000000000005 	5.42291604355737,45.08708798885442,1213.27999999999997 
</coordinates></LineString>
<LineString><coordinates>
	5.42292429211888,45.08708962669132,1212.45000000000005 	5.42292476949271,45.08708770071124,1213.40000000000009 
</coordinates></LineString>
<LineString><coordinates>
	5.42292429211888,45.08708962669132,1212.45000000000005 	5.42292933419014,45.08708763167768,1213.22000000000003 
</coordinates></LineString>
<LineString><coordinates>
	5.42292429211888,45.08708962669132,1212.45000000000005 	5.42293996679139,45.08708477122479,1213.24000000000001 
</coordinates></LineString>
<LineString><coordinates>
	5.42292429211888,45.08708962669132,1212.45000000000005 	5.42291531711311,45.08712171201815,1212.59999999999991 
</coordinates></LineString>
<LineString><coordinates>
	5.42292429211888,45.08708962669132,1212.45000000000005 	5.42292742324703,45.08715799282097,1212.56999999999994 
</coordinates></LineString>
<LineString><coordinates>
	5.42292429211888,45.08708962669132,1212.45000000000005 	5.42294341806520,45.08717246885779,1212.70000000000005 
</coordinates></LineString>
<LineString><coordinates>
	5.42292429211888,45.08708962669132,1212.45000000000005 	5.42296488619650,45.08712262082300,1213.03999999999996 
</coordinates></LineString>
<LineString><coordinates>
	5.42292429211888,45.08708962669132,1212.45000000000005 	5.42296410563955,45.08709846219520,1212.85999999999990 
</coordinates></LineString>
<LineString><coordinates>
	5.42292429211888,45.08708962669132,1212.45000000000005 	5.42296381234274,45.08709047179548,1213.30999999999995 
</coordinates></LineString>
<LineString><coordinates>
	5.42292429211888,45.08708962669132,1212.45000000000005 	5.42295301214550,45.08708533251269,1213.46000000000004 
</coordinates></LineString>
<LineString><coordinates>
	5.42292429211888,45.08708962669132,1212.45000000000005 	5.42291342741953,45.08709349465555,1213.27999999999997 
</coordinates></LineString>
<LineString><coordinates>
	5.42292429211888,45.08708962669132,1212.45000000000005 	5.42292157052728,45.08709442012997,1213.54999999999995 
</coordinates></LineString>
<LineString><coordinates>
	5.42292429211888,45.08708962669132,1212.45000000000005 	5.42295553741665,45.08708865587092,1213.49000000000001 
</coordinates></LineString>
<LineString><coordinates>
	5.42292429211888,45.08708962669132,1212.45000000000005 	5.42292475442532,45.08709103274045,1213.47000000000003 
</coordinates></LineString>
<LineString><coordinates>
	5.42292429211888,45.08708962669132,1212.45000000000005 	5.42292598504841,45.08709076126936,1212.04999999999995 
</coordinates></LineString>
<LineString><coordinates>
	5.42292429211888,45.08708962669132,1212.45000000000005 	5.42291471178355,45.08701975912702,1212.03999999999996 	5.42293432687151,45.08701920218572,1212.00000000000000 
</coordinates></LineString>
<LineString><coordinates>
	5.42291471178355,45.08701975912702,1212.03999999999996 	5.42292496633488,45.08701863722772,1212.50999999999999 
</coordinates></LineString>
<LineString><coordinates>
	5.42291471178355,45.08701975912702,1212.03999999999996 	5.42294294309362,45.08703791737996,1212.08999999999992 
</coordinates></LineString>
<LineString><coordinates>
	5.42291471178355,45.08701975912702,1212.03999999999996 	5.42291497636236,45.08701982949630,1212.60999999999990 
</coordinates></LineString>
<LineString><coordinates>
	5.42291471178355,45.08701975912702,1212.03999999999996 	5.42291379234859,45.08701955735715,1211.43000000000006 
</coordinates></LineString>
<LineString><coordinates>
	5.42291471178355,45.08701975912702,1212.03999999999996 	5.42290683752693,45.08699918831908,1211.56999999999994 	5.42295910972116,45.08701664088853,1212.19000000000005 
</coordinates></LineString>
<LineString><coordinates>
	5.42290683752693,45.08699918831908,1211.56999999999994 	5.42292472954531,45.08700416085978,1212.99000000000001 
</coordinates></LineString>
<LineString><coordinates>
	5.42290683752693,45.08699918831908,1211.56999999999994 	5.42291791028776,45.08700187669383,1213.58999999999992 
</coordinates></LineString>
<LineString><coordinates>
	5.42290683752693,45.08699918831908,1211.56999999999994 	5.42290266500134,45.08699589730796,1212.44000000000005 
</coordinates></LineString>
<LineString><coordinates>
	5.42290683752693,45.08699918831908,1211.56999999999994 	5.42288764002982,45.08699827383982,1211.76999999999998 
</coordinates></LineString>
<LineString><coordinates>
	5.42290683752693,45.08699918831908,1211.56999999999994 	5.42292558447491,45.08701336988048,1211.53999999999996 
</coordinates></LineString>
<LineString><coordinates>
	5.42290683752693,45.08699918831908,1211.56999999999994 	5.42290676218133,45.08701584846535,1211.80999999999995 
</coordinates></LineString>
<LineString><coordinates>
	5.42290683752693,45.08699918831908,1211.56999999999994 	5.42291059578587,45.08698594558119,1211.36999999999989 
</coordinates></LineString>
<LineString><coordinates>
	5.42290683752693,45.08699918831908,1211.56999999999994 	5.42294141732458,45.08698554639281,1211.28999999999996 
</coordinates></LineString>
<LineString><coordinates>
	5.42290683752693,45.08699918831908,1211.56999999999994 	5.42290901394631,45.08699929670892,1213.59999999999991 
</coordinates></LineString>
<LineString><coordinates>
	5.42290683752693,45.08699918831908,1211.56999999999994 	5.42296218533244,45.08701767274741,1211.73000000000002 
</coordinates></LineString>
<LineString><coordinates>
	5.42290683752693,45.08699918831908,1211.56999999999994 	5.42294487710711,45.08696170292598,1210.86999999999989 	5.42293851404010,45.08695992501879,1210.92000000000007 
</coordinates></LineString>
<LineString><coordinates>
	5.42294487710711,45.08696170292598,1210.86999999999989 	5.42293976442382,45.08697180539895,1211.11999999999989 
</coordinates></LineString>
<LineString><coordinates>
	5.42294487710711,45.08696170292598,1210.86999999999989 	5.42295503560479,45.08696679985626,1211.09999999999991 
</coordinates></LineString>
<LineString><coordinates>
	5.42294487710711,45.08696170292598,1210.86999999999989 	5.42295512035018,45.08695707090506,1210.72000000000003 
</coordinates></LineString>
<LineString><coordinates>
	5.42294487710711,45.08696170292598,1210.86999999999989 	5.42293879886278,45.08695927368739,1210.79999999999995 
</coordinates></LineString>
<LineString><coordinates>
	5.42294487710711,45.08696170292598,1210.86999999999989 	5.42293691198270,45.08694996128051,1210.74000000000001 
</coordinates></LineString>
<LineString><coordinates>
	5.42294487710711,45.08696170292598,1210.86999999999989 	5.42294868290605,45.08694620604048,1210.73000000000002 
</coordinates></LineString>
<LineString><coordinates>
	5.42294487710711,45.08696170292598,1210.86999999999989 	5.42293254787577,45.08692219781515,1210.50000000000000 	5.42292493394978,45.08692141307833,1210.44000000000005 
</coordinates></LineString>
<LineString><coordinates>
	5.42293254787577,45.08692219781515,1210.50000000000000 	5.42293817181639,45.08692069972206,1210.63000000000011 
</coordinates></LineString>
<LineString><coordinates>
	5.42293254787577,45.08692219781515,1210.50000000000000 	5.42293229647917,45.08692221649119,1210.77999999999997 
</coordinates></LineString>
<LineString><coordinates>
	5.42293254787577,45.08692219781515,1210.50000000000000 	5.42293332842908,45.08692231987766,1210.11999999999989 
</coordinates></LineString>
</MultiGeometry>
</Placemark>
</Folder>
</Folder>
</kml>
