# https://github.com/mikedh/trimesh
v 1187999.87500000 5061090.00000000 1090.11132812
v 1187999.87500000 5061090.00000000 1084.07116699
v 1188002.00000000 5061089.50000000 1088.85009766
v 1188002.00000000 5061089.50000000 1084.64440918
v 1188003.37500000 5061089.50000000 1090.69006348
v 1188003.37500000 5061089.50000000 1084.87438965
v 1188004.25000000 5061089.50000000 1090.58435059
v 1188004.25000000 5061089.50000000 1084.81140137
v 1188006.75000000 5061091.00000000 1088.15905762
v 1188006.75000000 5061091.00000000 1084.71582031
v 1188008.87500000 5061092.00000000 1092.20837402
v 1188008.87500000 5061092.00000000 1084.75622559
v 1188009.62500000 5061093.00000000 1091.84399414
v 1188009.62500000 5061093.00000000 1084.34765625
v 1188012.75000000 5061095.00000000 1085.82226562
v 1188012.75000000 5061095.00000000 1084.17016602
v 1188012.75000000 5061095.50000000 1086.68566895
v 1188012.75000000 5061095.50000000 1084.42602539
v 1188013.75000000 5061096.00000000 1086.65185547
v 1188013.75000000 5061096.00000000 1085.80090332
v 1188014.12500000 5061096.00000000 1086.55615234
v 1188014.12500000 5061096.00000000 1085.76611328
v 1188014.12500000 5061096.50000000 1086.80078125
v 1188014.12500000 5061096.50000000 1085.74707031
v 1188013.87500000 5061097.50000000 1086.32824707
v 1188013.87500000 5061097.50000000 1085.47216797
v 1188012.50000000 5061099.50000000 1089.62023926
v 1188012.50000000 5061099.50000000 1088.77246094
v 1188012.25000000 5061099.50000000 1090.01953125
v 1188012.25000000 5061099.50000000 1088.86108398
v 1188011.62500000 5061099.50000000 1091.60424805
v 1188011.62500000 5061099.50000000 1089.19897461
v 1188011.00000000 5061100.00000000 1092.67553711
v 1188011.00000000 5061100.00000000 1090.05322266
v 1188010.87500000 5061101.00000000 1092.22229004
v 1188010.87500000 5061101.00000000 1089.89599609
v 1188011.50000000 5061101.50000000 1095.05212402
v 1188011.50000000 5061101.50000000 1090.57873535
v 1188011.87500000 5061103.50000000 1095.16638184
v 1188011.87500000 5061103.50000000 1092.40393066
v 1188011.37500000 5061104.50000000 1090.62756348
v 1188011.37500000 5061104.50000000 1088.72741699
v 1188010.75000000 5061105.00000000 1098.08117676
v 1188010.75000000 5061105.00000000 1092.70605469
v 1188009.75000000 5061107.00000000 1103.78332520
v 1188009.75000000 5061107.00000000 1101.88354492
v 1188009.12500000 5061107.50000000 1106.31982422
v 1188009.12500000 5061107.50000000 1104.39904785
v 1188009.62500000 5061108.00000000 1107.01196289
v 1188009.62500000 5061108.00000000 1105.45422363
v 1188009.87500000 5061109.00000000 1108.56774902
v 1188009.87500000 5061109.00000000 1107.33325195
v 1188010.75000000 5061110.00000000 1109.78674316
v 1188010.75000000 5061110.00000000 1107.31164551
v 1188012.12500000 5061111.50000000 1108.82067871
v 1188012.12500000 5061111.50000000 1107.03149414
v 1188013.12500000 5061111.50000000 1108.54223633
v 1188013.12500000 5061111.50000000 1106.68750000
v 1188013.25000000 5061112.00000000 1108.53564453
v 1188013.25000000 5061112.00000000 1106.11389160
v 1188014.50000000 5061113.50000000 1107.92944336
v 1188014.50000000 5061113.50000000 1106.12805176
v 1188014.62500000 5061114.50000000 1108.08544922
v 1188014.62500000 5061114.50000000 1105.19323730
v 1188014.25000000 5061115.50000000 1110.18591309
v 1188014.25000000 5061115.50000000 1105.01318359
v 1188014.62500000 5061117.50000000 1112.29833984
v 1188014.62500000 5061117.50000000 1103.49475098
v 1188014.62500000 5061118.00000000 1111.66760254
v 1188014.62500000 5061118.00000000 1102.71838379
v 1188013.12500000 5061118.00000000 1111.63903809
v 1188013.12500000 5061118.00000000 1103.22827148
v 1188013.25000000 5061117.00000000 1112.29699707
v 1188013.25000000 5061117.00000000 1103.93945312
v 1188013.75000000 5061116.00000000 1111.20385742
v 1188013.75000000 5061116.00000000 1105.02746582
v 1188013.75000000 5061114.00000000 1108.06665039
v 1188013.75000000 5061114.00000000 1105.84094238
v 1188012.87500000 5061113.00000000 1108.52246094
v 1188012.87500000 5061113.00000000 1105.98852539
v 1188011.62500000 5061112.50000000 1108.86303711
v 1188011.62500000 5061112.50000000 1106.33654785
v 1188011.62500000 5061111.50000000 1108.93212891
v 1188011.62500000 5061111.50000000 1106.66638184
v 1188011.12500000 5061111.50000000 1109.16003418
v 1188011.12500000 5061111.50000000 1106.75720215
v 1188009.75000000 5061112.50000000 1109.71960449
v 1188009.75000000 5061112.50000000 1106.79833984
v 1188009.37500000 5061112.00000000 1110.00952148
v 1188009.37500000 5061112.00000000 1107.26672363
v 1188008.75000000 5061111.50000000 1110.53857422
v 1188008.75000000 5061111.50000000 1107.36303711
v 1188008.12500000 5061111.50000000 1112.04748535
v 1188008.12500000 5061111.50000000 1108.31091309
v 1188007.87500000 5061112.00000000 1112.81884766
v 1188007.87500000 5061112.00000000 1108.94873047
v 1188007.75000000 5061113.00000000 1112.01818848
v 1188007.75000000 5061113.00000000 1108.70007324
v 1188006.87500000 5061113.50000000 1112.05065918
v 1188006.87500000 5061113.50000000 1108.77368164
v 1188006.12500000 5061112.50000000 1113.02722168
v 1188006.12500000 5061112.50000000 1110.79089355
v 1188005.25000000 5061112.50000000 1113.33728027
v 1188005.25000000 5061112.50000000 1111.44738770
v 1188003.87500000 5061112.00000000 1114.66748047
v 1188003.87500000 5061112.00000000 1113.34716797
v 1188003.25000000 5061111.50000000 1115.43139648
v 1188003.25000000 5061111.50000000 1114.30151367
v 1188000.12500000 5061111.00000000 1116.35693359
v 1188000.12500000 5061111.00000000 1115.06713867
v 1187999.87500000 5061111.00000000 1116.30554199
v 1187999.87500000 5061111.00000000 1114.96350098
v 1188000.00000000 5061110.50000000 1116.44409180
v 1188000.00000000 5061110.50000000 1115.23193359
v 1188000.37500000 5061110.00000000 1116.75451660
v 1188000.37500000 5061110.00000000 1115.98852539
v 1188001.25000000 5061110.00000000 1117.64636230
v 1188001.25000000 5061110.00000000 1116.28125000
v 1188001.37500000 5061109.50000000 1118.63940430
v 1188001.37500000 5061109.50000000 1117.56518555
v 1188001.00000000 5061109.00000000 1119.14978027
v 1188001.00000000 5061109.00000000 1117.17578125
v 1188000.87500000 5061108.00000000 1118.01403809
v 1188000.87500000 5061108.00000000 1116.71325684
v 1188000.12500000 5061107.50000000 1117.74743652
v 1188000.12500000 5061107.50000000 1116.82495117
v 1188000.50000000 5061106.00000000 1119.83349609
v 1188000.50000000 5061106.00000000 1118.73327637
v 1188000.37500000 5061105.50000000 1119.82482910
v 1188000.37500000 5061105.50000000 1118.78698730
v 1187998.75000000 5061104.00000000 1122.31359863
v 1187998.75000000 5061104.00000000 1119.09167480
v 1187998.50000000 5061104.00000000 1121.87780762
v 1187998.50000000 5061104.00000000 1119.09118652
v 1187998.25000000 5061104.50000000 1123.73498535
v 1187998.25000000 5061104.50000000 1118.68212891
v 1187996.37500000 5061105.00000000 1123.31091309
v 1187996.37500000 5061105.00000000 1119.95983887
v 1187995.87500000 5061104.50000000 1125.03283691
v 1187995.87500000 5061104.50000000 1121.19738770
v 1187995.50000000 5061104.00000000 1126.88195801
v 1187995.50000000 5061104.00000000 1124.60815430
v 1187995.12500000 5061103.50000000 1128.60046387
v 1187995.12500000 5061103.50000000 1125.42761230
v 1187995.50000000 5061102.50000000 1129.98840332
v 1187995.50000000 5061102.50000000 1126.59448242
v 1187996.00000000 5061102.50000000 1127.85034180
v 1187996.00000000 5061102.50000000 1124.56408691
v 1187996.37500000 5061102.50000000 1125.28405762
v 1187996.37500000 5061102.50000000 1122.59155273
v 1187996.25000000 5061102.00000000 1124.29846191
v 1187996.25000000 5061102.00000000 1120.98925781
v 1187996.37500000 5061102.00000000 1123.46362305
v 1187996.37500000 5061102.00000000 1120.34289551
v 1187997.37500000 5061102.00000000 1122.56689453
v 1187997.37500000 5061102.00000000 1120.96594238
v 1187998.37500000 5061102.50000000 1123.21972656
v 1187998.37500000 5061102.50000000 1121.25561523
v 1187999.37500000 5061103.50000000 1120.57202148
v 1187999.37500000 5061103.50000000 1118.86962891
v 1188000.25000000 5061104.00000000 1121.72192383
v 1188000.25000000 5061104.00000000 1119.19409180
v 1188000.50000000 5061105.00000000 1120.51525879
v 1188000.50000000 5061105.00000000 1119.71105957
v 1188000.75000000 5061105.00000000 1119.81677246
v 1188000.75000000 5061105.00000000 1118.93408203
v 1188001.50000000 5061105.00000000 1120.41076660
v 1188001.50000000 5061105.00000000 1118.11535645
v 1188001.75000000 5061105.50000000 1119.03259277
v 1188001.75000000 5061105.50000000 1117.74902344
v 1188001.75000000 5061106.00000000 1119.43041992
v 1188001.75000000 5061106.00000000 1118.22485352
v 1188003.12500000 5061108.50000000 1117.65075684
v 1188003.12500000 5061108.50000000 1115.51672363
v 1188003.37500000 5061109.00000000 1114.96142578
v 1188003.37500000 5061109.00000000 1113.62145996
v 1188003.25000000 5061109.00000000 1114.44592285
v 1188003.25000000 5061109.00000000 1112.95690918
v 1188002.87500000 5061109.50000000 1117.01257324
v 1188002.87500000 5061109.50000000 1113.49902344
v 1188002.12500000 5061109.50000000 1118.15551758
v 1188002.12500000 5061109.50000000 1115.17028809
v 1188001.87500000 5061109.50000000 1119.07861328
v 1188001.87500000 5061109.50000000 1115.41174316
v 1188001.50000000 5061110.00000000 1116.77770996
v 1188001.50000000 5061110.00000000 1115.37097168
v 1188001.62500000 5061110.50000000 1116.86572266
v 1188001.62500000 5061110.50000000 1116.16455078
v 1188003.00000000 5061110.50000000 1115.39416504
v 1188003.00000000 5061110.50000000 1113.99511719
v 1188004.50000000 5061110.50000000 1116.16308594
v 1188004.50000000 5061110.50000000 1113.94287109
v 1188006.62500000 5061111.00000000 1113.92687988
v 1188006.62500000 5061111.00000000 1110.99353027
v 1188007.00000000 5061110.50000000 1112.40759277
v 1188007.00000000 5061110.50000000 1109.67895508
v 1188007.00000000 5061110.50000000 1111.70080566
v 1188007.00000000 5061110.50000000 1108.91271973
v 1188006.75000000 5061110.50000000 1111.80493164
v 1188006.75000000 5061110.50000000 1108.94543457
v 1188004.37500000 5061110.00000000 1114.15148926
v 1188004.37500000 5061110.00000000 1112.70788574
v 1188002.00000000 5061110.50000000 1114.48022461
v 1188002.00000000 5061110.50000000 1113.82092285
v 1188001.75000000 5061110.00000000 1115.50427246
v 1188001.75000000 5061110.00000000 1114.03833008
v 1188002.00000000 5061109.50000000 1115.33752441
v 1188002.00000000 5061109.50000000 1113.43737793
v 1188002.87500000 5061109.50000000 1114.04943848
v 1188002.87500000 5061109.50000000 1112.90612793
v 1188003.75000000 5061109.50000000 1112.82873535
v 1188003.75000000 5061109.50000000 1111.70202637
v 1188004.25000000 5061109.50000000 1113.13647461
v 1188004.25000000 5061109.50000000 1111.89331055
v 1188006.12500000 5061110.00000000 1111.76684570
v 1188006.12500000 5061110.00000000 1108.89062500
v 1188008.50000000 5061109.50000000 1109.16809082
v 1188008.50000000 5061109.50000000 1107.33679199
v 1188008.75000000 5061109.50000000 1108.87878418
v 1188008.75000000 5061109.50000000 1107.32409668
v 1188009.00000000 5061109.00000000 1108.26489258
v 1188009.00000000 5061109.00000000 1106.41223145
v 1188008.87500000 5061108.50000000 1107.80261230
v 1188008.87500000 5061108.50000000 1106.07861328
v 1188007.75000000 5061108.50000000 1108.37670898
v 1188007.75000000 5061108.50000000 1105.81628418
v 1188008.00000000 5061107.00000000 1107.28430176
v 1188008.00000000 5061107.00000000 1105.89038086
v 1188009.37500000 5061105.50000000 1104.35253906
v 1188009.37500000 5061105.50000000 1101.67395020
v 1188009.50000000 5061105.00000000 1101.18066406
v 1188009.50000000 5061105.00000000 1099.22119141
v 1188010.12500000 5061104.50000000 1099.74365234
v 1188010.12500000 5061104.50000000 1095.25866699
v 1188010.25000000 5061104.00000000 1096.54150391
v 1188010.25000000 5061104.00000000 1093.75036621
v 1188009.62500000 5061103.00000000 1098.50012207
v 1188009.62500000 5061103.00000000 1095.09851074
v 1188009.37500000 5061102.50000000 1098.29223633
v 1188009.37500000 5061102.50000000 1095.78979492
v 1188008.87500000 5061102.00000000 1099.02697754
v 1188008.87500000 5061102.00000000 1096.97961426
v 1188009.00000000 5061101.00000000 1097.97509766
v 1188009.00000000 5061101.00000000 1095.73364258
v 1188008.00000000 5061100.50000000 1102.98974609
v 1188008.00000000 5061100.50000000 1096.40881348
v 1188008.00000000 5061100.00000000 1097.71435547
v 1188008.00000000 5061100.00000000 1095.42504883
v 1188008.25000000 5061100.00000000 1096.83374023
v 1188008.25000000 5061100.00000000 1094.57128906
v 1188008.87500000 5061099.50000000 1095.93322754
v 1188008.87500000 5061099.50000000 1093.59680176
v 1188009.25000000 5061099.00000000 1093.94555664
v 1188009.25000000 5061099.00000000 1091.11450195
v 1188009.75000000 5061099.00000000 1091.54785156
v 1188009.75000000 5061099.00000000 1089.83728027
v 1188010.25000000 5061098.50000000 1091.63696289
v 1188010.25000000 5061098.50000000 1089.58081055
v 1188010.87500000 5061098.00000000 1091.37231445
v 1188010.87500000 5061098.00000000 1089.39733887
v 1188011.12500000 5061098.00000000 1091.03967285
v 1188011.12500000 5061098.00000000 1089.25610352
v 1188012.00000000 5061098.50000000 1090.25927734
v 1188012.00000000 5061098.50000000 1088.75683594
v 1188012.50000000 5061098.50000000 1089.73669434
v 1188012.50000000 5061098.50000000 1088.22155762
v 1188012.75000000 5061098.00000000 1088.53527832
v 1188012.75000000 5061098.00000000 1086.85632324
v 1188012.62500000 5061097.50000000 1087.68176270
v 1188012.62500000 5061097.50000000 1085.96179199
v 1188013.00000000 5061097.00000000 1086.71594238
v 1188013.00000000 5061097.00000000 1085.46191406
v 1188013.12500000 5061096.50000000 1086.80322266
v 1188013.12500000 5061096.50000000 1085.69006348
v 1188012.25000000 5061096.50000000 1086.28491211
v 1188012.25000000 5061096.50000000 1084.79016113
v 1188011.62500000 5061096.00000000 1085.44250488
v 1188011.62500000 5061096.00000000 1083.26635742
v 1188009.62500000 5061095.50000000 1091.22802734
v 1188009.62500000 5061095.50000000 1084.26806641
v 1188007.75000000 5061094.50000000 1093.43566895
v 1188007.75000000 5061094.50000000 1084.80346680
v 1188006.25000000 5061093.50000000 1092.47143555
v 1188006.25000000 5061093.50000000 1085.79943848
v 1188005.87500000 5061092.50000000 1089.05627441
v 1188005.87500000 5061092.50000000 1084.98339844
v 1188005.62500000 5061092.00000000 1088.09667969
v 1188005.62500000 5061092.00000000 1084.41040039
v 1188004.25000000 5061092.50000000 1091.26843262
v 1188004.25000000 5061092.50000000 1085.13281250
v 1188001.87500000 5061091.50000000 1087.93054199
v 1188001.87500000 5061091.50000000 1084.24658203
v 1188000.62500000 5061091.50000000 1088.97668457
v 1188000.62500000 5061091.50000000 1084.46362305
v 1187995.25000000 5061103.50000000 1127.56005859
v 1187995.62500000 5061103.00000000 1124.11999512
v 1187998.00000000 5061102.50000000 1122.59997559
v 1187995.75000000 5061102.00000000 1123.96997070
v 1187995.00000000 5061102.50000000 1128.76000977
v 1187995.50000000 5061102.50000000 1129.54003906
v 1187998.37500000 5061103.50000000 1128.42004395
v 1187999.62500000 5061105.00000000 1128.77001953
v 1188000.62500000 5061104.50000000 1128.67004395
v 1187997.25000000 5061104.50000000 1128.92004395
v 1187998.25000000 5061105.00000000 1128.84997559
v 1187996.62500000 5061104.50000000 1128.88000488
v 1187996.12500000 5061104.50000000 1128.80004883
v 1187995.25000000 5061103.00000000 1128.79003906
v 1187998.12500000 5061102.50000000 1122.60998535
v 1187997.12500000 5061103.00000000 1128.42004395
v 1187997.62500000 5061104.50000000 1129.33996582
v 1187995.25000000 5061103.00000000 1128.79003906
v 1187997.37500000 5061104.50000000 1124.71997070
v 1187998.75000000 5061103.50000000 1122.56005859
v 1187999.87500000 5061104.50000000 1121.17004395
v 1187998.25000000 5061104.00000000 1122.51000977
v 1187997.50000000 5061103.50000000 1121.83996582
v 1187998.00000000 5061102.50000000 1121.90002441
v 1187996.50000000 5061102.00000000 1122.64001465
v 1187996.25000000 5061102.00000000 1122.70996094
v 1187996.25000000 5061103.50000000 1122.53002930
v 1187995.75000000 5061104.00000000 1122.43005371
v 1187996.62500000 5061104.00000000 1122.41003418
v 1187997.62500000 5061103.50000000 1122.93005371
v 1187997.25000000 5061104.00000000 1122.38000488
v 1187997.50000000 5061104.00000000 1122.29003906
v 1187998.00000000 5061102.50000000 1122.59997559
v 1187999.62500000 5061105.00000000 1121.33996582
v 1188000.25000000 5061104.50000000 1122.58996582
v 1187998.00000000 5061102.50000000 1122.59997559
v 1188000.25000000 5061104.00000000 1122.19995117
v 1188000.12500000 5061105.00000000 1121.15002441
v 1188000.25000000 5061104.50000000 1121.04003906
v 1188000.12500000 5061104.00000000 1121.56994629
v 1187999.75000000 5061104.00000000 1121.23999023
v 1188000.00000000 5061104.50000000 1121.32995605
v 1188000.25000000 5061104.50000000 1121.06005859
v 1187999.87500000 5061104.50000000 1120.97998047
v 1188001.12500000 5061106.00000000 1120.40002441
v 1187999.87500000 5061105.00000000 1121.23999023
v 1187998.37500000 5061104.50000000 1121.56005859
v 1187999.87500000 5061104.50000000 1121.17004395
v 1188001.25000000 5061105.50000000 1120.33996582
v 1188001.37500000 5061106.00000000 1120.35998535
v 1188000.75000000 5061106.00000000 1119.84997559
v 1188002.37500000 5061108.00000000 1119.63000488
v 1188003.00000000 5061108.50000000 1119.77001953
v 1188002.12500000 5061109.00000000 1119.90002441
v 1188001.25000000 5061109.00000000 1120.13000488
v 1188000.37500000 5061107.00000000 1120.21997070
v 1188001.25000000 5061106.00000000 1121.04003906
v 1188000.62500000 5061106.50000000 1120.40002441
v 1188000.50000000 5061106.50000000 1119.95996094
v 1187999.87500000 5061104.50000000 1121.17004395
v 1188001.75000000 5061104.50000000 1121.81005859
v 1188001.50000000 5061105.50000000 1121.00000000
v 1188001.50000000 5061105.00000000 1120.98999023
v 1188001.62500000 5061105.50000000 1120.44995117
v 1188001.12500000 5061106.00000000 1120.40002441
v 1188001.87500000 5061106.50000000 1119.96997070
v 1188000.87500000 5061106.00000000 1119.95996094
v 1188001.12500000 5061106.00000000 1120.40002441
v 1188000.12500000 5061107.50000000 1119.82995605
v 1188002.37500000 5061108.00000000 1119.23999023
v 1188001.50000000 5061108.50000000 1119.68005371
v 1188000.87500000 5061109.00000000 1120.06005859
v 1188001.62500000 5061109.00000000 1119.94995117
v 1188001.37500000 5061108.50000000 1120.47998047
v 1188002.37500000 5061108.00000000 1120.63000488
v 1188003.00000000 5061108.00000000 1119.79003906
v 1188003.50000000 5061109.00000000 1119.93005371
v 1188002.87500000 5061109.50000000 1120.07995605
v 1188001.50000000 5061109.50000000 1120.08996582
v 1188002.37500000 5061108.00000000 1119.63000488
v 1188002.37500000 5061108.00000000 1119.63000488
v 1188001.87500000 5061109.00000000 1119.15002441
v 1188001.62500000 5061109.00000000 1119.20996094
v 1188001.25000000 5061110.50000000 1117.64001465
v 1188000.87500000 5061109.00000000 1120.06005859
v 1188000.50000000 5061106.50000000 1119.84997559
v 1188001.12500000 5061109.00000000 1120.21997070
v 1188001.62500000 5061109.00000000 1120.42004395
v 1188001.75000000 5061106.50000000 1119.93005371
v 1188003.12500000 5061108.50000000 1120.11999512
v 1188002.00000000 5061109.00000000 1119.82995605
v 1188002.62500000 5061109.50000000 1119.88000488
v 1188002.00000000 5061109.50000000 1120.06005859
v 1188001.50000000 5061109.50000000 1120.00000000
v 1188002.37500000 5061109.50000000 1120.54003906
v 1188003.37500000 5061109.50000000 1120.20996094
v 1188001.62500000 5061109.00000000 1119.94995117
v 1188000.00000000 5061111.00000000 1118.05004883
v 1188001.25000000 5061110.50000000 1117.51000977
v 1188000.50000000 5061111.00000000 1117.88000488
v 1188001.12500000 5061111.00000000 1117.76000977
v 1188001.37500000 5061110.50000000 1118.10998535
v 1188001.25000000 5061110.50000000 1118.25000000
v 1188000.12500000 5061110.50000000 1118.18994141
v 1188001.12500000 5061110.00000000 1117.88000488
v 1188001.62500000 5061109.00000000 1119.94995117
v 1188001.12500000 5061110.00000000 1117.79003906
v 1188003.87500000 5061111.00000000 1116.48999023
v 1188003.87500000 5061111.00000000 1116.53002930
v 1188002.25000000 5061111.00000000 1117.50000000
v 1188001.62500000 5061111.00000000 1117.66003418
v 1188001.37500000 5061111.00000000 1117.81005859
v 1188001.25000000 5061110.50000000 1117.64001465
v 1188004.00000000 5061111.00000000 1115.46997070
v 1188003.25000000 5061110.50000000 1116.67004395
v 1188004.00000000 5061110.50000000 1116.53002930
v 1188004.00000000 5061110.50000000 1116.59997559
v 1188003.87500000 5061111.00000000 1117.00000000
v 1188005.12500000 5061111.00000000 1116.32995605
v 1188004.75000000 5061110.50000000 1116.19995117
v 1188007.12500000 5061111.50000000 1114.76000977
v 1188006.87500000 5061111.50000000 1116.17004395
v 1188003.87500000 5061111.00000000 1116.93005371
v 1188006.25000000 5061112.50000000 1116.51000977
v 1188007.25000000 5061112.50000000 1116.14001465
v 1188003.75000000 5061111.00000000 1116.45996094
v 1188003.37500000 5061111.00000000 1116.66003418
v 1188003.75000000 5061111.50000000 1116.81005859
v 1188004.00000000 5061112.00000000 1116.67004395
v 1188003.75000000 5061112.00000000 1117.75000000
v 1188001.25000000 5061110.50000000 1117.64001465
v 1188003.87500000 5061111.00000000 1116.53002930
v 1188007.00000000 5061111.50000000 1115.66003418
v 1188007.87500000 5061112.50000000 1114.52001953
v 1188007.87500000 5061110.00000000 1108.65002441
v 1188006.62500000 5061111.50000000 1112.25000000
v 1188006.87500000 5061110.50000000 1108.59997559
v 1188005.25000000 5061111.00000000 1114.93994141
v 1188007.00000000 5061111.50000000 1115.10998535
v 1188003.87500000 5061111.00000000 1116.53002930
v 1188006.75000000 5061113.00000000 1116.91003418
v 1188006.87500000 5061113.50000000 1114.67004395
v 1188005.87500000 5061112.50000000 1114.77001953
v 1188006.37500000 5061112.50000000 1113.86999512
v 1188006.12500000 5061111.50000000 1114.82995605
v 1188007.12500000 5061111.50000000 1114.76000977
v 1188008.00000000 5061110.00000000 1108.69995117
v 1188007.87500000 5061110.00000000 1109.15002441
v 1188008.50000000 5061109.50000000 1108.68994141
v 1188010.87500000 5061110.50000000 1109.39001465
v 1188011.25000000 5061109.50000000 1108.22998047
v 1188010.75000000 5061112.00000000 1108.60998535
v 1188008.00000000 5061110.50000000 1107.65002441
v 1188006.62500000 5061110.00000000 1108.96997070
v 1188003.62500000 5061109.50000000 1111.65002441
v 1188006.62500000 5061111.50000000 1108.96997070
v 1188008.37500000 5061111.50000000 1107.89001465
v 1188008.62500000 5061111.00000000 1108.72998047
v 1188008.00000000 5061111.50000000 1108.82995605
v 1188007.87500000 5061111.50000000 1109.02001953
v 1188008.25000000 5061111.50000000 1110.69995117
v 1188007.87500000 5061111.00000000 1110.53002930
v 1188007.12500000 5061111.50000000 1114.76000977
v 1188007.87500000 5061110.00000000 1108.65002441
v 1188003.12500000 5061110.00000000 1111.73999023
v 1188003.62500000 5061109.50000000 1110.97998047
v 1188003.62500000 5061110.00000000 1111.48999023
v 1188007.87500000 5061110.00000000 1108.65002441
v 1188003.62500000 5061110.00000000 1111.66003418
v 1188003.62500000 5061110.00000000 1111.68994141
v 1188003.87500000 5061110.00000000 1114.27001953
v 1188004.00000000 5061109.50000000 1111.63000488
v 1188003.62500000 5061109.00000000 1111.68994141
v 1188003.75000000 5061109.00000000 1112.09997559
v 1188002.12500000 5061110.00000000 1112.10998535
v 1188003.62500000 5061109.50000000 1111.65002441
v 1188002.12500000 5061110.00000000 1112.95996094
v 1188002.12500000 5061109.50000000 1112.11999512
v 1188002.00000000 5061110.00000000 1112.08996582
v 1188002.12500000 5061110.00000000 1111.93005371
v 1188002.37500000 5061110.00000000 1112.04003906
v 1188002.12500000 5061110.50000000 1112.18005371
v 1188003.62500000 5061109.50000000 1111.65002441
v 1188002.12500000 5061109.50000000 1112.09997559
v 1188002.12500000 5061110.00000000 1112.10998535
v 1188010.62500000 5061110.50000000 1107.89001465
v 1188012.37500000 5061112.00000000 1108.51000977
v 1188010.25000000 5061111.50000000 1107.78002930
v 1188011.25000000 5061111.50000000 1109.27001953
v 1188010.25000000 5061112.50000000 1109.30004883
v 1188010.00000000 5061112.00000000 1109.60998535
v 1188006.75000000 5061111.00000000 1108.96997070
v 1188009.25000000 5061112.50000000 1112.44995117
v 1188010.62500000 5061110.50000000 1110.10998535
v 1188009.12500000 5061110.00000000 1108.96997070
v 1188007.87500000 5061110.00000000 1108.65002441
v 1188009.62500000 5061109.50000000 1108.55004883
v 1188011.75000000 5061111.00000000 1109.22998047
v 1188010.12500000 5061111.50000000 1111.38000488
v 1188010.87500000 5061110.50000000 1109.39001465
v 1188012.25000000 5061112.00000000 1104.77001953
v 1188012.12500000 5061112.00000000 1105.72998047
v 1188012.25000000 5061111.50000000 1108.41003418
v 1188011.75000000 5061112.50000000 1108.36999512
v 1188010.87500000 5061110.50000000 1109.39001465
v 1188013.00000000 5061111.50000000 1108.68005371
v 1188013.25000000 5061111.50000000 1108.39001465
v 1188013.25000000 5061112.00000000 1108.55004883
v 1188013.12500000 5061111.50000000 1108.26000977
v 1188013.00000000 5061112.00000000 1107.65002441
v 1188012.62500000 5061112.00000000 1105.63000488
v 1188014.12500000 5061114.00000000 1107.35998535
v 1188012.25000000 5061112.50000000 1108.50000000
v 1188012.37500000 5061112.00000000 1109.11999512
v 1188012.62500000 5061112.50000000 1108.44995117
v 1188012.37500000 5061112.00000000 1108.51000977
v 1188014.00000000 5061114.00000000 1105.18994141
v 1188014.75000000 5061114.00000000 1107.52001953
v 1188014.50000000 5061114.50000000 1106.39001465
v 1188014.00000000 5061115.50000000 1107.81994629
v 1188013.50000000 5061114.00000000 1107.45996094
v 1188013.87500000 5061117.00000000 1111.14001465
v 1188014.12500000 5061113.50000000 1108.82995605
v 1188012.37500000 5061112.00000000 1108.51000977
v 1188013.75000000 5061112.50000000 1107.35998535
v 1188012.12500000 5061112.00000000 1107.06994629
v 1188012.62500000 5061112.00000000 1105.55004883
v 1188013.12500000 5061113.00000000 1107.23999023
v 1188013.25000000 5061113.00000000 1107.35998535
v 1188013.62500000 5061114.00000000 1107.32995605
v 1188014.12500000 5061114.00000000 1107.35998535
v 1188008.75000000 5061108.00000000 1107.04003906
v 1188009.37500000 5061109.50000000 1108.60998535
v 1188009.75000000 5061109.00000000 1108.55004883
v 1188010.87500000 5061110.50000000 1109.39001465
v 1188010.12500000 5061109.50000000 1108.56994629
v 1188009.87500000 5061109.00000000 1108.53002930
v 1188009.87500000 5061109.00000000 1108.28002930
v 1188009.75000000 5061109.00000000 1108.54003906
v 1188009.62500000 5061109.50000000 1107.85998535
v 1188011.37500000 5061110.00000000 1108.65002441
v 1188010.12500000 5061112.50000000 1108.27001953
v 1188009.50000000 5061109.50000000 1107.88000488
v 1188009.12500000 5061109.50000000 1108.04003906
v 1188008.75000000 5061109.50000000 1108.31994629
v 1188008.75000000 5061109.50000000 1108.32995605
v 1188007.75000000 5061111.00000000 1108.23999023
v 1188008.50000000 5061111.50000000 1108.42004395
v 1188009.62500000 5061109.50000000 1108.55004883
v 1188008.50000000 5061108.00000000 1107.93994141
v 1188009.62500000 5061109.50000000 1108.55004883
v 1188009.25000000 5061108.00000000 1107.15002441
v 1188009.62500000 5061108.50000000 1107.06005859
v 1188009.00000000 5061108.50000000 1107.09997559
v 1188009.62500000 5061107.50000000 1105.73999023
v 1188008.87500000 5061107.50000000 1105.35998535
v 1188009.25000000 5061106.50000000 1105.54003906
v 1188009.12500000 5061108.00000000 1107.00000000
v 1188009.62500000 5061108.00000000 1106.91003418
v 1188008.37500000 5061107.50000000 1107.31005859
v 1188007.75000000 5061108.50000000 1107.03002930
v 1188008.12500000 5061108.00000000 1107.03002930
v 1188008.50000000 5061107.50000000 1106.27001953
v 1188008.00000000 5061107.00000000 1106.92004395
v 1188008.00000000 5061107.00000000 1106.92004395
v 1188008.75000000 5061108.00000000 1107.04003906
v 1188009.25000000 5061106.50000000 1105.90002441
v 1188009.00000000 5061106.00000000 1105.65002441
v 1188008.12500000 5061107.00000000 1106.60998535
v 1188008.75000000 5061106.50000000 1105.53002930
v 1188010.00000000 5061106.50000000 1099.73999023
v 1188008.50000000 5061107.00000000 1105.33996582
v 1188009.87500000 5061106.50000000 1100.18005371
v 1188009.25000000 5061107.00000000 1104.82995605
v 1188009.25000000 5061107.00000000 1105.40002441
v 1188008.87500000 5061107.00000000 1105.56005859
v 1188008.75000000 5061107.00000000 1105.56994629
v 1188008.75000000 5061108.00000000 1107.04003906
v 1188009.62500000 5061106.00000000 1105.41003418
v 1188009.87500000 5061106.50000000 1101.65002441
v 1188009.62500000 5061106.00000000 1105.47998047
v 1188009.25000000 5061106.50000000 1105.54003906
v 1188009.87500000 5061106.50000000 1101.67004395
v 1188009.50000000 5061107.00000000 1101.60998535
v 1188009.12500000 5061107.00000000 1100.96997070
v 1188009.25000000 5061107.00000000 1101.52001953
v 1188009.25000000 5061107.00000000 1101.73999023
v 1188009.25000000 5061106.50000000 1101.64001465
v 1188009.87500000 5061106.50000000 1099.86999512
v 1188011.62500000 5061101.50000000 1095.91003418
v 1188009.37500000 5061105.50000000 1101.64001465
v 1188009.62500000 5061104.50000000 1101.43005371
v 1188010.50000000 5061102.50000000 1104.43994141
v 1188009.25000000 5061106.50000000 1105.54003906
v 1188010.50000000 5061105.00000000 1104.52001953
v 1188010.87500000 5061104.50000000 1101.53002930
v 1188010.25000000 5061104.00000000 1101.35998535
v 1188010.25000000 5061101.00000000 1101.06005859
v 1188010.00000000 5061100.50000000 1100.71997070
v 1188011.50000000 5061102.00000000 1098.17004395
v 1188010.87500000 5061104.50000000 1101.34997559
v 1188009.37500000 5061106.50000000 1104.70996094
v 1188009.37500000 5061107.00000000 1102.48999023
v 1188009.25000000 5061107.00000000 1101.66003418
v 1188009.87500000 5061106.50000000 1101.65002441
v 1188008.50000000 5061100.00000000 1100.36999512
v 1188008.37500000 5061103.00000000 1110.35998535
v 1188010.00000000 5061100.50000000 1100.71997070
v 1188010.62500000 5061101.00000000 1100.81005859
v 1188011.00000000 5061100.00000000 1089.11999512
v 1188010.75000000 5061100.50000000 1098.44995117
v 1188010.62500000 5061101.00000000 1100.07995605
v 1188009.75000000 5061103.50000000 1101.06005859
v 1188010.50000000 5061100.50000000 1088.44995117
v 1188009.00000000 5061101.00000000 1100.69995117
v 1188009.25000000 5061102.50000000 1100.85998535
v 1188007.62500000 5061100.50000000 1103.10998535
v 1188008.12500000 5061100.00000000 1100.61999512
v 1188009.87500000 5061106.50000000 1101.65002441
v 1188010.50000000 5061102.50000000 1100.93994141
v 1188010.50000000 5061101.00000000 1100.81994629
v 1188010.00000000 5061100.50000000 1100.71997070
v 1188010.75000000 5061100.50000000 1088.44995117
v 1188010.50000000 5061100.50000000 1086.98999023
v 1188011.87500000 5061099.00000000 1088.59997559
v 1188010.62500000 5061099.00000000 1087.98999023
v 1188011.50000000 5061098.00000000 1088.65002441
v 1188010.00000000 5061099.00000000 1088.64001465
v 1188010.75000000 5061098.00000000 1090.06005859
v 1188010.12500000 5061099.00000000 1090.02001953
v 1188011.12500000 5061097.50000000 1092.95996094
v 1188010.62500000 5061100.50000000 1096.50000000
v 1188010.00000000 5061100.50000000 1100.71997070
v 1188009.62500000 5061100.50000000 1088.63000488
v 1188009.75000000 5061101.50000000 1088.56994629
v 1188010.75000000 5061102.00000000 1087.20996094
v 1188009.87500000 5061103.00000000 1088.53002930
v 1188011.12500000 5061104.50000000 1088.35998535
v 1188011.00000000 5061104.50000000 1088.81994629
v 1188011.50000000 5061101.50000000 1088.51000977
v 1188011.75000000 5061103.00000000 1088.40002441
v 1188011.37500000 5061104.50000000 1088.22998047
v 1188010.87500000 5061100.50000000 1088.45996094
v 1188010.50000000 5061100.50000000 1088.44995117
v 1188010.37500000 5061104.50000000 1088.88000488
v 1188011.37500000 5061104.50000000 1088.02001953
v 1188011.00000000 5061104.50000000 1088.81994629
v 1188011.50000000 5061104.50000000 1088.83996582
v 1188010.25000000 5061104.00000000 1089.64001465
v 1188011.62500000 5061104.00000000 1088.81994629
v 1188011.25000000 5061101.00000000 1088.55004883
v 1188009.62500000 5061099.00000000 1089.06994629
v 1188010.50000000 5061100.50000000 1088.44995117
v 1188009.62500000 5061101.50000000 1088.93994141
v 1188009.62500000 5061103.00000000 1088.88000488
v 1188010.37500000 5061104.00000000 1088.22998047
v 1188010.25000000 5061104.00000000 1088.96997070
v 1188011.00000000 5061104.50000000 1088.81994629
v 1188010.12500000 5061099.00000000 1089.25000000
v 1188010.00000000 5061099.00000000 1090.03002930
v 1188010.12500000 5061099.00000000 1090.02001953
v 1188010.50000000 5061099.00000000 1096.71997070
v 1188010.75000000 5061098.00000000 1091.56994629
v 1188011.37500000 5061099.50000000 1090.06994629
v 1188012.75000000 5061098.50000000 1090.25000000
v 1188010.87500000 5061098.00000000 1090.33996582
v 1188012.12500000 5061098.00000000 1090.05004883
v 1188011.00000000 5061098.00000000 1090.08996582
v 1188010.62500000 5061098.50000000 1089.35998535
v 1188012.50000000 5061099.00000000 1089.23999023
v 1188010.50000000 5061100.50000000 1088.44995117
v 1188009.62500000 5061101.00000000 1089.80004883
v 1188011.12500000 5061104.50000000 1089.76000977
v 1188010.75000000 5061100.50000000 1090.06994629
v 1188010.12500000 5061103.00000000 1096.44995117
v 1188010.12500000 5061099.00000000 1090.02001953
v 1188012.50000000 5061099.00000000 1088.39001465
v 1188012.00000000 5061099.50000000 1089.23999023
v 1188011.25000000 5061098.50000000 1089.20996094
v 1188010.12500000 5061099.00000000 1090.02001953
v 1188012.37500000 5061099.00000000 1089.45996094
v 1188012.25000000 5061099.00000000 1090.01000977
v 1188012.37500000 5061099.00000000 1089.27001953
v 1188011.87500000 5061098.50000000 1089.23999023
v 1188012.37500000 5061099.00000000 1088.56005859
v 1188012.50000000 5061099.00000000 1088.31994629
v 1188013.50000000 5061097.00000000 1085.51000977
v 1188012.50000000 5061099.50000000 1089.02001953
v 1188012.37500000 5061099.50000000 1089.27001953
v 1188012.25000000 5061099.50000000 1089.26000977
v 1188012.50000000 5061099.00000000 1089.23999023
v 1188013.50000000 5061097.00000000 1085.31005859
v 1188013.75000000 5061097.50000000 1085.53002930
v 1188013.00000000 5061098.00000000 1085.78002930
v 1188013.75000000 5061097.50000000 1085.56005859
v 1188013.87500000 5061097.50000000 1085.64001465
v 1188012.50000000 5061099.00000000 1089.23999023
v 1188013.87500000 5061097.50000000 1086.18994141
v 1188013.50000000 5061097.00000000 1087.93994141
v 1188013.12500000 5061097.00000000 1086.34997559
v 1188013.87500000 5061096.00000000 1086.23999023
v 1188013.00000000 5061095.50000000 1085.93994141
v 1188013.00000000 5061097.00000000 1085.85998535
v 1188013.00000000 5061096.50000000 1085.67004395
v 1188012.50000000 5061097.50000000 1085.51000977
v 1188014.12500000 5061096.00000000 1085.81994629
v 1188013.50000000 5061097.00000000 1085.51000977
v 1188013.87500000 5061096.00000000 1086.27001953
v 1188013.50000000 5061095.50000000 1086.22998047
v 1188012.00000000 5061096.00000000 1088.14001465
v 1188012.75000000 5061096.00000000 1086.92004395
v 1188013.00000000 5061096.50000000 1086.32995605
v 1188013.37500000 5061096.00000000 1087.41003418
v 1188013.87500000 5061097.00000000 1085.85998535
v 1188013.87500000 5061096.00000000 1086.73999023
v 1188013.87500000 5061096.00000000 1086.23999023
v 1188014.00000000 5061096.00000000 1085.58996582
v 1188013.25000000 5061096.00000000 1085.67004395
v 1188013.00000000 5061096.00000000 1086.29003906
v 1188013.12500000 5061096.50000000 1086.06005859
v 1188012.00000000 5061096.50000000 1086.60998535
v 1188013.50000000 5061097.00000000 1085.51000977
v 1188013.87500000 5061096.00000000 1086.23999023
v 1188013.87500000 5061096.00000000 1086.23999023
v 1188012.87500000 5061096.50000000 1086.93005371
v 1188012.75000000 5061096.50000000 1086.15002441
v 1188012.75000000 5061096.50000000 1086.92004395
v 1188012.75000000 5061096.50000000 1087.07995605
v 1188012.62500000 5061096.50000000 1086.96997070
v 1188011.75000000 5061096.00000000 1087.00000000
v 1188012.62500000 5061096.00000000 1088.38000488
v 1188012.75000000 5061095.50000000 1087.29003906
v 1188012.37500000 5061095.50000000 1086.89001465
v 1188012.25000000 5061095.50000000 1080.47998047
v 1188012.87500000 5061095.50000000 1085.77001953
v 1188012.37500000 5061095.50000000 1080.38000488
v 1188012.62500000 5061096.00000000 1085.68994141
v 1188013.25000000 5061096.00000000 1086.88000488
v 1188012.87500000 5061096.00000000 1086.93994141
v 1188012.75000000 5061095.50000000 1087.04003906
v 1188012.75000000 5061096.00000000 1086.92004395
v 1188012.62500000 5061094.00000000 1080.47998047
v 1188007.75000000 5061093.50000000 1086.95996094
v 1188012.37500000 5061095.50000000 1083.88000488
v 1188012.75000000 5061096.00000000 1086.92004395
v 1188013.75000000 5061095.00000000 1080.43005371
v 1188011.75000000 5061095.50000000 1079.81005859
v 1188012.75000000 5061096.00000000 1080.43005371
v 1188012.12500000 5061096.50000000 1080.34997559
v 1188007.87500000 5061093.50000000 1075.30004883
v 1188011.87500000 5061096.00000000 1080.44995117
v 1188009.00000000 5061094.00000000 1077.78002930
v 1188011.00000000 5061094.00000000 1080.75000000
v 1188007.75000000 5061092.50000000 1081.04003906
v 1188010.12500000 5061095.50000000 1080.81994629
v 1188008.50000000 5061095.00000000 1081.42004395
v 1188006.62500000 5061093.50000000 1081.98999023
v 1188001.75000000 5061089.50000000 1086.45996094
v 1188008.25000000 5061091.50000000 1082.44995117
v 1188005.75000000 5061091.50000000 1084.91003418
v 1188001.50000000 5061089.50000000 1087.43005371
v 1188012.25000000 5061095.50000000 1080.47998047
v 1188005.87500000 5061091.50000000 1083.78002930
v 1188006.37500000 5061091.00000000 1085.08996582
v 1188012.37500000 5061095.00000000 1080.16003418
v 1188008.12500000 5061091.50000000 1085.06005859
v 1188009.50000000 5061093.50000000 1085.01000977
v 1188011.00000000 5061094.00000000 1086.52001953
v 1188009.37500000 5061094.50000000 1085.27001953
v 1188012.25000000 5061095.50000000 1080.47998047
v 1188006.37500000 5061092.00000000 1082.84997559
v 1188006.37500000 5061092.50000000 1084.90002441
v 1188005.50000000 5061092.00000000 1084.94995117
v 1188005.12500000 5061091.00000000 1083.31994629
v 1188002.87500000 5061091.00000000 1080.89001465
v 1188003.62500000 5061092.50000000 1085.23999023
v 1188001.37500000 5061090.50000000 1084.69995117
v 1188001.37500000 5061089.50000000 1083.23999023
v 1188002.87500000 5061090.00000000 1081.81005859
v 1188006.00000000 5061090.50000000 1084.95996094
v 1188006.50000000 5061092.50000000 1089.40002441
v 1188002.00000000 5061090.50000000 1089.05004883
v 1188003.12500000 5061088.50000000 1085.03002930
v 1188001.12500000 5061090.00000000 1085.13000488
v 1188009.62500000 5061094.00000000 1088.47998047
v 1188005.75000000 5061091.50000000 1084.91003418
v 1188001.37500000 5061091.00000000 1084.71997070
v 1188003.75000000 5061092.00000000 1087.69995117
v 1188001.25000000 5061091.00000000 1084.79003906
v 1188001.12500000 5061090.50000000 1088.18005371
v 1188000.75000000 5061090.50000000 1084.79003906
v 1187998.25000000 5061091.50000000 1082.36999512
v 1188001.25000000 5061089.50000000 1084.66003418
v 1187998.12500000 5061091.00000000 1081.69995117
v 1187999.37500000 5061091.00000000 1074.88000488
v 1188001.25000000 5061090.50000000 1081.26000977
v 1188001.62500000 5061091.00000000 1081.40002441
v 1188003.50000000 5061093.00000000 1082.43005371
v 1188005.75000000 5061092.00000000 1078.48999023
v 1188002.75000000 5061090.50000000 1082.06005859
v 1188002.62500000 5061089.50000000 1084.75000000
v 1188005.25000000 5061090.50000000 1085.17004395
v 1188005.75000000 5061091.50000000 1084.91003418
v 1188012.25000000 5061095.50000000 1085.09997559
v 1188009.12500000 5061093.00000000 1085.19995117
v 1188003.25000000 5061091.50000000 1085.63000488
v 1188010.75000000 5061095.50000000 1086.80004883
v 1188003.25000000 5061092.00000000 1084.83996582
v 1188001.62500000 5061091.00000000 1084.75000000
v 1188001.37500000 5061090.50000000 1084.69995117
v 1188012.75000000 5061095.00000000 1085.82226562
v 1188010.87500000 5061101.00000000 1089.89599609
v 1188011.50000000 5061101.50000000 1090.57873535
v 1188011.87500000 5061103.50000000 1092.40393066
v 1188007.87500000 5061112.00000000 1108.94873047
v 1188007.75000000 5061113.00000000 1108.70007324
v 1188001.25000000 5061110.00000000 1117.64636230
v 1188001.37500000 5061109.50000000 1118.63940430
v 1187998.75000000 5061104.00000000 1119.09167480
v 1187998.50000000 5061104.00000000 1119.09118652
v 1187998.25000000 5061104.50000000 1118.68212891
v 1187996.37500000 5061105.00000000 1119.95983887
v 1187995.87500000 5061104.50000000 1121.19738770
v 1187995.50000000 5061102.50000000 1129.98840332
v 1187996.37500000 5061102.00000000 1120.34289551
v 1187997.37500000 5061102.00000000 1120.96594238
v 1188000.75000000 5061105.00000000 1119.81677246
v 1188001.75000000 5061105.50000000 1117.74902344
v 1188003.25000000 5061109.00000000 1112.95690918
v 1188002.87500000 5061109.50000000 1113.49902344
v 1188002.12500000 5061109.50000000 1115.17028809
v 1188002.12500000 5061109.50000000 1115.17028809
v 1188001.87500000 5061109.50000000 1119.07861328
v 1188001.87500000 5061109.50000000 1115.41174316
v 1188001.50000000 5061110.00000000 1115.37097168
v 1188006.75000000 5061110.50000000 1111.80493164
v 1188001.75000000 5061110.00000000 1115.50427246
v 1188003.75000000 5061109.50000000 1111.70202637
v 1188004.25000000 5061109.50000000 1111.89331055
v 1188010.12500000 5061104.50000000 1099.74365234
v 1188009.37500000 5061102.50000000 1098.29223633
v 1188008.87500000 5061102.00000000 1099.02697754
v 1188009.00000000 5061101.00000000 1097.97509766
v 1187999.62500000 5061105.00000000 1128.77001953
v 1188000.25000000 5061104.50000000 1121.04003906
v 1188001.12500000 5061106.00000000 1120.40002441
v 1187998.37500000 5061104.50000000 1121.56005859
v 1188003.00000000 5061108.50000000 1119.77001953
v 1188002.12500000 5061109.00000000 1119.90002441
v 1188002.87500000 5061109.50000000 1120.07995605
v 1188001.50000000 5061109.50000000 1120.08996582
v 1188001.37500000 5061111.00000000 1117.81005859
v 1188003.87500000 5061111.00000000 1117.00000000
v 1188007.12500000 5061111.50000000 1114.76000977
v 1188006.25000000 5061112.50000000 1116.51000977
v 1188007.25000000 5061112.50000000 1116.14001465
v 1188003.75000000 5061112.00000000 1117.75000000
v 1188001.25000000 5061110.50000000 1117.64001465
v 1188001.25000000 5061110.50000000 1117.64001465
v 1188001.25000000 5061110.50000000 1117.64001465
v 1188007.00000000 5061111.50000000 1115.66003418
v 1188007.87500000 5061110.00000000 1108.65002441
v 1188005.25000000 5061111.00000000 1114.93994141
v 1188005.25000000 5061111.00000000 1114.93994141
v 1188003.87500000 5061111.00000000 1116.53002930
v 1188006.75000000 5061113.00000000 1116.91003418
v 1188008.25000000 5061111.50000000 1110.69995117
v 1188007.12500000 5061111.50000000 1114.76000977
v 1188007.87500000 5061110.00000000 1108.65002441
v 1188003.87500000 5061110.00000000 1114.27001953
v 1188002.12500000 5061110.00000000 1112.95996094
v 1188006.75000000 5061111.00000000 1108.96997070
v 1188012.25000000 5061112.00000000 1104.77001953
v 1188014.00000000 5061114.00000000 1105.18994141
v 1188014.00000000 5061114.00000000 1105.18994141
v 1188014.00000000 5061114.00000000 1105.18994141
v 1188014.50000000 5061114.50000000 1106.39001465
v 1188014.00000000 5061115.50000000 1107.81994629
v 1188013.87500000 5061117.00000000 1111.14001465
v 1188014.12500000 5061113.50000000 1108.82995605
v 1188012.37500000 5061112.00000000 1108.51000977
v 1188012.12500000 5061112.00000000 1107.06994629
v 1188012.62500000 5061112.00000000 1105.55004883
v 1188009.75000000 5061109.00000000 1108.55004883
v 1188009.87500000 5061109.00000000 1108.28002930
v 1188009.75000000 5061109.00000000 1108.54003906
v 1188008.75000000 5061109.50000000 1108.31994629
v 1188008.50000000 5061111.50000000 1108.42004395
v 1188010.00000000 5061106.50000000 1099.73999023
v 1188010.00000000 5061106.50000000 1099.73999023
v 1188009.87500000 5061106.50000000 1099.86999512
v 1188011.62500000 5061101.50000000 1095.91003418
v 1188010.50000000 5061102.50000000 1104.43994141
v 1188009.25000000 5061106.50000000 1105.54003906
v 1188010.25000000 5061101.00000000 1101.06005859
v 1188010.00000000 5061100.50000000 1100.71997070
v 1188011.50000000 5061102.00000000 1098.17004395
v 1188008.37500000 5061103.00000000 1110.35998535
v 1188008.37500000 5061103.00000000 1110.35998535
v 1188010.62500000 5061101.00000000 1100.81005859
v 1188011.00000000 5061100.00000000 1089.11999512
v 1188010.75000000 5061100.50000000 1098.44995117
v 1188010.50000000 5061100.50000000 1088.44995117
v 1188007.62500000 5061100.50000000 1103.10998535
v 1188008.12500000 5061100.00000000 1100.61999512
v 1188010.00000000 5061100.50000000 1100.71997070
v 1188010.50000000 5061099.00000000 1096.71997070
v 1188010.50000000 5061100.50000000 1088.44995117
v 1188011.12500000 5061104.50000000 1089.76000977
v 1188010.12500000 5061103.00000000 1096.44995117
v 1188012.50000000 5061099.00000000 1088.39001465
v 1188011.25000000 5061098.50000000 1089.20996094
v 1188010.12500000 5061099.00000000 1090.02001953
v 1188010.12500000 5061099.00000000 1090.02001953
v 1188012.25000000 5061099.00000000 1090.01000977
v 1188013.50000000 5061097.00000000 1085.51000977
v 1188013.50000000 5061097.00000000 1087.93994141
v 1188012.00000000 5061096.00000000 1088.14001465
v 1188012.75000000 5061096.00000000 1086.92004395
v 1188013.00000000 5061096.50000000 1086.32995605
v 1188013.00000000 5061096.50000000 1086.32995605
v 1188012.00000000 5061096.50000000 1086.60998535
v 1188012.25000000 5061095.50000000 1080.47998047
v 1188012.37500000 5061095.50000000 1080.38000488
v 1188007.75000000 5061093.50000000 1086.95996094
v 1188012.75000000 5061096.00000000 1086.92004395
v 1188007.87500000 5061093.50000000 1075.30004883
v 1188009.00000000 5061094.00000000 1077.78002930
v 1188001.50000000 5061089.50000000 1087.43005371
v 1188012.25000000 5061095.50000000 1080.47998047
v 1188006.50000000 5061092.50000000 1089.40002441
v 1188009.62500000 5061094.00000000 1088.47998047
v 1188003.75000000 5061092.00000000 1087.69995117
v 1187998.12500000 5061091.00000000 1081.69995117
v 1187999.37500000 5061091.00000000 1074.88000488
v 1188012.25000000 5061095.50000000 1085.09997559
v 1188002.12500000 5061110.00000000 1112.10998535
v 1188002.12500000 5061109.50000000 1112.32543945
v 1188002.12500000 5061110.00000000 1112.41479492
v 1188002.12500000 5061109.50000000 1112.10998535
v 1188002.12500000 5061109.50000000 1111.89453125
v 1188002.12500000 5061110.00000000 1111.80517578
v 1188002.12500000 5061110.00000000 1111.89453125
v 1188002.12500000 5061110.00000000 1112.32543945
v 1188003.62500000 5061110.00000000 1111.64416504
v 1188003.62500000 5061110.00000000 1111.86035156
v 1188003.62500000 5061109.50000000 1111.95166016
v 1188003.62500000 5061109.50000000 1111.86450195
v 1188003.62500000 5061109.50000000 1111.65002441
v 1188003.62500000 5061109.50000000 1111.43383789
v 1188003.62500000 5061109.50000000 1111.34252930
v 1188003.62500000 5061110.00000000 1111.42968750
v 1188002.12500000 5061110.00000000 1112.41479492
v 1188002.12500000 5061109.50000000 1112.32543945
v 1188002.12500000 5061109.50000000 1112.10998535
v 1188002.12500000 5061109.50000000 1111.89453125
v 1188002.12500000 5061110.00000000 1111.80517578
v 1188002.12500000 5061110.00000000 1111.89453125
v 1188002.12500000 5061110.00000000 1112.10998535
v 1188002.12500000 5061110.00000000 1112.32543945
v 1188007.87500000 5061110.00000000 1108.65197754
v 1188007.87500000 5061110.00000000 1108.43615723
v 1188007.87500000 5061110.00000000 1108.34619141
v 1188007.87500000 5061110.50000000 1108.43481445
v 1188007.75000000 5061110.50000000 1108.65002441
v 1188007.87500000 5061110.50000000 1108.86572266
v 1188007.87500000 5061110.00000000 1108.95581055
v 1188007.87500000 5061110.00000000 1108.86718750
v 1188010.75000000 5061111.00000000 1109.35681152
v 1188010.75000000 5061110.50000000 1109.57653809
v 1188010.87500000 5061110.50000000 1109.67248535
v 1188010.75000000 5061110.50000000 1109.68212891
v 1188011.00000000 5061110.50000000 1109.59838867
v 1188010.87500000 5061110.50000000 1109.60156250
v 1188011.00000000 5061110.50000000 1109.39001465
v 1188010.87500000 5061110.00000000 1109.39001465
v 1188011.00000000 5061110.50000000 1109.16931152
v 1188010.87500000 5061110.50000000 1109.17126465
v 1188010.87500000 5061110.50000000 1109.06555176
v 1188010.75000000 5061110.50000000 1109.07348633
v 1188010.75000000 5061110.50000000 1109.14685059
v 1188012.12500000 5061112.00000000 1108.50976562
v 1188012.25000000 5061112.00000000 1108.72534180
v 1188012.37500000 5061112.00000000 1108.81469727
v 1188012.50000000 5061112.00000000 1108.72546387
v 1188012.62500000 5061111.50000000 1108.51000977
v 1188012.50000000 5061112.00000000 1108.29455566
v 1188012.37500000 5061112.00000000 1108.20520020
v 1188012.25000000 5061112.00000000 1108.29443359
v 1188013.75000000 5061114.00000000 1107.51672363
v 1188013.87500000 5061114.00000000 1107.41882324
v 1188013.87500000 5061114.00000000 1107.70947266
v 1188013.87500000 5061114.00000000 1107.62390137
v 1188014.12500000 5061114.00000000 1107.73449707
v 1188014.12500000 5061113.50000000 1107.69165039
v 1188014.37500000 5061114.00000000 1107.58837891
v 1188014.25000000 5061113.50000000 1107.58227539
v 1188014.37500000 5061114.00000000 1107.35998535
v 1188014.37500000 5061113.50000000 1107.35998535
v 1188014.37500000 5061114.00000000 1107.17285156
v 1188014.25000000 5061113.50000000 1107.15490723
v 1188014.12500000 5061114.00000000 1107.13232422
v 1188014.12500000 5061113.50000000 1107.08715820
v 1188013.87500000 5061114.00000000 1107.27294922
v 1188013.87500000 5061114.00000000 1107.19641113
v 1188013.87500000 5061117.00000000 1111.14001465
v 1188013.87500000 5061117.00000000 1112.00146484
v 1188014.50000000 5061117.00000000 1111.74914551
v 1188014.75000000 5061117.00000000 1111.14001465
v 1188014.50000000 5061117.00000000 1110.53088379
v 1188013.87500000 5061117.00000000 1110.27844238
v 1188013.37500000 5061117.00000000 1110.53088379
v 1188013.12500000 5061117.00000000 1111.14001465
v 1188013.37500000 5061117.00000000 1111.74914551
v 1188013.87500000 5061117.00000000 1112.00146484
v 1188014.50000000 5061117.00000000 1111.74914551
v 1188014.75000000 5061117.00000000 1111.14001465
v 1188014.50000000 5061117.00000000 1110.53088379
v 1188013.87500000 5061117.00000000 1110.27844238
v 1188013.37500000 5061117.00000000 1110.53088379
v 1188013.12500000 5061117.00000000 1111.14001465
v 1188013.37500000 5061117.00000000 1111.74914551
v 1187995.25000000 5061103.00000000 1128.79003906
v 1187995.75000000 5061102.50000000 1129.00268555
v 1187996.00000000 5061103.00000000 1129.09082031
v 1187995.25000000 5061102.00000000 1128.79003906
v 1187994.75000000 5061102.50000000 1128.57727051
v 1187994.62500000 5061103.00000000 1128.48913574
v 1187994.87500000 5061103.50000000 1128.57727051
v 1187995.37500000 5061103.50000000 1128.79003906
v 1187995.87500000 5061103.50000000 1129.00268555
v 1187998.25000000 5061103.00000000 1122.98632812
v 1187998.25000000 5061103.00000000 1123.16357422
v 1187998.37500000 5061102.50000000 1122.89880371
v 1187998.37500000 5061102.50000000 1123.10363770
v 1187998.50000000 5061102.00000000 1122.58569336
v 1187998.25000000 5061102.00000000 1122.86669922
v 1187998.25000000 5061102.50000000 1122.22644043
v 1187997.87500000 5061102.00000000 1122.59387207
v 1187998.00000000 5061102.50000000 1122.04565430
v 1187997.62500000 5061102.00000000 1122.44128418
v 1187997.75000000 5061103.00000000 1122.15246582
v 1187997.50000000 5061102.50000000 1122.49597168
v 1187997.75000000 5061103.00000000 1122.47009277
v 1187997.62500000 5061103.00000000 1122.72973633
v 1187998.00000000 5061103.00000000 1122.81005859
v 1187997.87500000 5061103.00000000 1123.00781250
v 1187996.00000000 5061103.00000000 1129.09082031
v 1187995.75000000 5061102.50000000 1129.00268555
v 1187995.25000000 5061102.00000000 1128.79003906
v 1187994.75000000 5061102.50000000 1128.57727051
v 1187994.62500000 5061103.00000000 1128.48913574
v 1187994.87500000 5061103.50000000 1128.57727051
v 1187995.37500000 5061103.50000000 1128.79003906
v 1187995.87500000 5061103.50000000 1129.00268555
v 1188000.12500000 5061104.50000000 1121.17016602
v 1188000.12500000 5061104.50000000 1120.95446777
v 1187999.87500000 5061104.50000000 1120.86511230
v 1187999.75000000 5061105.00000000 1120.95446777
v 1187999.75000000 5061105.00000000 1121.17004395
v 1187999.75000000 5061105.00000000 1121.38549805
v 1187999.87500000 5061104.50000000 1121.47509766
v 1188000.12500000 5061104.50000000 1121.38586426
v 1188000.87500000 5061106.00000000 1120.40270996
v 1188001.00000000 5061106.00000000 1120.61767578
v 1188001.12500000 5061106.00000000 1120.70605469
v 1188001.25000000 5061106.00000000 1120.61364746
v 1188001.25000000 5061106.00000000 1120.61779785
v 1188001.37500000 5061106.00000000 1120.40002441
v 1188001.37500000 5061105.50000000 1120.40002441
v 1188001.25000000 5061106.00000000 1120.18286133
v 1188001.25000000 5061106.00000000 1120.18725586
v 1188001.12500000 5061106.00000000 1120.09680176
v 1188001.00000000 5061106.00000000 1120.18701172
v 1188002.00000000 5061108.00000000 1119.68786621
v 1188002.12500000 5061108.00000000 1119.89331055
v 1188002.37500000 5061108.00000000 1119.95983887
v 1188002.37500000 5061108.00000000 1119.96325684
v 1188002.50000000 5061108.50000000 1119.85205078
v 1188002.50000000 5061108.00000000 1119.85278320
v 1188002.62500000 5061108.50000000 1119.63000488
v 1188002.62500000 5061108.00000000 1119.63000488
v 1188002.50000000 5061108.50000000 1119.42370605
v 1188002.50000000 5061108.00000000 1119.42541504
v 1188002.37500000 5061108.00000000 1119.35400391
v 1188002.37500000 5061108.00000000 1119.35864258
v 1188002.12500000 5061108.00000000 1119.46545410
v 1188001.87500000 5061109.00000000 1119.86450195
v 1188001.87500000 5061109.00000000 1119.93542480
v 1188001.87500000 5061109.00000000 1119.66552734
v 1188001.87500000 5061109.00000000 1119.72216797
v 1188001.62500000 5061109.00000000 1119.62304688
v 1188001.50000000 5061109.00000000 1119.72595215
v 1188001.50000000 5061109.00000000 1119.73254395
v 1188001.37500000 5061109.00000000 1119.94995117
v 1188001.50000000 5061109.00000000 1120.14892578
v 1188001.50000000 5061109.00000000 1120.16320801
v 1188001.62500000 5061109.00000000 1120.20629883
v 1188001.62500000 5061109.00000000 1120.24731445
v 1188001.87500000 5061109.00000000 1120.08850098
v 1188001.87500000 5061109.00000000 1120.15295410
v 1188001.62500000 5061110.00000000 1117.48583984
v 1188001.62500000 5061110.00000000 1118.21289062
v 1188001.50000000 5061110.50000000 1117.30029297
v 1188001.50000000 5061110.00000000 1117.96789551
v 1188001.37500000 5061110.50000000 1117.26867676
v 1188001.25000000 5061110.50000000 1117.69873047
v 1188001.25000000 5061110.50000000 1117.40930176
v 1188001.00000000 5061110.50000000 1117.56298828
v 1188001.25000000 5061111.00000000 1117.64001465
v 1188001.00000000 5061110.50000000 1117.64001465
v 1188001.25000000 5061110.50000000 1117.82543945
v 1188001.00000000 5061110.50000000 1117.88488770
v 1188001.50000000 5061110.50000000 1117.85717773
v 1188001.25000000 5061110.50000000 1118.15417480
v 1188001.62500000 5061110.50000000 1117.71643066
v 1188001.50000000 5061110.50000000 1118.28991699
v 1188003.87500000 5061111.00000000 1116.52893066
v 1188003.87500000 5061111.00000000 1116.74487305
v 1188003.87500000 5061111.00000000 1116.83447266
v 1188003.87500000 5061110.50000000 1116.74536133
v 1188003.87500000 5061110.50000000 1116.53002930
v 1188003.87500000 5061110.50000000 1116.31433105
v 1188003.87500000 5061111.00000000 1116.22448730
v 1188003.87500000 5061111.00000000 1116.31335449
v 1188006.75000000 5061111.00000000 1114.33312988
v 1188006.75000000 5061111.50000000 1114.42980957
v 1188006.62500000 5061111.50000000 1114.23144531
v 1188006.87500000 5061112.00000000 1114.51904297
v 1188006.87500000 5061112.00000000 1114.31042480
v 1188006.87500000 5061112.00000000 1114.80151367
v 1188007.25000000 5061112.00000000 1114.52819824
v 1188007.00000000 5061112.00000000 1115.11560059
v 1188007.50000000 5061112.00000000 1114.76000977
v 1188007.12500000 5061111.50000000 1115.26940918
v 1188007.62500000 5061111.50000000 1114.86547852
v 1188007.12500000 5061111.00000000 1115.16882324
v 1188007.37500000 5061111.00000000 1114.78027344
v 1188007.00000000 5061111.00000000 1114.88134766
v 1188007.00000000 5061111.00000000 1114.55859375
v 1188006.87500000 5061111.00000000 1114.57849121
v 1188007.87500000 5061110.00000000 1108.35375977
v 1188008.00000000 5061110.00000000 1108.49108887
v 1188007.75000000 5061110.00000000 1108.47631836
v 1188008.00000000 5061110.00000000 1108.72155762
v 1188007.75000000 5061110.00000000 1108.70056152
v 1188007.62500000 5061110.00000000 1108.44055176
v 1188007.62500000 5061110.00000000 1108.65002441
v 1188007.62500000 5061110.00000000 1108.40478516
v 1188007.50000000 5061110.50000000 1108.59948730
v 1188007.75000000 5061110.50000000 1108.38989258
v 1188007.75000000 5061110.50000000 1108.57849121
v 1188007.87500000 5061110.50000000 1108.40478516
v 1188007.87500000 5061110.50000000 1108.59948730
v 1188008.00000000 5061110.50000000 1108.44055176
v 1188008.12500000 5061110.50000000 1108.65002441
v 1188008.12500000 5061110.00000000 1108.47631836
v 1188008.12500000 5061110.00000000 1108.70056152
v 1188011.00000000 5061104.50000000 1088.81994629
v 1188010.87500000 5061104.50000000 1089.03552246
v 1188011.00000000 5061104.50000000 1089.12475586
v 1188010.75000000 5061104.50000000 1088.81994629
v 1188010.87500000 5061104.50000000 1088.60449219
v 1188011.00000000 5061104.50000000 1088.51525879
v 1188011.25000000 5061104.50000000 1088.60449219
v 1188011.37500000 5061104.50000000 1088.81994629
v 1188011.25000000 5061104.50000000 1089.03552246
v 1188009.87500000 5061100.50000000 1088.46582031
v 1188010.12500000 5061100.50000000 1088.00500488
v 1188010.50000000 5061100.50000000 1087.80883789
v 1188011.00000000 5061100.50000000 1087.99304199
v 1188011.12500000 5061100.50000000 1088.44995117
v 1188011.00000000 5061100.50000000 1088.91162109
v 1188010.50000000 5061100.50000000 1089.10705566
v 1188010.12500000 5061100.50000000 1088.92211914
v 1188011.00000000 5061104.50000000 1089.12475586
v 1188010.87500000 5061104.50000000 1089.03552246
v 1188010.75000000 5061104.50000000 1088.81994629
v 1188010.87500000 5061104.50000000 1088.60449219
v 1188011.00000000 5061104.50000000 1088.51525879
v 1188011.25000000 5061104.50000000 1088.60449219
v 1188011.37500000 5061104.50000000 1088.81994629
v 1188011.25000000 5061104.50000000 1089.03552246
v 1188010.75000000 5061099.50000000 1089.77172852
v 1188011.00000000 5061099.50000000 1089.21960449
v 1188010.75000000 5061099.50000000 1090.17578125
v 1188010.75000000 5061099.50000000 1089.72937012
v 1188010.62500000 5061099.00000000 1090.44287109
v 1188010.25000000 5061099.50000000 1090.17419434
v 1188010.37500000 5061098.50000000 1090.39965820
v 1188009.75000000 5061099.00000000 1090.29309082
v 1188010.12500000 5061098.00000000 1090.02001953
v 1188009.50000000 5061099.00000000 1090.02001953
v 1188010.25000000 5061098.50000000 1089.54809570
v 1188009.75000000 5061099.00000000 1089.51489258
v 1188010.50000000 5061099.00000000 1089.31335449
v 1188010.25000000 5061099.00000000 1089.07043457
v 1188010.75000000 5061099.50000000 1089.42419434
v 1188010.75000000 5061099.50000000 1088.94689941
v 1188012.25000000 5061099.00000000 1088.90136719
v 1188012.25000000 5061098.50000000 1089.31176758
v 1188012.37500000 5061099.00000000 1088.77197266
v 1188012.25000000 5061099.00000000 1089.06811523
v 1188012.50000000 5061099.00000000 1088.81738281
v 1188012.37500000 5061099.00000000 1088.95642090
v 1188012.62500000 5061099.00000000 1089.01135254
v 1188012.37500000 5061099.50000000 1089.03259277
v 1188012.75000000 5061099.00000000 1089.23999023
v 1188012.37500000 5061099.50000000 1089.23999023
v 1188012.62500000 5061099.00000000 1089.36950684
v 1188012.37500000 5061099.50000000 1089.46557617
v 1188012.50000000 5061099.00000000 1089.32397461
v 1188012.37500000 5061099.00000000 1089.58935547
v 1188012.37500000 5061099.00000000 1089.13000488
v 1188012.25000000 5061099.00000000 1089.53112793
v 1188013.25000000 5061097.00000000 1085.55212402
v 1188013.37500000 5061097.00000000 1085.33166504
v 1188013.50000000 5061097.00000000 1085.22802734
v 1188013.75000000 5061097.50000000 1085.29797363
v 1188013.75000000 5061097.50000000 1085.30590820
v 1188013.87500000 5061097.50000000 1085.51000977
v 1188013.75000000 5061097.50000000 1085.72839355
v 1188013.75000000 5061097.50000000 1085.73242188
v 1188013.50000000 5061097.00000000 1085.83410645
v 1188013.37500000 5061097.00000000 1085.76025391
v 1188013.50000000 5061096.50000000 1086.48193359
v 1188013.50000000 5061096.50000000 1085.99755859
v 1188013.50000000 5061096.50000000 1086.24645996
v 1188013.62500000 5061096.50000000 1085.83300781
v 1188013.62500000 5061096.00000000 1086.07800293
v 1188013.87500000 5061096.00000000 1085.83581543
v 1188013.87500000 5061096.00000000 1086.07531738
v 1188014.12500000 5061096.00000000 1086.00451660
v 1188013.87500000 5061095.50000000 1086.23999023
v 1188014.25000000 5061096.00000000 1086.23999023
v 1188013.87500000 5061096.00000000 1086.47546387
v 1188014.12500000 5061096.00000000 1086.40454102
v 1188013.75000000 5061096.00000000 1086.64392090
v 1188013.87500000 5061096.50000000 1086.40173340
v 1188013.62500000 5061096.50000000 1086.64660645
v 1188013.62500000 5061096.50000000 1086.23303223
v 1188013.12500000 5061096.00000000 1086.59460449
v 1188013.37500000 5061096.00000000 1086.24597168
v 1188012.87500000 5061095.50000000 1086.71813965
v 1188013.25000000 5061096.00000000 1086.38146973
v 1188012.62500000 5061095.50000000 1086.86547852
v 1188013.12500000 5061095.50000000 1086.72412109
v 1188012.50000000 5061096.00000000 1086.95300293
v 1188012.87500000 5061096.00000000 1087.07348633
v 1188012.50000000 5061096.00000000 1086.94079590
v 1188012.75000000 5061096.00000000 1087.22485352
v 1188012.62500000 5061096.50000000 1086.83483887
v 1188012.87500000 5061096.50000000 1087.08935547
v 1188012.87500000 5061096.50000000 1086.68530273
v 1188013.00000000 5061096.50000000 1086.74670410
v 1188013.00000000 5061096.00000000 1086.58020020
v 1188013.25000000 5061096.50000000 1086.39733887
v 1188010.62500000 5061094.50000000 1082.66198730
v 1188011.37500000 5061095.50000000 1081.47668457
v 1188010.37500000 5061095.50000000 1082.19201660
v 1188011.25000000 5061096.00000000 1081.28552246
v 1188010.75000000 5061096.00000000 1081.04260254
v 1188011.75000000 5061096.50000000 1080.88696289
v 1188011.50000000 5061096.00000000 1079.86291504
v 1188012.50000000 5061097.00000000 1080.49829102
v 1188012.25000000 5061095.50000000 1079.36755371
v 1188013.12500000 5061096.50000000 1080.37292480
v 1188012.37500000 5061095.00000000 1079.87158203
v 1188013.25000000 5061095.50000000 1080.60119629
v 1188012.00000000 5061094.50000000 1081.05432129
v 1188012.75000000 5061095.00000000 1081.02062988
v 1188011.25000000 5061094.00000000 1082.19982910
v 1188012.00000000 5061095.00000000 1081.37255859
v 1188005.37500000 5061092.00000000 1084.84509277
v 1188005.50000000 5061092.00000000 1084.19165039
v 1188005.62500000 5061091.00000000 1083.96704102
v 1188005.75000000 5061091.50000000 1083.91625977
v 1188005.75000000 5061090.50000000 1084.24658203
v 1188006.12500000 5061090.50000000 1084.23327637
v 1188005.87500000 5061090.50000000 1084.91003418
v 1188006.25000000 5061090.50000000 1084.91003418
v 1188005.75000000 5061090.50000000 1085.57043457
v 1188006.12500000 5061090.50000000 1085.55187988
v 1188005.62500000 5061091.00000000 1085.84289551
v 1188005.87500000 5061091.50000000 1085.78466797
v 1188005.50000000 5061092.00000000 1085.51770020
v 1188001.37500000 5061090.50000000 1084.69995117
v 1188001.37500000 5061090.50000000 1085.73645020
v 1188001.25000000 5061091.50000000 1085.43273926
v 1188001.25000000 5061091.50000000 1084.69995117
v 1188001.25000000 5061091.50000000 1083.96728516
v 1188001.37500000 5061090.50000000 1083.66357422
v 1188001.50000000 5061090.00000000 1083.96728516
v 1188001.50000000 5061089.50000000 1084.69995117
v 1188001.50000000 5061090.00000000 1085.43273926
v 1188001.37500000 5061090.50000000 1085.73645020
v 1188001.25000000 5061091.50000000 1085.43273926
v 1188001.25000000 5061091.50000000 1084.69995117
v 1188001.25000000 5061091.50000000 1083.96728516
v 1188001.37500000 5061090.50000000 1083.66357422
v 1188001.50000000 5061090.00000000 1083.96728516
v 1188001.50000000 5061089.50000000 1084.69995117
v 1188001.50000000 5061090.00000000 1085.43273926
v 1188010.50000000 5061100.50000000 1087.80065918
v 1188010.87500000 5061101.00000000 1088.00488281
v 1188011.00000000 5061100.50000000 1088.01062012
v 1188011.12500000 5061100.50000000 1088.47802734
v 1188011.00000000 5061101.00000000 1088.46984863
v 1188010.50000000 5061101.00000000 1087.99084473
v 1188010.50000000 5061101.00000000 1088.44995117
v 1188010.25000000 5061101.00000000 1087.97680664
v 1188010.00000000 5061101.00000000 1088.43017578
v 1188010.12500000 5061100.50000000 1087.97094727
v 1188009.87500000 5061100.50000000 1088.42199707
v 1188010.25000000 5061100.00000000 1087.97680664
v 1188010.12500000 5061100.00000000 1088.43017578
v 1188010.50000000 5061100.00000000 1087.99084473
v 1188010.50000000 5061100.00000000 1088.44995117
v 1188010.87500000 5061100.50000000 1088.00488281
v 1188011.00000000 5061100.00000000 1088.46984863
v 1188010.00000000 5061101.00000000 1100.03930664
v 1188010.00000000 5061101.50000000 1099.92419434
v 1188009.37500000 5061101.00000000 1100.24926758
v 1188009.50000000 5061101.00000000 1100.01074219
v 1188009.25000000 5061101.00000000 1100.76953125
v 1188009.25000000 5061100.50000000 1100.27856445
v 1188009.37500000 5061100.50000000 1101.30175781
v 1188009.50000000 5061100.00000000 1100.57299805
v 1188010.00000000 5061100.50000000 1101.52709961
v 1188010.00000000 5061100.00000000 1100.71997070
v 1188010.62500000 5061100.50000000 1101.30688477
v 1188010.62500000 5061100.00000000 1100.63134766
v 1188010.75000000 5061101.00000000 1100.77783203
v 1188010.87500000 5061100.50000000 1100.36059570
v 1188010.50000000 5061101.00000000 1100.25585938
v 1188010.62500000 5061101.00000000 1100.06848145
v 1188009.87500000 5061106.00000000 1102.21813965
v 1188009.87500000 5061106.00000000 1102.21813965
v 1188010.25000000 5061106.00000000 1102.14392090
v 1188010.25000000 5061106.00000000 1102.03625488
v 1188010.37500000 5061106.50000000 1101.93933105
v 1188010.50000000 5061106.50000000 1101.61755371
v 1188010.12500000 5061107.00000000 1101.73010254
v 1188010.25000000 5061106.50000000 1101.20019531
v 1188009.75000000 5061107.00000000 1101.65002441
v 1188009.87500000 5061106.50000000 1101.02160645
v 1188009.25000000 5061107.00000000 1101.75134277
v 1188009.37500000 5061106.50000000 1101.18237305
v 1188009.25000000 5061106.50000000 1101.96289062
v 1188009.25000000 5061106.00000000 1101.59509277
v 1188009.50000000 5061106.00000000 1102.15625000
v 1188009.37500000 5061106.00000000 1102.02221680
v 1188009.25000000 5061106.50000000 1105.38366699
v 1188009.25000000 5061106.50000000 1105.21923828
v 1188009.00000000 5061106.50000000 1105.43212891
v 1188009.00000000 5061106.50000000 1105.21435547
v 1188009.00000000 5061106.50000000 1105.58728027
v 1188009.00000000 5061106.50000000 1105.31103516
v 1188009.12500000 5061106.50000000 1105.75817871
v 1188009.12500000 5061106.00000000 1105.44531250
v 1188009.25000000 5061106.50000000 1105.84484863
v 1188009.37500000 5061106.00000000 1105.54003906
v 1188009.50000000 5061106.50000000 1105.79638672
v 1188009.50000000 5061106.00000000 1105.54675293
v 1188009.50000000 5061106.50000000 1105.64123535
v 1188009.62500000 5061106.50000000 1105.46044922
v 1188009.37500000 5061106.50000000 1105.47033691
v 1188009.50000000 5061106.50000000 1105.32446289
v 1188009.12500000 5061108.00000000 1107.15539551
v 1188009.12500000 5061108.00000000 1106.91027832
v 1188009.00000000 5061108.00000000 1106.92956543
v 1188009.00000000 5061108.00000000 1106.72204590
v 1188008.75000000 5061108.00000000 1106.80224609
v 1188008.75000000 5061108.00000000 1106.68200684
v 1188008.62500000 5061108.00000000 1106.84802246
v 1188008.50000000 5061108.00000000 1106.81372070
v 1188008.50000000 5061108.00000000 1107.04003906
v 1188008.50000000 5061107.50000000 1107.04003906
v 1188008.62500000 5061108.00000000 1107.26574707
v 1188008.62500000 5061108.00000000 1107.22827148
v 1188008.75000000 5061108.00000000 1107.39306641
v 1188008.75000000 5061108.00000000 1107.26831055
v 1188009.00000000 5061108.00000000 1107.34729004
v 1188009.00000000 5061108.00000000 1107.13659668
v 1188009.87500000 5061109.00000000 1108.57678223
v 1188009.87500000 5061109.00000000 1108.50305176
v 1188009.75000000 5061109.50000000 1108.35778809
v 1188009.75000000 5061109.50000000 1108.29565430
v 1188009.62500000 5061109.50000000 1108.25915527
v 1188009.50000000 5061109.50000000 1108.22351074
v 1188009.37500000 5061109.50000000 1108.33886719
v 1188009.37500000 5061109.50000000 1108.32885742
v 1188009.37500000 5061109.50000000 1108.55004883
v 1188009.25000000 5061109.50000000 1108.55004883
v 1188009.37500000 5061109.50000000 1108.76904297
v 1188009.37500000 5061109.50000000 1108.75732422
v 1188009.62500000 5061109.50000000 1108.86755371
v 1188009.50000000 5061109.50000000 1108.82958984
v 1188009.75000000 5061109.50000000 1108.78784180
v 1188009.75000000 5061109.00000000 1108.72424316
v 1188011.00000000 5061110.50000000 1109.39001465
v 1188011.00000000 5061110.50000000 1109.60546875
v 1188011.12500000 5061110.50000000 1109.54235840
v 1188010.87500000 5061110.50000000 1109.69482422
v 1188011.00000000 5061110.50000000 1109.60546875
v 1188011.12500000 5061110.50000000 1109.39001465
v 1188011.00000000 5061110.50000000 1109.39001465
v 1188011.12500000 5061110.50000000 1109.23767090
v 1188011.00000000 5061110.50000000 1109.17456055
v 1188011.00000000 5061110.50000000 1109.17443848
v 1188010.87500000 5061110.50000000 1109.08520508
v 1188010.87500000 5061111.00000000 1109.23767090
v 1188010.62500000 5061110.50000000 1109.17456055
v 1188010.87500000 5061111.00000000 1109.39001465
v 1188010.62500000 5061111.00000000 1109.39001465
v 1188010.87500000 5061111.00000000 1109.54235840
v 1188010.62500000 5061110.50000000 1109.60546875
vn -0.47475272 0.30463952 0.82571453
vn -0.48714378 -0.50786066 -0.71047050
vn -0.25182334 -0.84085029 0.47911969
vn 0.03900656 -0.86480892 -0.50058377
vn -0.30041233 -0.82306498 0.48199221
vn 0.02363418 -0.87951845 -0.47527745
vn 0.35986507 -0.56137961 0.74521804
vn 0.18669048 -0.62151515 -0.76083225
vn 0.17431390 -0.87848908 0.44482762
vn 0.49828485 -0.56582767 -0.65692556
vn 0.18478537 -0.86704558 0.46269447
vn 0.29882818 -0.40110546 -0.86591923
vn 0.84321451 -0.37168294 0.38838238
vn 0.31143102 -0.61773396 -0.72209114
vn 0.95452517 -0.21660949 0.20484656
vn 0.76699829 -0.32480377 -0.55336791
vn 0.17985860 -0.50888288 0.84183663
vn 0.89406073 0.02461183 -0.44726914
vn 0.33547959 -0.78426862 0.52189654
vn 0.28615069 -0.82659847 -0.48461598
vn 0.37807426 -0.73339909 0.56496519
vn 0.63933158 -0.44043937 -0.63029230
vn 0.74317300 0.10188017 0.66129744
vn 0.74240607 -0.04323083 -0.66855389
vn 0.91446954 0.13122609 0.38278598
vn 0.50414139 0.66123950 -0.55552125
vn 0.88060886 0.33957991 0.33047459
vn -0.32648468 0.80710894 -0.49191746
vn 0.51832855 0.81409496 0.26188719
vn -0.20310985 0.86577803 -0.45735630
vn 0.64428180 0.15225413 0.74947959
vn -0.19662657 0.58869857 -0.78407401
vn 0.94535196 -0.07470702 0.31737766
vn 0.06097566 0.87544441 -0.47945708
vn 0.90710378 -0.34483418 0.24135487
vn -0.83116126 0.39094868 -0.39538607
vn 0.69174916 -0.67530864 0.25581512
vn -0.73769450 0.51930404 -0.43142796
vn 0.93161911 0.27694824 0.23534106
vn -0.76389366 -0.33152518 -0.55367643
vn 0.87392163 0.48202622 0.06254362
vn 0.47233245 0.85276163 -0.22293420
vn 0.98674732 -0.02106534 0.16089110
vn -0.53693444 0.81698102 -0.21034114
vn 0.94736028 0.30199739 0.10633057
vn 0.10461316 0.97972357 -0.17087401
vn 0.89140415 -0.23432827 0.38792896
vn -0.11421873 0.67207319 -0.73162270
vn 0.49550605 -0.79200625 0.35665089
vn 0.83768260 0.27245077 -0.47334802
vn 0.48570004 -0.77555400 0.40325099
vn 0.87784505 0.00377346 -0.47893000
vn 0.54728442 -0.34245050 0.76368022
vn 0.31378499 -0.47933736 -0.81961870
vn 0.48849636 -0.38587013 0.78260821
vn 0.22044949 -0.84310842 -0.49047959
vn 0.44517794 -0.82593161 0.34590971
vn 0.59801388 -0.76676834 -0.23333627
vn 0.68595403 -0.16360465 0.70901376
vn 0.38345262 -0.63429707 -0.67129087
vn 0.71378607 -0.28242263 0.64089531
vn 0.65804231 -0.44044495 -0.61072785
vn 0.89996356 -0.22030815 0.37620488
vn 0.81278193 -0.14419954 -0.56443954
vn 0.86348534 -0.38041705 0.33117360
vn 0.51032960 -0.36744961 -0.77752453
vn 0.78258151 -0.09125520 0.61582345
vn 0.50614631 -0.61216182 -0.60751456
vn 0.72501814 0.65041363 0.22651885
vn 0.53646713 0.76846141 -0.34881249
vn -0.32329047 0.86092126 0.39280751
vn -0.82881689 -0.24608515 -0.50249845
vn -0.85012317 -0.24985938 0.46353081
vn -0.70989662 -0.59230471 -0.38108003
vn -0.46097878 -0.76477146 0.45013684
vn -0.77513832 -0.41524288 -0.47616589
vn -0.49068439 -0.26539135 0.82993746
vn -0.69935113 -0.06317157 -0.71198130
vn -0.26203507 0.65602928 0.70778751
vn -0.37355238 0.51869410 -0.76903510
vn -0.28912231 0.55729580 0.77835059
vn -0.68117636 -0.04810135 -0.73053753
vn -0.34247440 0.50019377 0.79530966
vn -0.04543199 0.34270567 -0.93834358
vn 0.40774906 0.73086059 0.54734224
vn 0.09732448 0.51242995 -0.85319602
vn 0.31652865 0.89049375 0.32684916
vn -0.62331563 0.69344246 -0.36140713
vn -0.20869815 0.70156372 0.68136144
vn -0.68502557 0.32663727 -0.65118968
vn 0.20332043 0.46422648 0.86206418
vn -0.33286521 0.59133548 -0.73452240
vn 0.87328190 0.28304914 0.39656273
vn -0.22979395 0.80181891 -0.55161685
vn 0.86794096 0.20847240 0.45079675
vn -0.83102030 -0.00311061 -0.55623335
vn 0.74812227 0.55037761 0.37067187
vn -0.61955374 -0.50374919 -0.60198832
vn 0.17276098 0.94964582 0.26139346
vn -0.73265672 0.63419592 -0.24700151
vn -0.08738193 0.81876642 0.56743807
vn -0.77083647 0.23736610 -0.59115851
vn 0.13475369 0.91892952 0.37068853
vn -0.71432120 0.45248058 -0.53385991
vn -0.17917252 0.94148564 0.28548545
vn -0.82202262 0.44049540 -0.36089146
vn -0.17954700 0.80082774 0.57134748
vn -0.58021665 0.50563478 -0.63849998
vn -0.18401907 0.78908235 0.58607686
vn 0.42174536 0.25068015 -0.87137264
vn -0.46971202 0.79442835 0.38503784
vn -0.87669957 0.07931709 -0.47445410
vn -0.86410046 -0.15992564 0.47723621
vn -0.49719355 -0.72235358 -0.48062858
vn -0.74445951 -0.22517012 0.62855273
vn 0.11707109 -0.86993402 -0.47907111
vn 0.66475546 0.60884053 0.43291262
vn -0.79722089 -0.51081496 -0.32172495
vn 0.31569606 0.91086262 0.26582950
vn -0.98379529 -0.13072650 -0.12270883
vn -0.65205145 0.51802254 0.55360776
vn -0.91310787 0.38581651 -0.13183144
vn -0.56002980 0.29371667 0.77465934
vn -0.76461083 0.08295592 -0.63913113
vn -0.63834125 0.68221855 0.35650855
vn -0.82803988 -0.31834710 -0.46152472
vn -0.68554306 0.17369930 0.70700723
vn -0.78543961 -0.22760266 -0.57557076
vn -0.47788483 0.71566969 0.50935549
vn -0.81107199 0.08345126 -0.57896298
vn -0.16246460 0.82230109 0.54536784
vn 0.01123380 -0.33595303 -0.94181180
vn 0.44260928 0.81540459 0.37311178
vn -0.27640650 -0.77173984 -0.57272780
vn 0.79042000 0.53935558 0.29039928
vn -0.50194371 -0.64836407 -0.57243031
vn 0.10893205 0.95458746 0.27730229
vn -0.42055783 -0.80275720 -0.42274353
vn -0.63290793 0.77223009 0.05557216
vn 0.65819347 -0.75189632 -0.03785823
vn 0.01035030 0.97046185 0.24103256
vn -0.97536165 0.05398095 -0.21390590
vn -0.42278221 0.87540317 0.23435991
vn -0.96572256 -0.20167036 -0.16342889
vn 0.80475253 0.56298792 0.18819676
vn -0.51744086 -0.85365736 -0.05936301
vn 0.83136976 -0.51466781 0.20962171
vn -0.52078414 -0.83362103 -0.18401042
vn 0.65790254 -0.48870406 0.57300323
vn -0.86907184 -0.20767555 -0.44898212
vn -0.52205396 -0.84404451 0.12267283
vn -0.93920982 0.18976045 -0.28613979
vn 0.00000000 -1.00000000 0.00000000
vn 0.00000000 1.00000000 0.00000000
vn 0.21558677 -0.97079021 0.10530359
vn -0.10350177 0.96168154 -0.25388184
vn 0.66610402 -0.62012112 0.41443366
vn 0.13396369 -0.86035049 -0.49178317
vn 0.66751772 -0.72973824 0.14799365
vn 0.35934418 -0.81926125 -0.44685879
vn 0.69790232 -0.65626037 0.28680030
vn 0.81346023 -0.13992725 -0.56453758
vn 0.88586086 0.17823599 0.42834842
vn 0.23534279 -0.86660719 -0.44000658
vn 0.19694956 0.41163164 0.88981467
vn -0.32946986 -0.76398569 -0.55477518
vn 0.57767254 -0.76298076 0.29009455
vn 0.08944075 -0.82684779 -0.55526853
vn 0.96572208 -0.25714451 0.03546011
vn -0.92531860 0.26140687 -0.27468511
vn 0.62192523 0.34521112 0.70287853
vn 0.10529656 -0.55976063 -0.82193720
vn 0.88340259 -0.05487838 0.46539029
vn 0.18761261 -0.87484127 -0.44660300
vn 0.92280966 0.38508305 0.01154066
vn -0.91355515 0.30425751 -0.26989698
vn 0.33608881 0.94137907 -0.02915135
vn -0.71696430 -0.68394101 0.13485882
vn 0.68552375 0.72171456 0.09584004
vn -0.67712617 -0.72185570 -0.14291386
vn 0.53273463 0.51759177 0.66954654
vn 0.00000000 -1.00000000 0.00000000
vn 0.16340597 0.98430341 0.06667312
vn -0.43590188 -0.89428514 -0.10121047
vn 0.86323190 0.48054066 0.15463232
vn -0.92538840 -0.29270327 -0.24079286
vn 0.73224211 -0.00232487 0.68104041
vn 0.00819192 -0.76031882 -0.64949846
vn 0.07450324 -0.89264148 0.44456759
vn -0.28586039 -0.81467229 -0.50457174
vn 0.26005939 -0.26173949 0.92944151
vn -0.28643051 -0.79500890 -0.53471333
vn 0.44431010 -0.41261998 0.79519385
vn -0.75026250 -0.51855528 -0.41012999
vn -0.02260193 -0.93418878 0.35606241
vn -0.84792471 0.28358233 -0.44788912
vn -0.39972335 -0.76869714 0.49932531
vn 0.12863360 0.97911698 -0.15742734
vn 0.41973907 -0.76499116 0.48847476
vn -0.26268801 0.92015487 -0.29036164
vn 0.33996373 -0.28159678 0.89728922
vn -0.20576161 0.92957151 -0.30587417
vn 0.33699584 0.79096282 0.51069713
vn -0.66379625 0.60071355 -0.44555330
vn 0.87508017 0.31500193 0.36743501
vn -0.98715967 -0.07042608 -0.14337352
vn -0.11620287 -0.78972203 0.60235870
vn -0.68771380 -0.59967566 -0.40919280
vn 0.25297228 -0.88914782 0.38134143
vn -0.43855843 -0.50509691 -0.74333274
vn 0.00371538 -0.99047875 0.13761583
vn -0.06888516 0.90974224 -0.40941894
vn 0.09488627 -0.98110896 0.16858768
vn -0.26403594 0.83954734 -0.47481093
vn 0.32652432 -0.91489595 0.23737547
vn -0.74020588 -0.38876525 -0.54859537
vn 0.25754458 -0.90794414 0.33061790
vn -0.45646527 -0.13571928 -0.87932920
vn -0.12958136 -0.88341302 0.45032221
vn -0.38615343 -0.26925880 -0.88226146
vn -0.64181525 -0.65475088 0.39921737
vn -0.63226223 0.62841487 -0.45314381
vn -0.20734103 -0.38929665 0.89747304
vn -0.30790615 0.80349672 -0.50949687
vn -0.35768268 0.80870754 0.46696377
vn -0.82916105 0.31392872 -0.46253711
vn -0.29474095 -0.77490854 0.55914623
vn -0.89415973 -0.13070637 -0.42824554
vn 0.15670621 -0.92646587 0.34220481
vn -0.98432785 0.06557667 -0.16370243
vn -0.50135505 -0.83854997 0.21325359
vn -0.96740139 -0.23955949 -0.08213195
vn 0.92500520 -0.27109757 0.26621714
vn -0.98413503 -0.15904741 -0.07862609
vn -0.15703753 0.39807916 0.90380979
vn -0.97919023 0.01144123 -0.20262171
vn -0.24453247 0.63260907 0.73485345
vn -0.91951710 0.28147429 -0.27433684
vn 0.66014147 -0.61708498 0.42827478
vn -0.84674406 0.49408114 -0.19725183
vn 0.87116408 -0.29997271 0.38870239
vn -0.97874838 0.18974382 -0.07777353
vn 0.89895809 -0.33521017 0.28197259
vn -0.82894307 0.52061754 -0.20447674
vn -0.95301700 -0.20179032 0.22591886
vn -0.75243217 0.63211453 -0.18514028
vn -0.65434992 -0.75539154 0.03478039
vn -0.76766396 -0.63258421 -0.10261241
vn -0.19377002 -0.98063529 0.02841824
vn -0.79626215 -0.56901532 -0.20539764
vn 0.12593909 -0.94361192 0.30616322
vn -0.93614143 0.12157189 -0.32993862
vn -0.11019164 -0.98785877 0.10951208
vn -0.86356026 -0.45981357 -0.20696688
vn -0.00129106 -0.93459123 0.35572124
vn -0.80564451 -0.25605917 -0.53420091
vn -0.53076845 -0.65114468 0.54248995
vn -0.67127317 -0.55471307 -0.49161547
vn -0.09176292 -0.90565115 0.41397521
vn -0.39654055 -0.75526953 -0.52184623
vn 0.44492963 -0.86128634 0.24540459
vn -0.01678829 -0.82476079 -0.56523246
vn 0.72966510 -0.57728195 0.36651638
vn -0.37484306 -0.48247507 -0.79165041
vn 0.30639479 -0.89071989 0.33576843
vn -0.90056050 -0.37176526 -0.22534683
vn -0.08018942 -0.82382393 0.56114513
vn -0.81598723 0.44989717 -0.36298415
vn -0.92314440 -0.34378201 0.17209989
vn -0.97264558 -0.07874534 -0.21854006
vn -0.42842126 -0.58097535 0.69204253
vn -0.65429777 -0.05817638 -0.75399607
vn -0.40579164 0.03818109 0.91316777
vn 0.04831881 0.45570862 -0.88881660
vn -0.51781094 0.75139511 0.40899551
vn 0.01984653 0.95934641 -0.28153259
vn -0.63725585 0.68901956 0.34519142
vn 0.06354248 0.85220629 -0.51933306
vn 0.28071928 0.89974266 0.33415547
vn -0.44609052 0.53078067 -0.72060734
vn -0.12971485 0.66833514 0.73246306
vn -0.59620148 0.49872091 -0.62914330
vn -0.89866889 0.22281073 0.37782216
vn -0.74098164 0.51418453 -0.43192649
vn -0.94101650 -0.20633602 0.26816687
vn -0.52496320 0.60736001 -0.59626126
vn -0.29681313 0.66966027 0.68077689
vn 0.00779014 0.72717106 -0.68641210
vn 0.14901955 0.92041850 0.36141813
vn -0.15778546 0.84018207 -0.51884282
vn -0.20113009 0.78744632 0.58264476
vn 0.01330016 0.48672241 -0.87345546
vn -0.09714944 0.95961154 0.26402211
vn -0.62963665 0.71629804 -0.30079049
vn -0.45204836 0.84184295 -0.29487774
vn -0.82599133 0.36262706 -0.43155509
vn 0.42668450 -0.39042106 -0.81578904
vn -0.68375283 -0.55366284 -0.47533092
vn -0.93920135 -0.29962841 0.16770114
vn -0.01670449 -0.27319875 0.96181256
vn 0.54722357 -0.80842268 -0.21679266
vn 0.05917822 0.45827720 0.88683707
vn 0.64010280 -0.73480976 0.22432809
vn -0.01670748 0.23301230 0.97233021
vn -0.18987751 0.94268471 0.27439395
vn -0.13830663 0.81955987 0.55605119
vn -0.59650922 0.72569287 0.34285089
vn 0.00000000 0.00000000 0.00000000
vn 0.60377240 -0.78638458 0.13060617
vn 0.42973900 -0.78873795 0.43956426
vn 0.83919561 0.08597036 0.53699148
vn -0.60027832 -0.68569773 0.41168496
vn -0.22419991 0.97345603 -0.04602136
vn 0.89157820 0.28030863 0.35568994
vn 0.98369443 0.03444736 -0.17651762
vn 0.00554921 0.99929655 0.03709044
vn -0.25116327 0.41971162 -0.87221509
vn -0.06392321 -0.59171134 -0.80361146
vn 0.11632482 -0.98301637 -0.14194098
vn -0.54875058 -0.57606602 -0.60582227
vn -0.84389549 -0.16918337 -0.50913411
vn -0.45582515 0.80581731 -0.37799719
vn -0.00039948 0.99997205 -0.00746140
vn -0.06596668 0.93108815 0.35878021
vn -0.01786492 0.99817932 -0.05761066
vn -0.00763026 0.99642885 -0.08409182
vn 0.00000000 0.00000000 0.00000000
vn -0.35955063 0.93293792 0.01871766
vn 0.39338937 0.69009405 0.60746604
vn 0.27164569 -0.86638987 0.41901949
vn 0.92679697 -0.36097211 0.10366549
vn 0.76461977 0.39106971 0.51227057
vn 0.98033649 0.18531398 0.06781586
vn 0.46490103 -0.70870572 -0.53066295
vn 0.27670181 -0.62662643 -0.72854346
vn 0.66188055 -0.08409525 -0.74487728
vn 0.65917552 -0.72757310 -0.19006558
vn -0.26178446 -0.21198820 -0.94155717
vn -0.34198144 -0.07711571 -0.93653715
vn -0.15553479 0.98774409 0.01305885
vn -0.36064136 -0.11178089 -0.92598212
vn 0.00000000 0.00000000 0.00000000
vn 0.28351769 -0.50585443 -0.81469572
vn 0.95191318 -0.07829223 -0.29619530
vn 0.08480047 -0.14155735 -0.98629123
vn 0.13241747 -0.10306742 -0.98582083
vn 0.32669866 -0.14692727 -0.93363822
vn 0.55899888 0.06655417 0.82649308
vn -0.65406954 0.53773206 -0.53201246
vn -0.97408217 0.18178383 0.13460477
vn 0.19296092 0.35963616 0.91292268
vn -0.83676583 0.10363677 0.53766376
vn -0.90868491 0.16863050 -0.38191044
vn -0.80737501 -0.50862908 -0.29906851
vn 0.98586553 -0.01991668 0.16635069
vn 0.95461065 0.27571160 0.11270168
vn 0.63717288 -0.59432596 -0.49070093
vn 0.88324010 -0.11935145 -0.45347789
vn 0.00000000 0.00000000 0.00000000
vn 0.67417520 -0.72148269 -0.15795773
vn -0.13218798 -0.76344472 -0.63220125
vn -0.10968330 -0.53497487 0.83771795
vn -0.97236443 0.06764203 -0.22345482
vn 0.12467307 0.04933120 -0.99097073
vn -0.22350658 0.39508286 -0.89104116
vn -0.47079721 0.87368411 -0.12258123
vn -0.27384269 0.56403691 -0.77902025
vn -0.42868972 0.25378281 0.86707520
vn 0.39753100 -0.08299738 0.91382742
vn 0.84706974 -0.52179003 -0.10103525
vn 0.99569219 -0.00289318 -0.09267443
vn 0.19729322 0.27887514 0.93984252
vn 0.02316535 0.35058540 0.93624419
vn 0.00000000 0.00000000 0.00000000
vn 0.48401335 -0.12172858 -0.86655247
vn 0.61172575 -0.25876406 -0.74755114
vn -0.26902252 -0.42910841 -0.86226028
vn 0.50436997 0.51272672 -0.69478208
vn -0.92770016 0.28548369 0.24056512
vn -0.81228375 -0.16588189 0.55917639
vn -0.43496954 0.30310398 0.84789717
vn -0.19492528 0.19130963 0.96197957
vn 0.56436908 -0.75721860 -0.32879704
vn 0.89427209 -0.38843814 -0.22224608
vn 0.66016102 0.27196160 -0.70016021
vn 0.11082640 0.40852204 -0.90599525
vn 0.00418481 0.99527013 0.09705639
vn -0.29889515 0.72433132 0.62129372
vn -0.06255177 0.46700266 0.88204074
vn 0.36426964 0.93122590 0.01122459
vn 0.00000000 0.00000000 0.00000000
vn -0.58146924 0.80188918 -0.13735788
vn -0.33131030 0.32023063 -0.88751674
vn 0.09180955 0.99531400 -0.03035025
vn -0.01006364 0.99745679 -0.07055966
vn 0.23663676 0.67667991 0.69721389
vn 0.02105128 0.50203383 0.86459172
vn -0.62196237 -0.78020269 0.06668256
vn -0.73626775 -0.58854544 0.33395252
vn -0.09784774 0.05742113 0.99354351
vn -0.47419763 -0.71825069 -0.50916839
vn 0.19451904 -0.62382472 -0.75697094
vn 0.29581609 0.95500487 0.02141520
vn -0.00182701 0.98433173 0.17631729
vn -0.00021943 0.99960107 -0.02824448
vn -0.13686202 0.53464806 -0.83391857
vn 0.00000000 0.00000000 0.00000000
vn -0.55206341 -0.17986527 -0.81417096
vn -0.32218421 -0.93839747 -0.12492999
vn -0.06780224 -0.97382116 -0.21696848
vn 0.20238407 -0.82560915 0.52669746
vn 0.26733583 -0.68354905 0.67918503
vn 0.41571617 -0.71413141 0.56320196
vn 0.20793834 -0.97433519 0.08621231
vn -0.27201807 0.86592877 -0.41973034
vn 0.54635370 -0.39087611 0.74075198
vn 0.26384467 0.27035779 0.92590100
vn -0.26471749 0.75101095 -0.60490257
vn -0.20777400 0.80092555 -0.56155872
vn -0.38410974 0.74014354 -0.55194861
vn -0.54393029 0.61423606 -0.57171136
vn -0.74816853 0.48486486 -0.45293483
vn -0.63753611 0.58075482 -0.50623280
vn -0.60440332 0.73661429 -0.30347335
vn -0.45924637 0.44528839 -0.76864225
vn 0.00000000 0.00000000 0.00000000
vn 0.70194387 -0.62967187 0.33284867
vn 0.78330046 0.58082926 -0.22153506
vn 0.23558907 -0.95838141 0.16125354
vn -0.32388279 0.88432378 -0.33626080
vn -0.65331084 0.60732675 -0.45203897
vn -0.93816435 0.21304241 -0.27287450
vn -0.46725962 -0.62177092 0.62854558
vn -0.66566133 0.56860554 -0.48330399
vn 0.13830967 0.91630679 0.37583530
vn -0.11693933 0.93745470 -0.32787767
vn -0.82704675 0.42666164 -0.36599648
vn -0.55158150 0.50521535 -0.66371328
vn -0.82167828 0.30451658 -0.48178262
vn 0.00000000 0.00000000 0.00000000
vn -0.29718786 -0.92215282 -0.24761568
vn 0.25304240 -0.87963587 0.40275350
vn -0.35411796 -0.93258512 0.06989593
vn 0.39485314 -0.16534939 0.90374255
vn 0.66181552 -0.61539596 -0.42812151
vn 0.49093476 0.85731071 -0.15492426
vn -0.29241288 -0.30331862 -0.90691376
vn -0.46503943 -0.58460867 -0.66480905
vn -0.36218596 -0.89251411 -0.26877472
vn -0.38586962 0.84950334 -0.35978970
vn 0.02375505 0.95397151 -0.29895490
vn 0.30672312 0.88280046 0.35578692
vn 0.33545175 0.92536026 0.17657997
vn 0.30401585 0.94956517 0.07681439
vn 0.20213072 0.97619885 -0.07860716
vn 0.79669118 -0.52697629 0.29593796
vn 0.70917493 -0.65962023 0.24894187
vn 0.00000000 0.00000000 0.00000000
vn -0.10131104 0.96735764 -0.23228252
vn -0.25982133 -0.06300487 -0.96359909
vn -0.20698977 0.91150028 -0.35541874
vn 0.18112695 -0.98089737 0.07094618
vn 0.00000000 1.00000000 0.00000000
vn 0.00000000 1.00000000 0.00000000
vn 0.00000000 1.00000000 0.00000000
vn 0.61876392 -0.78071618 -0.08725471
vn 0.13100973 -0.93440348 -0.33124986
vn 0.25574481 -0.95389593 0.15708956
vn -0.91591096 -0.28397444 -0.28366467
vn 0.00000000 0.00000000 0.00000000
vn -0.83527422 -0.40765801 0.36896053
vn -0.74407488 -0.66797650 0.01264935
vn -0.86858916 0.29617634 -0.39728120
vn -0.61191297 0.44187504 -0.65597945
vn 0.36054692 0.88811839 -0.28504682
vn -0.19928798 0.79025829 -0.57946199
vn 0.49661335 -0.39121589 -0.77480656
vn -0.62383181 -0.64162701 -0.44626087
vn 0.00000000 0.00000000 0.00000000
vn 0.29609993 -0.49197337 -0.81871051
vn 0.85444641 0.48742059 -0.17984013
vn -0.22539978 0.57461727 -0.78677177
vn 0.54199922 0.74022734 0.39786959
vn 0.06422701 0.98432457 0.16425602
vn -0.18857481 0.98191875 0.01658717
vn -0.32007387 0.73844039 -0.59351373
vn 0.30405051 0.37897348 0.87403232
vn 0.02586690 -0.80582511 0.59158832
vn -0.22560419 -0.67178142 0.70555830
vn -0.43149465 -0.74482846 -0.50896257
vn 0.15967189 -0.98180324 0.10279786
vn 0.84817600 -0.40203860 0.34490943
vn 0.69653374 -0.12197485 0.70708060
vn 0.00000000 0.00000000 0.00000000
vn -0.24979475 -0.95929104 -0.13177022
vn -0.67951196 0.66013247 -0.32013819
vn -0.16068467 -0.93105370 -0.32759646
vn -0.75779843 0.64310110 0.11028432
vn -0.29815644 -0.92946243 0.21726076
vn 0.54194713 -0.66450745 0.51451260
vn 0.58793634 -0.80876291 -0.01528087
vn 0.92031544 0.09395993 0.37972513
vn 0.56587350 -0.59871197 -0.56686085
vn 0.70330387 -0.63627690 -0.31704164
vn 0.77145469 -0.31447482 -0.55313933
vn 0.62923926 0.72357780 0.28371316
vn -0.13780357 0.89144528 0.43166608
vn 0.17224693 0.48174682 0.85921538
vn 0.20962486 0.60795403 0.76579982
vn 0.00000000 0.00000000 0.00000000
vn -0.54350048 0.83082855 -0.11971273
vn 0.99383116 -0.10420085 -0.03797075
vn -0.68751740 0.63972187 -0.34362137
vn 0.88349944 0.45972499 -0.08989834
vn -0.96655405 0.20373192 -0.15577693
vn 0.98151177 0.16056660 0.10417779
vn 0.79835868 -0.51426893 0.31329045
vn -0.80066711 0.59902591 -0.00999932
vn 0.63478255 -0.77269065 -0.00046823
vn -0.70204902 0.71042365 -0.04924961
vn 0.55553323 -0.82309014 -0.11792115
vn -0.39923617 0.91397965 -0.07246938
vn -0.60804492 0.78093529 -0.14290380
vn -0.94762307 0.07071441 -0.31146428
vn 0.00000000 0.00000000 0.00000000
vn -0.39125323 -0.27460989 -0.87835658
vn -0.35363761 -0.44175068 0.82449782
vn 0.14390264 -0.76342237 0.62966514
vn 0.26846644 -0.21560729 0.93884999
vn 0.54609275 -0.59698576 0.58769947
vn 0.35353297 -0.87595809 0.32819483
vn 0.63714612 -0.76672661 -0.07858144
vn 0.00000000 -1.00000000 0.00000000
vn 0.31335789 0.04898743 -0.94837075
vn 0.87637913 -0.48145950 0.01250545
vn 0.11627409 0.47752118 -0.87089252
vn -0.25568023 0.37808189 -0.88976496
vn -0.31777754 0.39350560 -0.86265337
vn -0.27914116 0.88443428 -0.37397370
vn -0.82691973 -0.54237771 0.14842546
vn -0.92317849 -0.35575032 0.14554459
vn -0.28237388 0.11264581 0.95266777
vn 0.00000000 0.00000000 0.00000000
vn -0.09675404 -0.75713551 0.64605296
vn 0.61060226 0.67651975 0.41168675
vn 0.43961510 -0.80367225 0.40106061
vn 0.93282551 0.36031979 0.00250886
vn 0.04779433 0.83362359 -0.55026126
vn 0.90653133 0.11789504 -0.40534148
vn -0.33457518 0.32361689 -0.88506019
vn 0.26906309 -0.95695037 -0.10886209
vn 0.39203167 -0.84988773 0.35213917
vn 0.54092479 -0.73417151 0.41035670
vn -0.18828809 -0.75175071 0.63199562
vn -0.98735374 -0.00024981 -0.15853229
vn -0.95219409 -0.30081913 -0.05323691
vn -0.87462455 -0.27429798 -0.39974079
vn -0.81524402 -0.43250737 -0.38511634
vn -0.73116088 0.01638418 0.68200833
vn 0.00000000 0.00000000 0.00000000
vn 0.49077001 -0.35548979 0.79546952
vn -0.35857847 -0.87786800 0.31744164
vn -0.97777659 0.05923149 0.20110817
vn -0.93672943 -0.33711466 -0.09429494
vn -0.65177977 -0.73865652 -0.17195791
vn -0.19315679 0.95916635 0.20661649
vn 0.49739996 0.86604100 0.05065862
vn 0.56050688 0.82814950 -0.00066892
vn 0.41957620 0.89905387 -0.12513156
vn -0.19254565 0.95590585 -0.22174338
vn -0.60920113 0.78817552 0.08748353
vn 0.59349602 0.61804342 0.51554322
vn 0.89285958 0.39248246 0.22081509
vn 0.75645947 0.65183067 0.05372008
vn 0.24211898 -0.38656542 0.88991326
vn 0.00000000 0.00000000 0.00000000
vn 0.84688365 0.53117925 -0.02523395
vn 0.34842676 0.93443614 -0.07367426
vn -0.16454408 0.96704310 -0.19430128
vn 0.00000000 1.00000000 0.00000000
vn -0.70895499 0.69554430 0.11662261
vn -0.99083394 -0.10421770 -0.08594598
vn -0.89133877 -0.32627794 -0.31473479
vn 0.93868381 0.34450090 -0.01385550
vn -0.97602051 -0.20357139 -0.07708950
vn -0.95656252 -0.28291276 0.07034460
vn -0.96153122 -0.25444657 0.10351093
vn -0.99769872 -0.06568129 0.01682591
vn 0.89966905 0.34761229 0.26412368
vn 0.98908472 -0.13763274 -0.05261903
vn 0.89917755 -0.43729889 -0.01579278
vn -0.85275233 -0.20314535 0.48119166
vn 0.99054807 -0.04720305 -0.12878823
vn 0.96940839 0.01622584 0.24491645
vn 0.97676533 -0.16720091 0.13406503
vn 0.80708897 0.57658732 0.12710029
vn 0.11411262 0.98457432 0.13263419
vn 0.00000000 1.00000000 0.00000000
vn 0.00000000 0.00000000 0.00000000
vn -0.13747233 -0.95211828 -0.27307898
vn 0.86920530 0.48393613 0.10142946
vn 0.49710304 -0.85159308 -0.16636664
vn 0.39317060 0.91543168 -0.08603375
vn -0.53713554 -0.84303641 -0.02784036
vn 0.91110808 0.41173154 -0.01895386
vn 0.84819907 0.50803655 -0.14985740
vn 0.41609815 0.51246881 -0.75115788
vn -0.98170662 0.09905031 -0.16260742
vn -0.83174545 0.41975534 -0.36332491
vn -0.86570907 0.33668661 -0.37039152
vn -0.82930684 0.47941580 -0.28707275
vn -0.62200278 0.58579540 -0.51957303
vn 0.04698909 0.33980739 -0.93932056
vn 0.93553185 0.19460991 -0.29480022
vn 0.70520550 0.70603222 0.06483634
vn 0.00000000 0.00000000 0.00000000
vn 0.97219491 -0.12392225 -0.19869685
vn -0.14408846 -0.04237330 -0.98865712
vn 0.93462390 -0.16927803 -0.31276667
vn -0.30257037 -0.49464101 -0.81472778
vn 0.10755221 -0.85961747 -0.49949008
vn -0.78551137 -0.55115139 -0.28143215
vn -0.28688270 -0.95781881 0.01677948
vn -0.90755248 -0.41642231 0.05423145
vn 0.78009063 -0.59654242 0.18866812
vn 0.97216409 -0.21493903 0.09326442
vn 0.98527873 0.08906048 0.14592499
vn -0.95352995 -0.15537271 -0.25814706
vn -0.94125885 0.11662204 -0.31690872
vn 0.12037792 -0.02926691 -0.99229658
vn -0.87547040 0.38364020 -0.29389066
vn -0.50874788 0.70662189 -0.49179378
vn 0.46203884 0.76945812 0.44096962
vn 0.96824068 -0.24929912 -0.01897414
vn 0.99629647 0.06135525 0.06024060
vn 0.47983631 0.77152818 -0.41773343
vn 0.48784056 -0.77820760 -0.39548016
vn 0.00000000 0.00000000 0.00000000
vn -0.62199318 0.77600598 0.10459044
vn 0.35012594 0.62171346 -0.70063132
vn 0.00859793 0.96100831 0.27638587
vn 0.49910855 0.75845671 0.41908720
vn -0.44985875 0.46857798 0.76030368
vn 0.84845781 -0.01073784 0.52915406
vn 0.81962073 -0.36717534 -0.43977734
vn 0.07914014 -0.73492616 0.67351341
vn -0.12466024 -0.20104241 -0.97161824
vn -0.93540037 -0.02592626 -0.35263851
vn -0.94576758 0.31590736 0.07567172
vn -0.59608704 0.21364047 -0.77397543
vn -0.87599486 0.38771954 0.28689104
vn 0.00000000 0.00000000 0.00000000
vn -0.61409807 -0.63531774 -0.46824664
vn -0.82012033 -0.53167570 0.21147968
vn -0.55563241 -0.83139950 -0.00688889
vn 0.98764020 -0.09763899 0.12261093
vn -0.06175024 -0.90191269 0.42748159
vn 0.83625609 0.51070845 0.19963162
vn 0.78420681 -0.29832804 0.54407716
vn -0.35635462 -0.92943633 0.09570466
vn 0.23983151 -0.93901449 -0.24643990
vn -0.35036156 -0.89727521 -0.26859641
vn -0.16800044 -0.69664937 -0.69746351
vn 0.57439917 -0.10619401 -0.81165791
vn 0.88405389 0.46683609 -0.02264239
vn -0.99323630 0.04587884 -0.10666213
vn -0.94473881 0.29486948 0.14324969
vn 0.97048551 0.22975188 -0.07329353
vn 0.98055714 0.18982279 0.04974877
vn 0.00000000 0.00000000 0.00000000
vn -0.04996977 0.88047475 -0.47145230
vn -0.32135379 0.94337779 -0.08228032
vn 0.22553772 -0.96507436 0.13328248
vn 0.10354849 -0.84255832 0.52855754
vn 0.54547012 0.47628734 0.68964684
vn -0.60992336 -0.78573430 -0.10302896
vn -0.27632695 -0.92984241 0.24297430
vn 0.33271620 -0.90420157 0.26780456
vn -0.26137161 -0.89457488 -0.36251989
vn 0.01494085 0.96423894 -0.26461315
vn -0.95805383 -0.18598783 -0.21803962
vn 0.34364164 0.93086475 -0.12410158
vn 0.36642030 0.69077313 0.62335271
vn -0.04536105 0.82283998 0.56645989
vn 0.00000000 0.00000000 0.00000000
vn 0.00260697 -0.01676235 -0.99985611
vn 0.48242876 0.60002083 -0.63815165
vn 0.12259986 0.81531167 -0.56589419
vn 0.32875657 0.93612456 -0.12485981
vn 0.65439695 0.70668638 -0.26899627
vn 0.07559955 0.99659222 -0.03299348
vn 0.94701761 0.24183926 0.21135618
vn 0.95820159 0.14485031 0.24671473
vn -0.79607987 -0.47769126 0.37157470
vn 0.43016344 -0.56692207 0.70253748
vn -0.75384277 -0.64453346 -0.12766190
vn -0.92662466 -0.23169638 0.29611409
vn -0.87148589 -0.28477019 -0.39927220
vn -0.93807900 -0.17111041 -0.30121279
vn 0.87924302 -0.25764287 -0.40068918
vn 0.00000000 0.00000000 0.00000000
vn 0.52900064 -0.79884237 0.28637227
vn -0.20923883 -0.94943172 -0.23409097
vn -0.40276399 -0.90297610 -0.14971766
vn -0.72581851 -0.57439321 -0.37849692
vn -0.54561323 0.80042708 -0.24823917
vn 0.43567666 0.15005356 0.88750762
vn 0.54152054 0.82357794 0.16874503
vn 0.91532260 -0.28611061 0.28341699
vn 0.87634945 0.47440284 0.08338811
vn 0.74559277 -0.04914575 -0.66458714
vn -0.65685731 -0.33187255 -0.67705184
vn -0.77860940 -0.39237610 -0.48970234
vn -0.86960703 0.42278749 -0.25501853
vn -0.47811392 -0.48965773 -0.72913820
vn -0.34135634 0.50186557 -0.79473698
vn 0.00000000 0.00000000 0.00000000
vn 0.88820761 0.45943865 -0.00181084
vn 0.42122167 0.87662184 0.23260793
vn -0.08522461 0.96240455 -0.25790352
vn 0.00000000 1.00000000 0.00000000
vn 0.03931000 0.98302352 0.17921884
vn -0.25946882 0.95915866 0.11265228
vn -0.95395964 0.26788968 0.13489264
vn 0.27312109 0.65094030 0.70829481
vn 0.16144444 -0.98418844 0.07286128
vn -0.02344307 -0.99937397 -0.02649358
vn -0.10016663 0.99107993 -0.08790420
vn 0.26336798 -0.95019650 0.16662519
vn 0.23836684 -0.97092348 -0.02211189
vn -0.11500975 0.93737048 -0.32879975
vn 0.73883575 -0.57763696 0.34706986
vn 0.55737346 -0.77401197 -0.30040032
vn 0.60320377 -0.68636930 -0.40625390
vn 0.00000000 0.00000000 0.00000000
vn 0.41723037 -0.82151341 -0.38863170
vn -0.35512504 0.91939151 0.16913150
vn 0.43767098 -0.86292511 0.25259507
vn 0.00259622 0.99801934 0.06285509
vn 0.77809954 -0.36141089 -0.51375401
vn 0.48188168 -0.25903243 -0.83707362
vn 0.59606916 0.62805516 -0.50024819
vn 0.02717475 0.89935470 -0.43637437
vn 0.76151288 -0.47073570 -0.44554031
vn -0.59711319 0.79452223 0.11040938
vn -0.61402780 0.78650844 -0.06613856
vn 0.22928108 -0.69489306 -0.68158197
vn -0.38733608 -0.29689661 -0.87282485
vn -0.46041772 0.86905611 -0.18098915
vn -0.55213994 0.76358533 -0.33478194
vn -0.70961922 0.48208219 -0.51384550
vn -0.23249544 -0.87583613 -0.42291471
vn 0.34584153 -0.92445183 -0.16056876
vn 0.49652803 -0.79847640 0.34043393
vn 0.50959533 -0.83821523 0.19418497
vn 0.00000000 0.00000000 0.00000000
vn 0.54141235 -0.74710405 -0.38562691
vn 0.51845860 -0.85275614 -0.06330656
vn 0.52217454 -0.79446650 -0.31009117
vn 0.57480788 -0.81678498 0.04957978
vn 0.97494572 -0.22208738 0.01256452
vn 0.93657112 -0.01782696 -0.35002396
vn 0.20383298 0.97883290 -0.01839358
vn -0.57808816 0.71259034 -0.39752880
vn -0.53191864 0.40363801 -0.74440497
vn -0.51828802 0.85311210 -0.05981065
vn -0.12816772 0.94881153 -0.28866893
vn 0.65799791 -0.30723384 -0.68749267
vn -0.18089631 0.52028573 -0.83461332
vn -0.37998670 0.92492646 0.01100184
vn -0.82371902 0.56244820 -0.07168628
vn -0.80443943 -0.44278502 -0.39600340
vn 0.27693602 -0.76853245 -0.57677054
vn 0.67163193 -0.72822773 -0.13636373
vn 0.54495680 -0.79055375 0.27936861
vn -0.45458549 -0.43086883 0.77955383
vn -0.05994741 -0.99813223 0.01176040
vn -0.98542458 0.01898417 0.16905022
vn 0.41519237 -0.82621437 0.38076907
vn 0.00000000 0.00000000 0.00000000
vn -0.03930929 0.99710298 -0.06511796
vn 0.36011541 -0.77494115 0.51940626
vn -0.38920110 0.90348250 0.17955998
vn -0.80715102 -0.29854310 0.50929296
vn -0.88343036 0.09987585 0.45779419
vn -0.59501606 0.53779668 0.59726924
vn -0.31203988 -0.94667596 0.08022270
vn 0.29273558 0.90280855 -0.31502798
vn 0.00000000 1.00000000 0.00000000
vn 0.56830853 -0.67273319 -0.47376740
vn -0.02855009 0.38983029 -0.92044413
vn -0.29306024 0.95599651 0.01365155
vn 0.48844081 -0.64996988 -0.58220679
vn 0.12920684 -0.84708673 -0.51550925
vn 0.21183030 -0.97411478 0.07892067
vn 0.80676323 -0.44202358 0.39210734
vn 0.92578810 -0.37621015 0.03717855
vn -0.36278802 0.93174583 0.01531435
vn 0.43668535 -0.81206280 0.38711753
vn -0.02050101 0.60094237 0.79902935
vn -0.02835364 0.23527756 0.97151458
vn -0.45205399 0.85246944 0.26256973
vn -0.27283520 0.94389564 0.18606958
vn 0.00000000 0.00000000 0.00000000
vn -0.68428349 -0.63104010 0.36543760
vn 0.84175354 -0.53986204 0.00000000
vn 0.91405499 -0.40559021 0.00000000
vn 0.96871096 0.24819154 0.00000000
vn 0.97205484 0.23475416 0.00000000
vn 0.72953719 0.68394113 0.00000000
vn -0.39704815 -0.91779774 0.00000000
vn -0.92815721 -0.19581158 0.31651559
vn -0.24072452 0.97059351 0.00000000
vn 0.68655723 0.72707582 0.00000000
vn 0.50968724 0.86035973 0.00000000
vn -0.43700579 0.89945865 0.00000000
vn -0.77075899 0.63712692 0.00000000
vn -0.73997343 -0.67263603 0.00000000
vn 0.00000000 -1.00000000 0.00000000
vn 0.30539322 -0.95222640 0.00000000
vn 0.00000000 -1.00000000 0.00000000
vn 0.98827314 -0.15269659 0.00000000
vn 0.58817166 0.80873609 0.00000000
vn 0.29408586 0.95577902 0.00000000
vn -0.82211059 -0.09931654 -0.56059813
vn 0.00000000 1.00000000 0.00000000
vn 0.00000000 -1.00000000 0.00000000
vn 0.58817166 0.80873609 0.00000000
vn 0.99912167 0.04190361 0.00000000
vn -0.06899985 0.99761665 0.00000000
vn -0.98639393 0.16439900 0.00000000
vn 0.00000000 -1.00000000 0.00000000
vn 0.17307869 -0.98490804 0.00000000
vn -0.77595943 -0.63078284 0.00000000
vn -0.84164029 0.54003865 0.00000000
vn -0.88132948 0.47250223 0.00000000
vn -0.96644378 0.25687811 0.00000000
vn 0.60700971 -0.33803624 -0.71921539
vn 0.08241291 -0.85347372 -0.51457822
vn 0.47932401 0.16689357 0.86162347
vn -0.03051090 0.46560633 0.88446587
vn 0.20139271 0.09906071 0.97448856
vn -0.12255261 0.23004736 -0.96543211
vn 0.00692775 0.41479585 -0.90988809
vn -0.51427001 0.10962357 -0.85059333
vn 0.15203294 0.50842363 0.84757972
vn -0.17576726 0.98443186 0.00000000
vn 0.55063319 -0.83233279 0.06344394
vn 0.36732560 -0.26929149 0.89025491
vn 0.73175889 -0.25543445 0.63188773
vn 0.38802162 -0.55488926 0.73589200
vn 0.28787047 -0.75153899 0.59356529
vn -0.18711212 0.98233867 0.00000000
vn 0.31382391 -0.57825845 0.75308162
vn -0.84529787 0.53429544 0.00000000
vn 0.21777037 0.92546117 -0.30999622
vn 0.24889146 -0.94431537 0.21522443
vn -0.27472112 0.96152395 0.00000000
vn 0.33053890 -0.83915597 0.43192753
vn -0.49418133 -0.70039237 0.51501006
vn 0.51595432 -0.70857126 0.48137090
vn -0.27335736 0.96162289 0.02360583
vn -0.11373167 0.97882450 -0.17019908
vn 0.30912414 -0.90260553 0.29957530
vn 0.69485688 0.69391280 0.18883583
vn -0.25762236 -0.67435408 0.69200963
vn 0.00000000 1.00000000 0.00000000
vn 0.00000000 -1.00000000 0.00000000
vn 0.84728426 -0.44128805 -0.29559141
vn -0.82732964 0.54268587 -0.14497499
vn 0.97888684 0.12639065 -0.16064212
vn -0.85179603 0.37236661 -0.36849245
vn -0.99685824 0.04305853 0.06647898
vn -0.86489236 0.19089849 0.46424028
vn 0.45195392 -0.87780708 0.15872104
vn 0.29084367 -0.95657122 0.01953080
vn -0.62276995 0.73929024 -0.25613970
vn 0.00000000 1.00000000 0.00000000
vn 0.00000000 1.00000000 0.00000000
vn 0.00000000 1.00000000 0.00000000
vn -0.18538949 -0.89779538 0.39949253
vn -0.04041138 0.17430757 -0.98386168
vn -0.80000001 0.60000002 0.00000000
vn 0.91008902 0.38373882 0.15646844
vn 0.79015505 0.61290687 0.00000000
vn -0.93952364 -0.27887335 -0.19880880
vn 0.96875006 -0.20666523 0.13715987
vn 0.82772303 0.41092321 0.38212126
vn 0.92273092 0.03834390 -0.38353267
vn -0.97965240 -0.12035430 0.16061158
vn -0.89659268 -0.38338417 -0.22167139
vn -0.92281228 0.37080285 -0.10451181
vn 0.39098740 -0.87451869 0.28695989
vn 0.12893832 -0.95370674 -0.27169549
vn 0.71893293 0.69484705 -0.01797332
vn -0.98645014 -0.16310540 -0.01769138
vn 0.84981775 0.52664822 -0.02124544
vn 0.24822755 -0.93587285 0.25005037
vn 0.14888847 -0.96330404 0.22333272
vn -0.99827504 0.00486703 0.05850917
vn -0.76707518 -0.63956112 0.05056969
vn -0.62009841 -0.08832217 -0.77953649
vn 0.99548757 -0.09420774 -0.01136725
vn -0.99844223 0.05396334 -0.01418211
vn 0.55761343 -0.72183520 0.40990391
vn -0.52811271 0.41827658 -0.73901409
vn 0.11838654 0.87165326 0.47561044
vn -0.43809593 0.35339266 -0.82655042
vn 0.65043163 0.74504375 0.14781226
vn 0.89119822 0.45197633 -0.03851335
vn -0.79964888 -0.57008028 0.18860048
vn 0.18976407 0.91445333 0.35744187
vn 0.19052030 0.70768243 0.68035847
vn 0.19052030 0.70768243 0.68035847
vn -0.83659106 -0.18868084 -0.51431012
vn 0.19052030 0.70768243 0.68035847
vn -0.21865095 -0.97579378 0.00426384
vn -0.01503131 0.99554926 -0.09303629
vn 0.51136351 -0.80305004 0.30597055
vn 0.24708983 -0.96056688 0.12750649
vn -0.73640496 0.61986399 0.27106535
vn 0.53279495 -0.80495721 -0.26110044
vn -0.63367099 0.77341992 -0.01681273
vn 0.86475486 -0.05959988 0.49864495
vn -0.29252723 0.95545197 0.03923612
vn -0.28271720 0.95254189 0.11284921
vn -0.08196726 0.97627246 -0.20043297
vn -0.59234786 -0.77070987 0.23479825
vn 0.39857072 -0.88793319 -0.22959960
vn 0.51067352 -0.69504893 -0.50608253
vn -0.99775541 0.06696345 -0.00000000
vn -0.99775541 0.06696345 -0.00000000
vn -0.99775541 0.06696345 -0.00000000
vn -0.99775541 0.06696345 -0.00000000
vn -0.99775541 0.06696345 -0.00000000
vn -0.99775541 0.06696345 -0.00000000
vn -0.99775541 0.06696345 -0.00000000
vn -0.99775541 0.06696345 -0.00000000
vn -0.02806970 0.99960542 0.00105533
vn 0.31041500 0.69162178 0.65215170
vn 0.44170091 0.02179299 0.89689767
vn 0.34547919 -0.65783447 0.66925174
vn 0.03702638 -0.99928570 0.00755968
vn -0.30342492 -0.69206506 -0.65496510
vn -0.44164032 -0.02179038 -0.89692754
vn -0.34614509 0.66623574 -0.66054028
vn 0.29551625 -0.01979352 0.95513266
vn 0.16315970 -0.70828539 0.68681198
vn -0.06696345 -0.99775541 -0.00000000
vn -0.25416183 -0.68061429 -0.68714333
vn -0.29539919 0.01978827 -0.95516896
vn -0.16961552 0.70804125 -0.68549848
vn 0.06696345 0.99775541 0.00000000
vn 0.26239538 0.67910057 0.68554437
vn 0.11294445 -0.99360120 -0.00043774
vn -0.05683413 -0.72364527 -0.68782806
vn -0.18303804 -0.02431941 -0.98280501
vn -0.21976466 0.68976533 -0.68987483
vn -0.11294435 0.99360120 0.00043599
vn 0.05882965 0.72373575 0.68756497
vn 0.18304345 0.02432036 0.98280394
vn 0.21673267 -0.69035774 0.69024140
vn -0.40018311 0.91642106 0.00509007
vn -0.23748289 0.69982082 0.67368591
vn 0.02960077 0.13020582 0.99104500
vn 0.02960077 0.13020582 0.99104500
vn 0.31448546 -0.57473099 0.75550193
vn 0.31448546 -0.57473099 0.75550193
vn 0.40216556 -0.91556698 0.00002720
vn 0.40216556 -0.91556698 0.00002720
vn 0.24254808 -0.69000775 -0.68195289
vn 0.24254808 -0.69000775 -0.68195289
vn -0.02759626 -0.13460720 -0.99051470
vn -0.02759626 -0.13460720 -0.99051470
vn -0.31711993 0.57398236 -0.75496966
vn -0.69825107 0.71585298 0.00002023
vn -0.26778373 0.69512588 0.66715211
vn 0.28635374 0.27970448 0.91638798
vn 0.68612295 -0.28758505 0.66822910
vn 0.69826090 -0.71584338 -0.00003843
vn 0.27051035 -0.69326138 -0.66799164
vn -0.28635335 -0.27970389 -0.91638827
vn -0.68736786 0.28597412 -0.66764081
vn -0.96164691 0.27400821 -0.01244013
vn -0.96164691 0.27400821 -0.01244013
vn -0.57292151 -0.01077971 0.81953931
vn -0.57292151 -0.01077971 0.81953931
vn 0.19926314 -0.29738677 0.93373191
vn 0.19926314 -0.29738677 0.93373191
vn 0.66451001 -0.45397395 0.59357738
vn 0.66451001 -0.45397395 0.59357738
vn 0.91466022 -0.40405393 -0.01171076
vn 0.91466022 -0.40405393 -0.01171076
vn 0.58598179 -0.09365112 -0.80489427
vn 0.58598179 -0.09365112 -0.80489427
vn -0.18703672 0.22658533 -0.95586419
vn -0.18703672 0.22658533 -0.95586419
vn -0.69186312 0.35870215 -0.62662441
vn -0.69186312 0.35870215 -0.62662441
vn -0.05889464 0.99826419 0.00000000
vn -0.05889464 0.99826419 0.00000000
vn -0.05889464 0.99826419 0.00000000
vn -0.05889464 0.99826419 0.00000000
vn -0.05889464 0.99826419 0.00000000
vn -0.05889464 0.99826419 0.00000000
vn -0.05889464 0.99826419 0.00000000
vn -0.05889464 0.99826419 0.00000000
vn -0.05889464 0.99826419 0.00000000
vn 0.04636974 -0.78596717 0.61652696
vn 0.59403789 -0.63595408 0.49262699
vn 0.99661237 -0.07923082 -0.02205150
vn 0.61084479 0.53997695 -0.57904541
vn -0.04054503 0.68723828 -0.72529972
vn -0.67010033 0.46440494 -0.57904541
vn -0.98038238 -0.19586767 -0.02205150
vn -0.51513839 -0.70139223 0.49262699
vn -0.40031552 0.06056434 0.91437382
vn -0.40031552 0.06056434 0.91437382
vn -0.40031552 0.06056434 0.91437382
vn -0.40031552 0.06056434 0.91437382
vn -0.40031552 0.06056434 0.91437382
vn -0.40031552 0.06056434 0.91437382
vn -0.40031552 0.06056434 0.91437382
vn -0.40031552 0.06056434 0.91437382
vn -0.40031552 0.06056434 0.91437382
vn 0.70090902 0.13433169 0.70048666
vn 0.30606851 0.78931260 0.53226656
vn 0.70831907 -0.50966668 0.48838916
vn 0.70090902 0.13433169 0.70048666
vn 0.38735801 -0.92174673 -0.01835045
vn 0.70831907 -0.50966668 0.48838916
vn -0.23072937 -0.76330113 -0.60343623
vn 0.38735801 -0.92174673 -0.01835045
vn -0.64155227 -0.08359042 -0.76251119
vn -0.23072937 -0.76330113 -0.60343623
vn -0.63980311 0.56289291 -0.52326244
vn -0.64155227 -0.08359042 -0.76251119
vn -0.29893067 0.95411289 -0.01758040
vn -0.63980311 0.56289291 -0.52326244
vn 0.30606851 0.78931260 0.53226656
vn -0.29893067 0.95411289 -0.01758040
vn 0.91489404 -0.13841569 0.37922290
vn 0.54446036 -0.79724789 0.26068890
vn -0.13837115 -0.99005234 -0.02549076
vn -0.73361278 -0.60388625 -0.31166273
vn -0.89257419 0.13503890 -0.43020442
vn -0.52214390 0.79387158 -0.31166273
vn 0.16069101 0.98667556 -0.02549076
vn 0.75592929 0.60050994 0.26068890
vn 0.76049614 -0.64933544 -0.00302413
vn 0.31681085 -0.67031521 -0.67105019
vn -0.26801869 -0.28831637 -0.91926038
vn -0.69248062 0.26624671 -0.67050970
vn -0.70407629 0.71011823 -0.00294049
vn -0.25728178 0.71348917 0.65172023
vn 0.30984592 0.33499321 0.88981742
vn 0.72997421 -0.20308992 0.65260410
vn -0.79558456 0.60584235 -0.00053160
vn -0.39233342 0.62042940 0.67907423
vn 0.21798745 0.27675956 0.93588763
vn 0.70399207 -0.21671844 0.67633450
vn 0.70399207 -0.21671844 0.67633450
vn 0.79518294 -0.60636961 0.00000365
vn 0.79518294 -0.60636961 0.00000365
vn 0.38672838 -0.61719418 -0.68520981
vn 0.38672838 -0.61719418 -0.68520981
vn -0.22251393 -0.27325916 -0.93585092
vn -0.70740807 0.21088083 -0.67461330
vn -0.99823284 -0.05939027 0.00198523
vn -0.57555616 -0.01417472 0.81763941
vn 0.16955332 0.02861799 0.98510540
vn 0.16955332 0.02861799 0.98510540
vn 0.70577437 0.05352126 0.70641208
vn 0.70577437 0.05352126 0.70641208
vn 0.99827665 0.05868361 -0.00000000
vn 0.99827665 0.05868361 -0.00000000
vn 0.56499833 0.02095105 -0.82482600
vn 0.56499833 0.02095105 -0.82482600
vn -0.15143785 -0.03650357 -0.98779255
vn -0.15143785 -0.03650357 -0.98779255
vn -0.72340578 -0.05867994 -0.68792498
vn 0.89357996 0.44890404 -0.00000000
vn 0.89357996 0.44890404 -0.00000000
vn 0.73845041 0.04324265 -0.67291981
vn 0.73845041 0.04324265 -0.67291981
vn 0.06351119 -0.37142810 -0.92628694
vn -0.54514670 -0.59332347 -0.59226882
vn -0.54514670 -0.59332347 -0.59226882
vn -0.89357686 -0.44891027 0.00002693
vn -0.71441507 -0.01804058 0.69948959
vn -0.71441507 -0.01804058 0.69948959
vn -0.05184675 0.37025681 0.92748141
vn -0.05184675 0.37025681 0.92748141
vn 0.52574044 0.59024197 0.61254501
vn 0.52574044 0.59024197 0.61254501
vn 0.83077377 -0.55661023 -0.00026685
vn 0.83077377 -0.55661023 -0.00026685
vn 0.29057810 -0.70809513 -0.64355701
vn 0.29057810 -0.70809513 -0.64355701
vn -0.08352496 -0.49648592 -0.86401695
vn -0.08352496 -0.49648592 -0.86401695
vn -0.50477988 -0.13625163 -0.85242754
vn -0.50477988 -0.13625163 -0.85242754
vn -0.83077466 0.55660892 -0.00019948
vn -0.83077466 0.55660892 -0.00019948
vn -0.28942981 0.70905101 0.64302176
vn -0.28942981 0.70905101 0.64302176
vn 0.08633200 0.49946180 0.86202359
vn 0.08633200 0.49946180 0.86202359
vn 0.50320858 0.13521317 0.85352129
vn 0.50320858 0.13521317 0.85352129
vn -0.18956126 0.98186564 0.00253181
vn 0.17711620 0.72373223 0.66696441
vn 0.40302712 0.06628627 0.91278434
vn 0.39420754 -0.63109237 0.66807395
vn 0.13094318 -0.99138767 0.00208981
vn -0.22645454 -0.72236341 -0.65338308
vn -0.44572240 -0.07481658 -0.89203924
vn -0.44489747 0.61073506 -0.65503353
vn -0.42081112 -0.90700257 -0.01625851
vn -0.59638029 0.43201083 -0.67653322
vn -0.77501780 -0.32860711 -0.53978217
vn -0.15541913 0.86430967 -0.47834474
vn -0.59638029 0.43201083 -0.67653322
vn 0.37323722 0.92757988 -0.01701690
vn -0.15541913 0.86430967 -0.47834474
vn 0.76130295 0.34197265 0.55088341
vn 0.37323722 0.92757988 -0.01701690
vn 0.56543458 -0.46263224 0.68282878
vn 0.76130295 0.34197265 0.55088341
vn 0.10389367 -0.88545591 0.45296133
vn 0.56543458 -0.46263224 0.68282878
vn -0.42081112 -0.90700257 -0.01625851
vn 0.10389367 -0.88545591 0.45296133
vn -0.77501780 -0.32860711 -0.53978217
vn 0.11932226 -0.20205237 -0.97207874
vn 0.43388435 -0.73471081 -0.52148288
vn -0.09900571 -0.81563282 -0.57003593
vn 0.50835174 -0.86080891 0.02421860
vn -0.22831911 -0.97263926 -0.04293352
vn -0.52445179 -0.50242543 -0.68740016
vn -0.81648523 -0.53968960 -0.20515116
vn -0.59330857 0.02138673 -0.80469096
vn -0.91162825 0.18443094 -0.36731339
vn -0.26512817 0.44895035 -0.85331744
vn -0.45798728 0.77552515 -0.43452093
vn 0.26775289 0.52988762 -0.80469096
vn 0.27867675 0.88736695 -0.36731339
vn 0.69320798 0.21666498 -0.68740016
vn 0.86684966 0.45440581 -0.20515116
vn 0.76205575 -0.30713195 -0.57003593
vn 0.96198589 -0.26970321 -0.04293352
vn 0.13249752 0.99118334 -0.00000000
vn 0.13249752 0.99118334 -0.00000000
vn 0.13249752 0.99118334 -0.00000000
vn 0.13249752 0.99118334 -0.00000000
vn 0.13249752 0.99118334 -0.00000000
vn 0.13249752 0.99118334 -0.00000000
vn 0.13249752 0.99118334 -0.00000000
vn 0.13249752 0.99118334 -0.00000000
vn 0.13249752 0.99118334 -0.00000000
vn -0.97541493 0.22037536 -0.00061442
vn -0.73584026 -0.06551047 -0.67397887
vn -0.06244976 -0.26271728 -0.96284974
vn 0.65713859 -0.31192657 -0.68620020
vn 0.99023074 -0.13941970 0.00229375
vn 0.73405528 0.14105912 0.66427797
vn 0.07385021 0.34098786 0.93716240
vn -0.62791574 0.39443186 0.67092872
vn -0.00059859 -0.00447693 0.99998981
vn -0.69740301 0.11697671 0.70706820
vn -0.97570693 0.21907674 0.00116410
vn -0.67382538 0.24234258 -0.69801819
vn 0.02347615 0.17557953 -0.98418528
vn 0.71384996 0.05704891 -0.69797111
vn 0.99892443 -0.04635248 0.00117675
vn 0.70338690 -0.07258565 0.70709133
vn 0.79766715 0.60305274 -0.00738035
vn 0.79766715 0.60305274 -0.00738035
vn 0.53244251 0.54381227 0.64867032
vn 0.53244251 0.54381227 0.64867032
vn 0.30766687 0.36190864 0.87997907
vn 0.30766687 0.36190864 0.87997907
vn -0.06674480 0.00976925 0.99772227
vn -0.06674480 0.00976925 0.99772227
vn -0.70209420 -0.71205562 -0.00636926
vn -0.70209420 -0.71205562 -0.00636926
vn -0.40988395 -0.58534628 -0.69954622
vn -0.40988395 -0.58534628 -0.69954622
vn -0.18091498 -0.35149071 -0.91854453
vn -0.18091498 -0.35149071 -0.91854453
vn 0.24673307 0.03823851 -0.96832877
vn 0.24673307 0.03823851 -0.96832877
vn -0.39017180 -0.92073381 -0.00390576
vn -0.39017180 -0.92073381 -0.00390576
vn -0.57972926 -0.22942407 -0.78184307
vn -0.57972926 -0.22942407 -0.78184307
vn -0.35031006 0.41189608 -0.84120417
vn -0.35031006 0.41189608 -0.84120417
vn -0.04595439 0.81440955 -0.57846808
vn -0.04595439 0.81440955 -0.57846808
vn 0.51390946 0.85783613 -0.00376965
vn 0.51390946 0.85783613 -0.00376965
vn 0.69671059 0.20443475 0.68760514
vn 0.69671059 0.20443475 0.68760514
vn 0.47917238 -0.39223757 0.78520286
vn 0.47917238 -0.39223757 0.78520286
vn 0.18046594 -0.80274969 0.56835282
vn 0.18046594 -0.80274969 0.56835282
vn -0.92217261 -0.38672388 -0.00650224
vn -0.77373916 -0.07441735 -0.62911826
vn -0.22842439 0.18131600 -0.95652854
vn 0.50932604 0.46276921 -0.72555608
vn 0.50932604 0.46276921 -0.72555608
vn 0.91743654 0.39788210 0.00000000
vn 0.79345554 0.10935349 0.59872377
vn 0.79345554 0.10935349 0.59872377
vn 0.21786770 -0.18440634 0.95839864
vn -0.55635875 -0.47530103 0.68158185
vn -0.80508345 0.59315801 -0.00204279
vn -0.80508345 0.59315801 -0.00204279
vn -0.57840580 0.07445806 -0.81234396
vn -0.57840580 0.07445806 -0.81234396
vn -0.19628058 -0.26250377 -0.94475693
vn -0.19628058 -0.26250377 -0.94475693
vn 0.23709662 -0.53618348 -0.81011879
vn 0.23709662 -0.53618348 -0.81011879
vn 0.80467051 -0.59372169 0.00000000
vn 0.80467051 -0.59372169 0.00000000
vn 0.58185148 -0.06811921 0.81043732
vn 0.58185148 -0.06811921 0.81043732
vn 0.19674703 0.26364103 0.94434315
vn 0.19674703 0.26364103 0.94434315
vn -0.24001494 0.52833146 0.81440699
vn -0.24001494 0.52833146 0.81440699
vn 0.47450334 -0.74484748 -0.46909359
vn 0.34454921 0.47910315 -0.80730790
vn 0.26612169 -0.96181637 0.06394112
vn 0.47450334 -0.74484748 -0.46909359
vn 0.07742772 -0.88677019 0.45567930
vn 0.26612169 -0.96181637 0.06394112
vn -0.27230200 -0.39240482 0.87856138
vn 0.07742772 -0.88677019 0.45567930
vn -0.41384369 0.68184072 0.60318041
vn -0.27230200 -0.39240482 0.87856138
vn -0.25459954 0.96494359 0.06374107
vn -0.41384369 0.68184072 0.60318041
vn -0.06946072 0.93904382 -0.33670741
vn -0.25459954 0.96494359 0.06374107
vn 0.34454921 0.47910315 -0.80730790
vn -0.06946072 0.93904382 -0.33670741
vn -0.37647119 -0.17901628 0.90896791
vn -0.37647119 -0.17901628 0.90896791
vn -0.61797756 0.60627401 0.50053531
vn -0.61797756 0.60627401 0.50053531
vn -0.53608823 0.84182417 0.06278133
vn -0.53608823 0.84182417 0.06278133
vn -0.28754783 0.87293983 -0.39407140
vn -0.28754783 0.87293983 -0.39407140
vn 0.46387669 0.21730334 -0.85883504
vn 0.46387669 0.21730334 -0.85883504
vn 0.65908283 -0.65262705 -0.37374821
vn 0.65908283 -0.65262705 -0.37374821
vn 0.52803349 -0.84690839 0.06266469
vn 0.52803349 -0.84690839 0.06266469
vn 0.26112658 -0.81241345 0.52134186
vn 0.26112658 -0.81241345 0.52134186
vn -0.36718294 0.93013716 0.00464027
vn -0.40580478 0.55658114 -0.72494131
vn -0.18240465 -0.15385437 -0.97111142
vn -0.18240465 -0.15385437 -0.97111142
vn 0.11627048 -0.72889531 -0.67467976
vn 0.11627048 -0.72889531 -0.67467976
vn 0.37198594 -0.92823786 0.00098363
vn 0.37198594 -0.92823786 0.00098363
vn 0.40699273 -0.56251389 0.71967709
vn 0.40699273 -0.56251389 0.71967709
vn 0.19282649 0.14318042 0.97073030
vn 0.19282649 0.14318042 0.97073030
vn -0.09955332 0.73359209 0.67225873
vn -0.98759633 -0.15701416 0.00000000
vn -0.98759633 -0.15701416 0.00000000
vn -0.98759633 -0.15701416 0.00000000
vn -0.98759633 -0.15701416 0.00000000
vn -0.98759633 -0.15701416 0.00000000
vn -0.98759633 -0.15701416 0.00000000
vn -0.98759633 -0.15701416 0.00000000
vn -0.98759633 -0.15701416 0.00000000
vn -0.98759633 -0.15701416 0.00000000
vn -0.02451008 -0.00389676 0.99969196
vn -0.11501443 0.69770634 0.70709085
vn -0.13429344 0.99094158 0.00011671
vn -0.06369568 0.70517665 -0.70616484
vn 0.06969654 0.01108079 -0.99750668
vn 0.16682366 -0.68851525 -0.70577377
vn 0.17963582 -0.98373318 0.00016066
vn 0.10032943 -0.70003301 0.70702744
vn 0.04315453 0.00081424 -0.99906808
vn 0.52052772 0.50991029 -0.68486673
vn 0.73680085 0.01390190 -0.67596686
vn 0.98711658 0.01862484 -0.15891513
vn 0.68747890 0.70571882 -0.17127080
vn 0.01717794 0.70751899 -0.70648551
vn -0.00978760 0.97950268 -0.20119308
vn -0.47836256 0.49106330 -0.72802889
vn -0.69623238 0.67961109 -0.23106119
vn -0.67576790 -0.01275034 -0.73700422
vn -0.96973556 -0.01829690 -0.24347103
vn -0.45949799 -0.50875878 -0.72802889
vn -0.67010027 -0.70539093 -0.23106119
vn 0.04385504 -0.70636743 -0.70648551
vn 0.02716858 -0.97917473 -0.20119308
vn 0.53939229 -0.48991176 -0.68486673
vn 0.71361101 -0.67928314 -0.17127080
vn -0.69024527 0.11273602 -0.71473914
vn 0.67949021 0.73363668 -0.00838160
vn -0.82562631 -0.35535580 -0.43825048
vn -0.01898650 0.75405252 -0.65653962
vn -0.70068610 -0.71341741 -0.00863778
vn -0.69024527 0.11273602 -0.71473914
vn 0.01581784 -0.73974657 0.67269963
vn -0.82562631 -0.35535580 -0.43825048
vn 0.69842124 -0.07544103 0.71169966
vn -0.70068610 -0.71341741 -0.00863778
vn 0.81993520 0.38648260 0.42230019
vn 0.01581784 -0.73974657 0.67269963
vn 0.67949021 0.73363668 -0.00838160
vn 0.69842124 -0.07544103 0.71169966
vn -0.01898650 0.75405252 -0.65653962
vn 0.81993520 0.38648260 0.42230019
vn -0.63206339 -0.77255458 0.06045940
vn 0.61983287 0.05994274 0.78244108
vn 0.09965838 -0.58858031 0.80227268
vn 0.72254771 0.46116033 0.51503003
vn 0.61983287 0.05994274 0.78244108
vn 0.59447980 0.80156767 0.06389837
vn 0.72254771 0.46116033 0.51503003
vn -0.15167814 0.68084729 -0.71654773
vn 0.59447980 0.80156767 0.06389837
vn -0.68179238 -0.02994903 -0.73093241
vn -0.15167814 0.68084729 -0.71654773
vn -0.76792938 -0.45669806 -0.44912291
vn -0.68179238 -0.02994903 -0.73093241
vn -0.63206339 -0.77255458 0.06045940
vn -0.76792938 -0.45669806 -0.44912291
vn 0.09965838 -0.58858031 0.80227268
vn -0.80332190 0.28908309 -0.52067739
vn 0.47670949 0.87735325 0.05476581
vn -0.85354668 -0.35172528 -0.38437921
vn -0.30932269 0.86140382 -0.40286842
vn -0.48691624 -0.87191737 0.05169816
vn -0.80332190 0.28908309 -0.52067739
vn 0.27963874 -0.82509220 0.49094298
vn -0.85354668 -0.35172528 -0.38437921
vn 0.75045806 -0.27885219 0.59921128
vn -0.48691624 -0.87191737 0.05169816
vn 0.81220293 0.33736849 0.47592953
vn 0.27963874 -0.82509220 0.49094298
vn 0.47670949 0.87735325 0.05476581
vn 0.75045806 -0.27885219 0.59921128
vn -0.30932269 0.86140382 -0.40286842
vn 0.81220293 0.33736849 0.47592953
vn 0.99733669 -0.07293533 -0.00000000
vn 0.99733669 -0.07293533 -0.00000000
vn 0.63879144 0.46734828 -0.61117190
vn 0.63879144 0.46734828 -0.61117190
vn 0.03812161 0.64373958 -0.76429451
vn 0.03812161 0.64373958 -0.76429451
vn -0.57319081 0.55512834 -0.60273111
vn -0.57319081 0.55512834 -0.60273111
vn -0.99733669 0.07293533 0.00000000
vn -0.99733669 0.07293533 0.00000000
vn -0.63879144 -0.46734828 0.61117190
vn -0.63879144 -0.46734828 0.61117190
vn -0.03812161 -0.64373958 0.76429451
vn -0.03812161 -0.64373958 0.76429451
vn 0.57319081 -0.55512834 0.60273111
vn 0.57319081 -0.55512834 0.60273111
vn 0.79012501 -0.61294574 -0.00000000
vn 0.79012501 -0.61294574 -0.00000000
vn 0.76708931 -0.06758375 -0.63797051
vn 0.76708931 -0.06758375 -0.63797051
vn 0.32091686 0.44431248 -0.83642024
vn 0.32091686 0.44431248 -0.83642024
vn -0.27020985 0.73446691 -0.62253118
vn -0.27020985 0.73446691 -0.62253118
vn -0.79012501 0.61294574 0.00000000
vn -0.79012501 0.61294574 0.00000000
vn -0.76708931 0.06758375 0.63797051
vn -0.76708931 0.06758375 0.63797051
vn -0.32091686 -0.44431248 0.83642024
vn -0.32091686 -0.44431248 0.83642024
vn 0.27020985 -0.73446691 0.62253118
vn 0.27020985 -0.73446691 0.62253118
vn 0.74153578 0.67091334 -0.00000000
vn 0.52437299 0.47443268 0.70706904
vn 0.85980165 0.10363948 0.50000000
vn -0.02460361 -0.02226041 0.99944943
vn 0.50076878 -0.50770509 0.70104653
vn 0.99875498 -0.04988429 -0.00000000
vn 0.80270427 -0.59637725 -0.00000000
vn 0.85980165 0.10363948 -0.50000000
vn 0.70983541 -0.25670782 -0.65592289
vn 0.52437299 0.47443268 -0.70706904
vn 0.30638406 0.27720460 -0.91065162
vn 0.18888831 0.84517527 -0.50000000
vn -0.18462096 0.73190182 -0.65592289
vn 0.04999094 0.99874967 -0.00000000
vn -0.51333255 0.85818976 0.00000000
vn 0.18888831 0.84517527 0.50000000
vn -0.45522091 0.54891509 0.70104653
f 1//1 2//2 3//3
f 4//4 3//3 2//2
f 3//3 4//4 5//5
f 6//6 5//5 4//4
f 5//5 6//6 7//7
f 8//8 7//7 6//6
f 7//7 8//8 9//9
f 10//10 9//9 8//8
f 9//9 10//10 11//11
f 12//12 11//11 10//10
f 11//11 12//12 13//13
f 14//14 13//13 12//12
f 13//13 14//14 15//15
f 16//16 15//15 14//14
f 15//15 16//16 17//17
f 18//18 17//17 16//16
f 17//17 18//18 19//19
f 20//20 19//19 18//18
f 19//19 20//20 21//21
f 22//22 21//21 20//20
f 21//21 22//22 23//23
f 24//24 23//23 22//22
f 23//23 24//24 25//25
f 26//26 25//25 24//24
f 25//25 26//26 27//27
f 28//28 27//27 26//26
f 27//27 28//28 29//29
f 30//30 29//29 28//28
f 29//29 30//30 31//31
f 32//32 31//31 30//30
f 31//31 32//32 33//33
f 34//34 33//33 32//32
f 33//33 34//34 35//35
f 806//806 35//35 34//34
f 35//35 806//806 37//37
f 807//807 37//37 806//806
f 37//37 807//807 39//39
f 808//808 39//39 807//807
f 39//39 808//808 41//41
f 42//42 41//41 808//808
f 41//41 42//42 43//43
f 44//44 43//43 42//42
f 43//43 44//44 45//45
f 46//46 45//45 44//44
f 45//45 46//46 47//47
f 48//48 47//47 46//46
f 47//47 48//48 49//49
f 50//50 49//49 48//48
f 49//49 50//50 51//51
f 52//52 51//51 50//50
f 51//51 52//52 53//53
f 54//54 53//53 52//52
f 53//53 54//54 55//55
f 56//56 55//55 54//54
f 55//55 56//56 57//57
f 58//58 57//57 56//56
f 57//57 58//58 59//59
f 60//60 59//59 58//58
f 59//59 60//60 61//61
f 62//62 61//61 60//60
f 61//61 62//62 63//63
f 64//64 63//63 62//62
f 63//63 64//64 65//65
f 66//66 65//65 64//64
f 65//65 66//66 67//67
f 68//68 67//67 66//66
f 67//67 68//68 69//69
f 70//70 69//69 68//68
f 69//69 70//70 71//71
f 72//72 71//71 70//70
f 71//71 72//72 73//73
f 74//74 73//73 72//72
f 73//73 74//74 75//75
f 76//76 75//75 74//74
f 75//75 76//76 77//77
f 78//78 77//77 76//76
f 77//77 78//78 79//79
f 80//80 79//79 78//78
f 79//79 80//80 81//81
f 82//82 81//81 80//80
f 81//81 82//82 83//83
f 84//84 83//83 82//82
f 83//83 84//84 85//85
f 86//86 85//85 84//84
f 85//85 86//86 87//87
f 88//88 87//87 86//86
f 87//87 88//88 89//89
f 90//90 89//89 88//88
f 89//89 90//90 91//91
f 92//92 91//91 90//90
f 91//91 92//92 93//93
f 94//94 93//93 92//92
f 93//93 94//94 95//95
f 809//809 95//95 94//94
f 95//95 809//809 97//97
f 810//810 97//97 809//809
f 97//97 810//810 99//99
f 100//100 99//99 810//810
f 99//99 100//100 101//101
f 102//102 101//101 100//100
f 101//101 102//102 103//103
f 104//104 103//103 102//102
f 103//103 104//104 105//105
f 106//106 105//105 104//104
f 105//105 106//106 107//107
f 108//108 107//107 106//106
f 107//107 108//108 109//109
f 110//110 109//109 108//108
f 109//109 110//110 111//111
f 112//112 111//111 110//110
f 111//111 112//112 113//113
f 114//114 113//113 112//112
f 113//113 114//114 115//115
f 116//116 115//115 114//114
f 115//115 116//116 811//811
f 118//118 811//811 116//116
f 811//811 118//118 812//812
f 120//120 812//812 118//118
f 812//812 120//120 121//121
f 122//122 121//121 120//120
f 121//121 122//122 123//123
f 124//124 123//123 122//122
f 123//123 124//124 125//125
f 126//126 125//125 124//124
f 125//125 126//126 127//127
f 128//128 127//127 126//126
f 127//127 128//128 129//129
f 130//130 129//129 128//128
f 129//129 130//130 131//131
f 813//813 131//131 130//130
f 131//131 813//813 133//133
f 814//814 133//133 813//813
f 133//133 814//814 135//135
f 815//815 135//135 814//814
f 135//135 815//815 137//137
f 816//816 137//137 815//815
f 137//137 816//816 139//139
f 817//817 139//139 816//816
f 139//139 817//817 141//141
f 142//142 141//141 817//817
f 141//141 142//142 143//143
f 144//144 143//143 142//142
f 143//143 144//144 818//818
f 146//146 818//818 144//144
f 818//818 146//146 147//147
f 148//148 147//147 146//146
f 147//147 148//148 149//149
f 150//150 149//149 148//148
f 149//149 150//150 151//151
f 152//152 151//151 150//150
f 151//151 152//152 153//153
f 819//819 153//153 152//152
f 153//153 819//819 155//155
f 820//820 155//155 819//819
f 155//155 820//820 157//157
f 158//158 157//157 820//820
f 157//157 158//158 159//159
f 160//160 159//159 158//158
f 159//159 160//160 161//161
f 162//162 161//161 160//160
f 161//161 162//162 163//163
f 164//164 163//163 162//162
f 163//163 164//164 821//821
f 166//166 821//821 164//164
f 821//821 166//166 167//167
f 168//168 167//167 166//166
f 167//167 168//168 169//169
f 822//822 169//169 168//168
f 169//169 822//822 171//171
f 172//172 171//171 822//822
f 171//171 172//172 173//173
f 174//174 173//173 172//172
f 173//173 174//174 175//175
f 176//176 175//175 174//174
f 175//175 176//176 177//177
f 823//823 177//177 176//176
f 177//177 823//823 179//179
f 824//824 179//179 823//823
f 179//179 824//824 181//181
f 826//826 181//181 824//824
f 181//181 826//826 183//183
f 828//828 183//183 826//826
f 183//183 828//828 185//185
f 829//829 185//185 828//828
f 185//185 829//829 187//187
f 188//188 187//187 829//829
f 187//187 188//188 189//189
f 190//190 189//189 188//188
f 189//189 190//190 191//191
f 192//192 191//191 190//190
f 191//191 192//192 193//193
f 194//194 193//193 192//192
f 193//193 194//194 195//195
f 196//196 195//195 194//194
f 195//195 196//196 197//197
f 198//198 197//197 196//196
f 197//197 198//198 830//830
f 200//200 830//830 198//198
f 830//830 200//200 201//201
f 202//202 201//201 200//200
f 201//201 202//202 203//203
f 204//204 203//203 202//202
f 203//203 204//204 831//831
f 206//206 831//831 204//204
f 831//831 206//206 207//207
f 208//208 207//207 206//206
f 207//207 208//208 209//209
f 210//210 209//209 208//208
f 209//209 210//210 211//211
f 832//832 211//211 210//210
f 211//211 832//832 213//213
f 833//833 213//213 832//832
f 213//213 833//833 215//215
f 216//216 215//215 833//833
f 215//215 216//216 217//217
f 218//218 217//217 216//216
f 217//217 218//218 219//219
f 220//220 219//219 218//218
f 219//219 220//220 221//221
f 222//222 221//221 220//220
f 221//221 222//222 223//223
f 224//224 223//223 222//222
f 223//223 224//224 225//225
f 226//226 225//225 224//224
f 225//225 226//226 227//227
f 228//228 227//227 226//226
f 227//227 228//228 229//229
f 230//230 229//229 228//228
f 229//229 230//230 231//231
f 232//232 231//231 230//230
f 231//231 232//232 834//834
f 234//234 834//834 232//232
f 834//834 234//234 235//235
f 236//236 235//235 234//234
f 235//235 236//236 237//237
f 238//238 237//237 236//236
f 237//237 238//238 835//835
f 240//240 835//835 238//238
f 835//835 240//240 836//836
f 242//242 836//836 240//240
f 836//836 242//242 837//837
f 244//244 837//837 242//242
f 837//837 244//244 245//245
f 246//246 245//245 244//244
f 245//245 246//246 247//247
f 248//248 247//247 246//246
f 247//247 248//248 249//249
f 250//250 249//249 248//248
f 249//249 250//250 251//251
f 252//252 251//251 250//250
f 251//251 252//252 253//253
f 254//254 253//253 252//252
f 253//253 254//254 255//255
f 256//256 255//255 254//254
f 255//255 256//256 257//257
f 258//258 257//257 256//256
f 257//257 258//258 259//259
f 260//260 259//259 258//258
f 259//259 260//260 261//261
f 262//262 261//261 260//260
f 261//261 262//262 263//263
f 264//264 263//263 262//262
f 263//263 264//264 265//265
f 266//266 265//265 264//264
f 265//265 266//266 267//267
f 268//268 267//267 266//266
f 267//267 268//268 269//269
f 270//270 269//269 268//268
f 269//269 270//270 271//271
f 272//272 271//271 270//270
f 271//271 272//272 273//273
f 274//274 273//273 272//272
f 273//273 274//274 275//275
f 276//276 275//275 274//274
f 275//275 276//276 277//277
f 278//278 277//277 276//276
f 277//277 278//278 279//279
f 280//280 279//279 278//278
f 279//279 280//280 281//281
f 282//282 281//281 280//280
f 281//281 282//282 283//283
f 284//284 283//283 282//282
f 283//283 284//284 285//285
f 286//286 285//285 284//284
f 285//285 286//286 287//287
f 288//288 287//287 286//286
f 287//287 288//288 289//289
f 290//290 289//289 288//288
f 289//289 290//290 291//291
f 292//292 291//291 290//290
f 291//291 292//292 293//293
f 294//294 293//293 292//292
f 293//293 294//294 1//1
f 2//2 1//1 294//294
f 142//142 148//148 144//144
f 147//147 141//141 143//143
f 142//142 150//150 148//148
f 149//149 141//141 147//147
f 142//142 138//138 150//150
f 137//137 141//141 149//149
f 142//142 140//140 138//138
f 139//139 141//141 137//137
f 136//136 150//150 138//138
f 149//149 135//135 137//137
f 136//136 134//134 150//150
f 133//133 135//135 149//149
f 150//150 134//134 158//158
f 133//133 149//149 157//157
f 158//158 156//156 150//150
f 155//155 157//157 149//149
f 156//156 152//152 150//150
f 151//151 155//155 149//149
f 156//156 154//154 152//152
f 153//153 155//155 151//151
f 134//134 132//132 158//158
f 131//131 133//133 157//157
f 132//132 160//160 158//158
f 159//159 131//131 157//157
f 162//162 160//160 132//132
f 159//159 161//161 131//131
f 162//162 132//132 164//164
f 131//131 161//161 163//163
f 130//130 164//164 132//132
f 163//163 129//129 131//131
f 130//130 166//166 164//164
f 165//165 129//129 163//163
f 128//128 166//166 130//130
f 165//165 127//127 129//129
f 128//128 172//172 166//166
f 171//171 127//127 165//165
f 172//172 128//128 126//126
f 127//127 171//171 125//125
f 124//124 172//172 126//126
f 171//171 123//123 125//125
f 124//124 174//174 172//172
f 173//173 123//123 171//171
f 174//174 124//124 825//825
f 123//123 173//173 181//181
f 174//174 825//825 180//180
f 181//181 173//173 179//179
f 180//180 176//176 174//174
f 175//175 179//179 173//173
f 178//178 176//176 180//180
f 175//175 177//177 179//179
f 825//825 124//124 122//122
f 123//123 181//181 121//121
f 120//120 825//825 122//122
f 181//181 812//812 121//121
f 184//184 182//182 120//120
f 181//181 827//827 812//812
f 184//184 120//120 186//186
f 119//119 183//183 185//185
f 186//186 120//120 118//118
f 119//119 185//185 117//117
f 118//118 188//188 186//186
f 187//187 117//117 185//185
f 116//116 188//188 118//118
f 187//187 115//115 117//117
f 110//110 188//188 116//116
f 187//187 109//109 115//115
f 110//110 116//116 114//114
f 115//115 109//109 113//113
f 112//112 110//110 114//114
f 109//109 111//111 113//113
f 110//110 108//108 188//188
f 107//107 109//109 187//187
f 188//188 108//108 190//190
f 107//107 187//187 189//189
f 108//108 192//192 190//190
f 191//191 107//107 189//189
f 106//106 192//192 108//108
f 191//191 105//105 107//107
f 104//104 192//192 106//106
f 191//191 103//103 105//105
f 194//194 192//192 104//104
f 191//191 193//193 103//103
f 102//102 194//194 104//104
f 193//193 101//101 103//103
f 102//102 96//96 194//194
f 95//95 101//101 193//193
f 98//98 96//96 102//102
f 95//95 97//97 101//101
f 100//100 98//98 102//102
f 97//97 99//99 101//101
f 96//96 196//196 194//194
f 195//195 95//95 193//193
f 94//94 196//196 96//96
f 195//195 93//93 95//95
f 94//94 218//218 196//196
f 217//217 93//93 195//195
f 92//92 218//218 94//94
f 217//217 91//91 93//93
f 218//218 92//92 220//220
f 91//91 217//217 219//219
f 220//220 92//92 54//54
f 91//91 219//219 53//53
f 54//54 52//52 220//220
f 51//51 53//53 219//219
f 52//52 222//222 220//220
f 221//221 51//51 219//219
f 222//222 52//52 50//50
f 51//51 221//221 49//49
f 222//222 50//50 224//224
f 49//49 221//221 223//223
f 50//50 48//48 224//224
f 47//47 49//49 223//223
f 48//48 228//228 224//224
f 227//227 47//47 223//223
f 48//48 230//230 228//228
f 229//229 47//47 227//227
f 46//46 230//230 48//48
f 229//229 45//45 47//47
f 46//46 44//44 230//230
f 43//43 45//45 229//229
f 232//232 230//230 44//44
f 229//229 231//231 43//43
f 44//44 234//234 232//232
f 233//233 43//43 231//231
f 234//234 44//44 236//236
f 43//43 233//233 235//235
f 44//44 42//42 236//236
f 41//41 43//43 235//235
f 42//42 40//40 236//236
f 39//39 41//41 235//235
f 236//236 40//40 238//238
f 39//39 235//235 237//237
f 238//238 40//40 38//38
f 39//39 237//237 37//37
f 238//238 38//38 240//240
f 37//37 237//237 239//239
f 240//240 38//38 36//36
f 37//37 239//239 35//35
f 36//36 244//244 240//240
f 243//243 35//35 239//239
f 244//244 36//36 252//252
f 35//35 243//243 251//251
f 244//244 252//252 246//246
f 251//251 243//243 245//245
f 246//246 252//252 250//250
f 251//251 245//245 249//249
f 246//246 250//250 248//248
f 249//249 245//245 247//247
f 36//36 34//34 252//252
f 33//33 35//35 251//251
f 252//252 34//34 254//254
f 33//33 251//251 253//253
f 254//254 34//34 256//256
f 33//33 253//253 255//255
f 34//34 32//32 256//256
f 31//31 33//33 255//255
f 32//32 258//258 256//256
f 257//257 31//31 255//255
f 258//258 32//32 260//260
f 31//31 257//257 259//259
f 260//260 32//32 262//262
f 31//31 259//259 261//261
f 32//32 264//264 262//262
f 263//263 31//31 261//261
f 32//32 30//30 264//264
f 29//29 31//31 263//263
f 30//30 28//28 264//264
f 27//27 29//29 263//263
f 264//264 28//28 266//266
f 27//27 263//263 265//265
f 28//28 268//268 266//266
f 267//267 27//27 265//265
f 28//28 26//26 268//268
f 25//25 27//27 267//267
f 268//268 26//26 272//272
f 25//25 267//267 271//271
f 268//268 272//272 270//270
f 271//271 267//267 269//269
f 26//26 24//24 272//272
f 23//23 25//25 271//271
f 24//24 274//274 272//272
f 273//273 23//23 271//271
f 24//24 22//22 274//274
f 21//21 23//23 273//273
f 274//274 22//22 20//20
f 21//21 273//273 19//19
f 274//274 20//20 18//18
f 19//19 273//273 17//17
f 274//274 18//18 276//276
f 17//17 273//273 275//275
f 276//276 18//18 278//278
f 17//17 275//275 277//277
f 18//18 16//16 278//278
f 805//805 17//17 277//277
f 278//278 16//16 280//280
f 15//15 277//277 279//279
f 280//280 16//16 14//14
f 15//15 279//279 13//13
f 280//280 14//14 282//282
f 13//13 279//279 281//281
f 282//282 14//14 12//12
f 13//13 281//281 11//11
f 282//282 12//12 284//284
f 11//11 281//281 283//283
f 12//12 286//286 284//284
f 285//285 11//11 283//283
f 12//12 10//10 286//286
f 9//9 11//11 285//285
f 286//286 10//10 288//288
f 9//9 285//285 287//287
f 288//288 10//10 8//8
f 9//9 287//287 7//7
f 288//288 8//8 290//290
f 7//7 287//287 289//289
f 8//8 292//292 290//290
f 291//291 7//7 289//289
f 292//292 8//8 6//6
f 7//7 291//291 5//5
f 292//292 6//6 4//4
f 5//5 291//291 3//3
f 292//292 4//4 2//2
f 3//3 291//291 1//1
f 294//294 292//292 2//2
f 291//291 293//293 1//1
f 240//240 244//244 242//242
f 243//243 239//239 241//241
f 224//224 228//228 226//226
f 227//227 223//223 225//225
f 54//54 92//92 90//90
f 91//91 53//53 89//89
f 86//86 54//54 90//90
f 53//53 85//85 89//89
f 88//88 86//86 90//90
f 85//85 87//87 89//89
f 84//84 54//54 86//86
f 53//53 83//83 85//85
f 84//84 56//56 54//54
f 55//55 83//83 53//53
f 82//82 56//56 84//84
f 55//55 81//81 83//83
f 82//82 60//60 56//56
f 59//59 81//81 55//55
f 80//80 60//60 82//82
f 59//59 79//79 81//81
f 80//80 62//62 60//60
f 61//61 79//79 59//59
f 78//78 62//62 80//80
f 61//61 77//77 79//79
f 78//78 64//64 62//62
f 63//63 77//77 61//61
f 66//66 64//64 78//78
f 63//63 65//65 77//77
f 76//76 66//66 78//78
f 65//65 75//75 77//77
f 76//76 68//68 66//66
f 67//67 75//75 65//65
f 74//74 68//68 76//76
f 67//67 73//73 75//75
f 72//72 68//68 74//74
f 67//67 71//71 73//73
f 70//70 68//68 72//72
f 67//67 69//69 71//71
f 56//56 60//60 58//58
f 59//59 55//55 57//57
f 196//196 218//218 198//198
f 217//217 195//195 197//197
f 198//198 218//218 200//200
f 217//217 197//197 199//199
f 200//200 218//218 216//216
f 217//217 199//199 215//215
f 202//202 200//200 216//216
f 199//199 201//201 215//215
f 202//202 216//216 214//214
f 215//215 201//201 213//213
f 214//214 212//212 202//202
f 211//211 213//213 201//201
f 212//212 210//210 202//202
f 209//209 211//211 201//201
f 210//210 204//204 202//202
f 203//203 209//209 201//201
f 204//204 210//210 208//208
f 209//209 203//203 207//207
f 206//206 204//204 208//208
f 203//203 205//205 207//207
f 166//166 172//172 168//168
f 171//171 165//165 167//167
f 172//172 170//170 168//168
f 169//169 171//171 167//167
f 148//148 146//146 144//144
f 145//145 147//147 143//143
f 295//295 297//297 296//296
f 297//297 298//298 296//296
f 296//296 298//298 299//299
f 299//299 298//298 297//297
f 299//299 297//297 300//300
f 300//300 297//297 301//301
f 297//297 838//838 301//301
f 838//838 303//303 301//301
f 301//301 303//303 300//300
f 300//300 303//303 302//302
f 300//300 302//302 304//304
f 304//304 302//302 305//305
f 305//305 302//302 297//297
f 295//295 305//305 297//297
f 295//295 306//306 305//305
f 305//305 306//306 304//304
f 304//304 306//306 300//300
f 300//300 306//306 307//307
f 307//307 306//306 295//295
f 307//307 295//295 299//299
f 299//299 295//295 296//296
f 307//307 299//299 300//300
f 308//308 308//308 308//308
f 308//308 308//308 308//308
f 308//308 308//308 308//308
f 308//308 308//308 308//308
f 308//308 308//308 308//308
f 308//308 308//308 308//308
f 308//308 308//308 308//308
f 308//308 308//308 308//308
f 308//308 308//308 308//308
f 308//308 308//308 308//308
f 308//308 308//308 308//308
f 308//308 308//308 308//308
f 308//308 308//308 308//308
f 308//308 308//308 308//308
f 308//308 308//308 308//308
f 308//308 308//308 308//308
f 308//308 308//308 308//308
f 308//308 308//308 308//308
f 308//308 308//308 308//308
f 308//308 308//308 308//308
f 308//308 308//308 308//308
f 308//308 308//308 308//308
f 308//308 308//308 308//308
f 308//308 308//308 308//308
f 308//308 308//308 308//308
f 308//308 308//308 308//308
f 308//308 308//308 308//308
f 308//308 308//308 308//308
f 308//308 308//308 308//308
f 308//308 308//308 308//308
f 308//308 308//308 308//308
f 308//308 308//308 308//308
f 308//308 308//308 308//308
f 308//308 308//308 308//308
f 308//308 308//308 308//308
f 308//308 308//308 308//308
f 308//308 308//308 308//308
f 308//308 308//308 308//308
f 308//308 308//308 308//308
f 308//308 308//308 308//308
f 308//308 308//308 308//308
f 308//308 308//308 308//308
f 308//308 308//308 308//308
f 308//308 308//308 308//308
f 308//308 308//308 308//308
f 308//308 308//308 308//308
f 308//308 308//308 308//308
f 308//308 308//308 308//308
f 309//309 311//311 310//310
f 310//310 311//311 312//312
f 312//312 311//311 313//313
f 313//313 311//311 314//314
f 314//314 311//311 309//309
f 309//309 315//315 314//314
f 314//314 315//315 316//316
f 316//316 315//315 317//317
f 317//317 315//315 318//318
f 318//318 315//315 309//309
f 309//309 319//319 318//318
f 319//319 320//320 318//318
f 318//318 320//320 321//321
f 321//321 320//320 312//312
f 312//312 320//320 319//319
f 309//309 312//312 319//319
f 310//310 312//312 309//309
f 321//321 312//312 313//313
f 313//313 322//322 321//321
f 321//321 322//322 317//317
f 317//317 322//322 323//323
f 322//322 324//324 323//323
f 323//323 324//324 325//325
f 325//325 324//324 326//326
f 326//326 324//324 316//316
f 316//316 324//324 313//313
f 313//313 324//324 322//322
f 314//314 316//316 313//313
f 317//317 326//326 316//316
f 317//317 325//325 326//326
f 323//323 325//325 317//317
f 318//318 321//321 317//317
f 327//327 327//327 327//327
f 327//327 327//327 327//327
f 327//327 327//327 327//327
f 327//327 327//327 327//327
f 327//327 327//327 327//327
f 327//327 327//327 327//327
f 327//327 327//327 327//327
f 327//327 327//327 327//327
f 327//327 327//327 327//327
f 327//327 327//327 327//327
f 327//327 327//327 327//327
f 327//327 327//327 327//327
f 327//327 327//327 327//327
f 327//327 327//327 327//327
f 327//327 327//327 327//327
f 327//327 327//327 327//327
f 327//327 327//327 327//327
f 327//327 327//327 327//327
f 327//327 327//327 327//327
f 327//327 327//327 327//327
f 327//327 327//327 327//327
f 327//327 327//327 327//327
f 327//327 327//327 327//327
f 327//327 327//327 327//327
f 327//327 327//327 327//327
f 327//327 327//327 327//327
f 327//327 327//327 327//327
f 327//327 327//327 327//327
f 327//327 327//327 327//327
f 327//327 327//327 327//327
f 327//327 327//327 327//327
f 327//327 327//327 327//327
f 327//327 327//327 327//327
f 327//327 327//327 327//327
f 327//327 327//327 327//327
f 327//327 327//327 327//327
f 327//327 327//327 327//327
f 327//327 327//327 327//327
f 327//327 327//327 327//327
f 327//327 327//327 327//327
f 327//327 327//327 327//327
f 327//327 327//327 327//327
f 327//327 327//327 327//327
f 327//327 327//327 327//327
f 327//327 327//327 327//327
f 327//327 327//327 327//327
f 327//327 327//327 327//327
f 327//327 327//327 327//327
f 327//327 327//327 327//327
f 327//327 327//327 327//327
f 327//327 327//327 327//327
f 327//327 327//327 327//327
f 327//327 327//327 327//327
f 327//327 327//327 327//327
f 327//327 327//327 327//327
f 327//327 327//327 327//327
f 327//327 327//327 327//327
f 327//327 327//327 327//327
f 327//327 327//327 327//327
f 327//327 327//327 327//327
f 327//327 327//327 327//327
f 327//327 327//327 327//327
f 327//327 327//327 327//327
f 327//327 327//327 327//327
f 328//328 330//330 329//329
f 330//330 331//331 329//329
f 329//329 331//331 332//332
f 332//332 331//331 333//333
f 333//333 331//331 334//334
f 334//334 331//331 330//330
f 330//330 335//335 334//334
f 335//335 336//336 334//334
f 334//334 336//336 333//333
f 333//333 336//336 337//337
f 337//337 336//336 335//335
f 338//338 337//337 335//335
f 839//839 337//337 338//338
f 339//339 839//839 338//338
f 840//840 332//332 333//333
f 340//340 332//332 840//840
f 329//329 332//332 340//340
f 329//329 340//340 328//328
f 328//328 340//340 338//338
f 338//338 340//340 339//339
f 338//338 341//341 328//328
f 328//328 841//841 330//330
f 341//341 335//335 330//330
f 338//338 335//335 341//341
f 342//342 342//342 342//342
f 342//342 342//342 342//342
f 342//342 342//342 342//342
f 342//342 342//342 342//342
f 342//342 342//342 342//342
f 342//342 342//342 342//342
f 342//342 342//342 342//342
f 342//342 342//342 342//342
f 342//342 342//342 342//342
f 342//342 342//342 342//342
f 342//342 342//342 342//342
f 342//342 342//342 342//342
f 342//342 342//342 342//342
f 342//342 342//342 342//342
f 342//342 342//342 342//342
f 342//342 342//342 342//342
f 342//342 342//342 342//342
f 342//342 342//342 342//342
f 342//342 342//342 342//342
f 342//342 342//342 342//342
f 342//342 342//342 342//342
f 342//342 342//342 342//342
f 342//342 342//342 342//342
f 342//342 342//342 342//342
f 342//342 342//342 342//342
f 342//342 342//342 342//342
f 342//342 342//342 342//342
f 342//342 342//342 342//342
f 342//342 342//342 342//342
f 342//342 342//342 342//342
f 342//342 342//342 342//342
f 342//342 342//342 342//342
f 342//342 342//342 342//342
f 342//342 342//342 342//342
f 342//342 342//342 342//342
f 342//342 342//342 342//342
f 342//342 342//342 342//342
f 342//342 342//342 342//342
f 342//342 342//342 342//342
f 342//342 342//342 342//342
f 342//342 342//342 342//342
f 342//342 342//342 342//342
f 342//342 342//342 342//342
f 342//342 342//342 342//342
f 342//342 342//342 342//342
f 342//342 342//342 342//342
f 342//342 342//342 342//342
f 342//342 342//342 342//342
f 343//343 345//345 344//344
f 345//345 346//346 344//344
f 346//346 347//347 344//344
f 344//344 842//842 348//348
f 843//843 347//347 346//346
f 843//843 346//346 349//349
f 349//349 346//346 345//345
f 345//345 350//350 349//349
f 349//349 350//350 351//351
f 351//351 350//350 352//352
f 352//352 350//350 353//353
f 353//353 350//350 345//345
f 354//354 353//353 345//345
f 352//352 353//353 354//354
f 352//352 354//354 351//351
f 354//354 355//355 351//351
f 351//351 355//355 356//356
f 356//356 355//355 357//357
f 357//357 355//355 354//354
f 343//343 357//357 354//354
f 358//358 357//357 343//343
f 356//356 357//357 358//358
f 356//356 358//358 344//344
f 344//344 358//358 343//343
f 351//351 356//356 344//344
f 344//344 348//348 351//351
f 351//351 348//348 349//349
f 343//343 354//354 345//345
f 359//359 359//359 359//359
f 359//359 359//359 359//359
f 359//359 359//359 359//359
f 359//359 359//359 359//359
f 359//359 359//359 359//359
f 359//359 359//359 359//359
f 359//359 359//359 359//359
f 359//359 359//359 359//359
f 359//359 359//359 359//359
f 359//359 359//359 359//359
f 359//359 359//359 359//359
f 359//359 359//359 359//359
f 359//359 359//359 359//359
f 359//359 359//359 359//359
f 359//359 359//359 359//359
f 359//359 359//359 359//359
f 359//359 359//359 359//359
f 359//359 359//359 359//359
f 359//359 359//359 359//359
f 359//359 359//359 359//359
f 359//359 359//359 359//359
f 359//359 359//359 359//359
f 359//359 359//359 359//359
f 359//359 359//359 359//359
f 359//359 359//359 359//359
f 359//359 359//359 359//359
f 359//359 359//359 359//359
f 359//359 359//359 359//359
f 359//359 359//359 359//359
f 359//359 359//359 359//359
f 359//359 359//359 359//359
f 359//359 359//359 359//359
f 359//359 359//359 359//359
f 359//359 359//359 359//359
f 359//359 359//359 359//359
f 359//359 359//359 359//359
f 359//359 359//359 359//359
f 359//359 359//359 359//359
f 359//359 359//359 359//359
f 359//359 359//359 359//359
f 359//359 359//359 359//359
f 359//359 359//359 359//359
f 359//359 359//359 359//359
f 359//359 359//359 359//359
f 359//359 359//359 359//359
f 359//359 359//359 359//359
f 359//359 359//359 359//359
f 359//359 359//359 359//359
f 359//359 359//359 359//359
f 359//359 359//359 359//359
f 359//359 359//359 359//359
f 359//359 359//359 359//359
f 359//359 359//359 359//359
f 359//359 359//359 359//359
f 359//359 359//359 359//359
f 359//359 359//359 359//359
f 360//360 362//362 361//361
f 362//362 363//363 361//361
f 361//361 363//363 364//364
f 364//364 363//363 365//365
f 363//363 366//366 365//365
f 365//365 366//366 367//367
f 367//367 366//366 368//368
f 368//368 366//366 363//363
f 368//368 363//363 362//362
f 368//368 362//362 369//369
f 369//369 362//362 360//360
f 360//360 370//370 369//369
f 370//370 371//371 369//369
f 369//369 371//371 372//372
f 844//844 371//371 364//364
f 364//364 371//371 370//370
f 364//364 370//370 360//360
f 364//364 360//360 361//361
f 364//364 367//367 844//844
f 844//844 367//367 845//845
f 845//845 367//367 368//368
f 369//369 373//373 368//368
f 372//372 373//373 369//369
f 365//365 367//367 364//364
f 374//374 374//374 374//374
f 374//374 374//374 374//374
f 374//374 374//374 374//374
f 374//374 374//374 374//374
f 374//374 374//374 374//374
f 374//374 374//374 374//374
f 374//374 374//374 374//374
f 374//374 374//374 374//374
f 374//374 374//374 374//374
f 374//374 374//374 374//374
f 374//374 374//374 374//374
f 374//374 374//374 374//374
f 374//374 374//374 374//374
f 374//374 374//374 374//374
f 374//374 374//374 374//374
f 374//374 374//374 374//374
f 374//374 374//374 374//374
f 374//374 374//374 374//374
f 374//374 374//374 374//374
f 374//374 374//374 374//374
f 374//374 374//374 374//374
f 374//374 374//374 374//374
f 374//374 374//374 374//374
f 374//374 374//374 374//374
f 374//374 374//374 374//374
f 374//374 374//374 374//374
f 374//374 374//374 374//374
f 374//374 374//374 374//374
f 374//374 374//374 374//374
f 374//374 374//374 374//374
f 374//374 374//374 374//374
f 374//374 374//374 374//374
f 374//374 374//374 374//374
f 374//374 374//374 374//374
f 374//374 374//374 374//374
f 374//374 374//374 374//374
f 374//374 374//374 374//374
f 374//374 374//374 374//374
f 374//374 374//374 374//374
f 374//374 374//374 374//374
f 374//374 374//374 374//374
f 374//374 374//374 374//374
f 374//374 374//374 374//374
f 374//374 374//374 374//374
f 374//374 374//374 374//374
f 374//374 374//374 374//374
f 374//374 374//374 374//374
f 374//374 374//374 374//374
f 375//375 377//377 376//376
f 376//376 377//377 378//378
f 378//378 377//377 379//379
f 377//377 380//380 379//379
f 379//379 380//380 381//381
f 381//381 380//380 382//382
f 380//380 383//383 382//382
f 382//382 383//383 384//384
f 384//384 383//383 375//375
f 375//375 383//383 377//377
f 377//377 383//383 380//380
f 375//375 385//385 384//384
f 384//384 385//385 386//386
f 386//386 385//385 387//387
f 387//387 385//385 378//378
f 378//378 385//385 376//376
f 376//376 385//385 375//375
f 388//388 387//387 378//378
f 388//388 382//382 387//387
f 382//382 389//389 387//387
f 387//387 389//389 390//390
f 390//390 389//389 384//384
f 384//384 389//389 382//382
f 386//386 390//390 384//384
f 387//387 390//390 386//386
f 388//388 381//381 382//382
f 379//379 381//381 388//388
f 379//379 388//388 378//378
f 391//391 391//391 391//391
f 391//391 391//391 391//391
f 391//391 391//391 391//391
f 391//391 391//391 391//391
f 391//391 391//391 391//391
f 391//391 391//391 391//391
f 391//391 391//391 391//391
f 391//391 391//391 391//391
f 391//391 391//391 391//391
f 391//391 391//391 391//391
f 391//391 391//391 391//391
f 391//391 391//391 391//391
f 391//391 391//391 391//391
f 391//391 391//391 391//391
f 391//391 391//391 391//391
f 391//391 391//391 391//391
f 391//391 391//391 391//391
f 391//391 391//391 391//391
f 391//391 391//391 391//391
f 391//391 391//391 391//391
f 391//391 391//391 391//391
f 391//391 391//391 391//391
f 391//391 391//391 391//391
f 391//391 391//391 391//391
f 391//391 391//391 391//391
f 391//391 391//391 391//391
f 391//391 391//391 391//391
f 391//391 391//391 391//391
f 391//391 391//391 391//391
f 391//391 391//391 391//391
f 391//391 391//391 391//391
f 391//391 391//391 391//391
f 391//391 391//391 391//391
f 391//391 391//391 391//391
f 391//391 391//391 391//391
f 391//391 391//391 391//391
f 391//391 391//391 391//391
f 391//391 391//391 391//391
f 391//391 391//391 391//391
f 391//391 391//391 391//391
f 391//391 391//391 391//391
f 391//391 391//391 391//391
f 391//391 391//391 391//391
f 391//391 391//391 391//391
f 391//391 391//391 391//391
f 391//391 391//391 391//391
f 391//391 391//391 391//391
f 391//391 391//391 391//391
f 391//391 391//391 391//391
f 391//391 391//391 391//391
f 391//391 391//391 391//391
f 391//391 391//391 391//391
f 391//391 391//391 391//391
f 391//391 391//391 391//391
f 391//391 391//391 391//391
f 391//391 391//391 391//391
f 392//392 394//394 393//393
f 393//393 394//394 395//395
f 395//395 394//394 396//396
f 396//396 394//394 397//397
f 397//397 394//394 392//392
f 392//392 398//398 397//397
f 398//398 399//399 397//397
f 397//397 399//399 400//400
f 400//400 399//399 401//401
f 401//401 399//399 398//398
f 401//401 398//398 393//393
f 393//393 398//398 392//392
f 393//393 402//402 401//401
f 402//402 400//400 401//401
f 403//403 400//400 402//402
f 403//403 404//404 400//400
f 400//400 404//404 396//396
f 396//396 404//404 405//405
f 405//405 404//404 393//393
f 393//393 404//404 403//403
f 403//403 402//402 393//393
f 393//393 406//406 405//405
f 405//405 846//846 396//396
f 396//396 846//846 395//395
f 395//395 406//406 393//393
f 397//397 400//400 396//396
f 407//407 407//407 407//407
f 407//407 407//407 407//407
f 407//407 407//407 407//407
f 407//407 407//407 407//407
f 407//407 407//407 407//407
f 407//407 407//407 407//407
f 407//407 407//407 407//407
f 407//407 407//407 407//407
f 407//407 407//407 407//407
f 407//407 407//407 407//407
f 407//407 407//407 407//407
f 407//407 407//407 407//407
f 407//407 407//407 407//407
f 407//407 407//407 407//407
f 407//407 407//407 407//407
f 407//407 407//407 407//407
f 407//407 407//407 407//407
f 407//407 407//407 407//407
f 407//407 407//407 407//407
f 407//407 407//407 407//407
f 407//407 407//407 407//407
f 407//407 407//407 407//407
f 407//407 407//407 407//407
f 407//407 407//407 407//407
f 407//407 407//407 407//407
f 407//407 407//407 407//407
f 407//407 407//407 407//407
f 407//407 407//407 407//407
f 407//407 407//407 407//407
f 407//407 407//407 407//407
f 407//407 407//407 407//407
f 407//407 407//407 407//407
f 407//407 407//407 407//407
f 407//407 407//407 407//407
f 407//407 407//407 407//407
f 407//407 407//407 407//407
f 407//407 407//407 407//407
f 407//407 407//407 407//407
f 407//407 407//407 407//407
f 407//407 407//407 407//407
f 407//407 407//407 407//407
f 407//407 407//407 407//407
f 407//407 407//407 407//407
f 407//407 407//407 407//407
f 407//407 407//407 407//407
f 407//407 407//407 407//407
f 407//407 407//407 407//407
f 407//407 407//407 407//407
f 407//407 407//407 407//407
f 407//407 407//407 407//407
f 407//407 407//407 407//407
f 407//407 407//407 407//407
f 408//408 410//410 409//409
f 410//410 411//411 409//409
f 409//409 411//411 412//412
f 412//412 411//411 413//413
f 413//413 411//411 414//414
f 414//414 411//411 410//410
f 408//408 414//414 410//410
f 408//408 848//848 414//414
f 414//414 848//848 413//413
f 848//848 416//416 413//413
f 413//413 416//416 412//412
f 847//847 416//416 417//417
f 417//417 416//416 849//849
f 849//849 416//416 850//850
f 850//850 416//416 848//848
f 419//419 415//415 418//418
f 418//418 415//415 420//420
f 420//420 415//415 408//408
f 408//408 421//421 420//420
f 421//421 422//422 420//420
f 420//420 422//422 423//423
f 423//423 422//422 424//424
f 424//424 422//422 421//421
f 421//421 425//425 424//424
f 854//854 417//417 851//851
f 417//417 849//849 851//851
f 424//424 418//418 423//423
f 423//423 418//418 420//420
f 847//847 417//417 853//853
f 412//412 852//852 409//409
f 409//409 425//425 421//421
f 409//409 421//421 408//408
f 426//426 426//426 426//426
f 426//426 426//426 426//426
f 426//426 426//426 426//426
f 426//426 426//426 426//426
f 426//426 426//426 426//426
f 426//426 426//426 426//426
f 426//426 426//426 426//426
f 426//426 426//426 426//426
f 426//426 426//426 426//426
f 426//426 426//426 426//426
f 426//426 426//426 426//426
f 426//426 426//426 426//426
f 426//426 426//426 426//426
f 426//426 426//426 426//426
f 426//426 426//426 426//426
f 426//426 426//426 426//426
f 426//426 426//426 426//426
f 426//426 426//426 426//426
f 426//426 426//426 426//426
f 426//426 426//426 426//426
f 426//426 426//426 426//426
f 426//426 426//426 426//426
f 426//426 426//426 426//426
f 426//426 426//426 426//426
f 426//426 426//426 426//426
f 426//426 426//426 426//426
f 426//426 426//426 426//426
f 426//426 426//426 426//426
f 426//426 426//426 426//426
f 426//426 426//426 426//426
f 426//426 426//426 426//426
f 426//426 426//426 426//426
f 426//426 426//426 426//426
f 426//426 426//426 426//426
f 426//426 426//426 426//426
f 426//426 426//426 426//426
f 426//426 426//426 426//426
f 426//426 426//426 426//426
f 426//426 426//426 426//426
f 426//426 426//426 426//426
f 426//426 426//426 426//426
f 426//426 426//426 426//426
f 426//426 426//426 426//426
f 426//426 426//426 426//426
f 426//426 426//426 426//426
f 426//426 426//426 426//426
f 426//426 426//426 426//426
f 426//426 426//426 426//426
f 426//426 426//426 426//426
f 426//426 426//426 426//426
f 426//426 426//426 426//426
f 426//426 426//426 426//426
f 426//426 426//426 426//426
f 426//426 426//426 426//426
f 426//426 426//426 426//426
f 426//426 426//426 426//426
f 426//426 426//426 426//426
f 426//426 426//426 426//426
f 426//426 426//426 426//426
f 426//426 426//426 426//426
f 426//426 426//426 426//426
f 426//426 426//426 426//426
f 426//426 426//426 426//426
f 426//426 426//426 426//426
f 427//427 429//429 428//428
f 428//428 856//856 430//430
f 856//856 431//431 430//430
f 430//430 431//431 432//432
f 432//432 431//431 429//429
f 427//427 432//432 429//429
f 855//855 433//433 858//858
f 857//857 433//433 859//859
f 859//859 433//433 860//860
f 860//860 433//433 855//855
f 428//428 435//435 427//427
f 428//428 436//436 435//435
f 435//435 436//436 437//437
f 437//437 436//436 438//438
f 438//438 436//436 428//428
f 430//430 438//438 428//428
f 430//430 439//439 438//438
f 438//438 439//439 437//437
f 439//439 434//434 437//437
f 437//437 434//434 435//435
f 432//432 434//434 439//439
f 432//432 439//439 430//430
f 440//440 440//440 440//440
f 440//440 440//440 440//440
f 440//440 440//440 440//440
f 440//440 440//440 440//440
f 440//440 440//440 440//440
f 440//440 440//440 440//440
f 440//440 440//440 440//440
f 440//440 440//440 440//440
f 440//440 440//440 440//440
f 440//440 440//440 440//440
f 440//440 440//440 440//440
f 440//440 440//440 440//440
f 440//440 440//440 440//440
f 440//440 440//440 440//440
f 440//440 440//440 440//440
f 440//440 440//440 440//440
f 440//440 440//440 440//440
f 440//440 440//440 440//440
f 440//440 440//440 440//440
f 440//440 440//440 440//440
f 440//440 440//440 440//440
f 440//440 440//440 440//440
f 440//440 440//440 440//440
f 440//440 440//440 440//440
f 440//440 440//440 440//440
f 440//440 440//440 440//440
f 440//440 440//440 440//440
f 440//440 440//440 440//440
f 440//440 440//440 440//440
f 440//440 440//440 440//440
f 440//440 440//440 440//440
f 440//440 440//440 440//440
f 440//440 440//440 440//440
f 440//440 440//440 440//440
f 440//440 440//440 440//440
f 440//440 440//440 440//440
f 440//440 440//440 440//440
f 440//440 440//440 440//440
f 440//440 440//440 440//440
f 440//440 440//440 440//440
f 440//440 440//440 440//440
f 440//440 440//440 440//440
f 440//440 440//440 440//440
f 440//440 440//440 440//440
f 441//441 443//443 442//442
f 442//442 443//443 444//444
f 443//443 445//445 444//444
f 444//444 445//445 446//446
f 446//446 445//445 447//447
f 447//447 445//445 443//443
f 447//447 443//443 441//441
f 447//447 441//441 448//448
f 441//441 449//449 448//448
f 449//449 450//450 448//448
f 448//448 450//450 447//447
f 450//450 451//451 447//447
f 447//447 451//451 446//446
f 446//446 451//451 452//452
f 452//452 451//451 453//453
f 453//453 451//451 450//450
f 454//454 453//453 450//450
f 452//452 453//453 454//454
f 454//454 455//455 452//452
f 452//452 455//455 444//444
f 444//444 861//861 442//442
f 861//861 456//456 442//442
f 442//442 456//456 457//457
f 457//457 456//456 861//861
f 862//862 455//455 450//450
f 450//450 455//455 454//454
f 449//449 862//862 450//450
f 442//442 457//457 449//449
f 442//442 449//449 441//441
f 444//444 446//446 452//452
f 458//458 458//458 458//458
f 458//458 458//458 458//458
f 458//458 458//458 458//458
f 458//458 458//458 458//458
f 458//458 458//458 458//458
f 458//458 458//458 458//458
f 458//458 458//458 458//458
f 458//458 458//458 458//458
f 458//458 458//458 458//458
f 458//458 458//458 458//458
f 458//458 458//458 458//458
f 458//458 458//458 458//458
f 458//458 458//458 458//458
f 458//458 458//458 458//458
f 458//458 458//458 458//458
f 458//458 458//458 458//458
f 458//458 458//458 458//458
f 458//458 458//458 458//458
f 458//458 458//458 458//458
f 458//458 458//458 458//458
f 458//458 458//458 458//458
f 458//458 458//458 458//458
f 458//458 458//458 458//458
f 458//458 458//458 458//458
f 458//458 458//458 458//458
f 458//458 458//458 458//458
f 458//458 458//458 458//458
f 458//458 458//458 458//458
f 458//458 458//458 458//458
f 458//458 458//458 458//458
f 458//458 458//458 458//458
f 458//458 458//458 458//458
f 458//458 458//458 458//458
f 458//458 458//458 458//458
f 458//458 458//458 458//458
f 458//458 458//458 458//458
f 458//458 458//458 458//458
f 458//458 458//458 458//458
f 458//458 458//458 458//458
f 458//458 458//458 458//458
f 458//458 458//458 458//458
f 458//458 458//458 458//458
f 458//458 458//458 458//458
f 458//458 458//458 458//458
f 458//458 458//458 458//458
f 458//458 458//458 458//458
f 458//458 458//458 458//458
f 458//458 458//458 458//458
f 458//458 458//458 458//458
f 458//458 458//458 458//458
f 458//458 458//458 458//458
f 458//458 458//458 458//458
f 458//458 458//458 458//458
f 458//458 458//458 458//458
f 458//458 458//458 458//458
f 458//458 458//458 458//458
f 459//459 461//461 460//460
f 460//460 461//461 863//863
f 863//863 461//461 463//463
f 463//463 461//461 459//459
f 459//459 464//464 463//463
f 463//463 464//464 863//863
f 464//464 465//465 863//863
f 864//864 466//466 462//462
f 462//462 466//466 460//460
f 460//460 466//466 467//467
f 467//467 466//466 468//468
f 468//468 466//466 864//864
f 469//469 468//468 864//864
f 467//467 468//468 469//469
f 467//467 469//469 460//460
f 469//469 459//459 460//460
f 469//469 465//465 459//459
f 459//459 465//465 464//464
f 470//470 470//470 470//470
f 470//470 470//470 470//470
f 470//470 470//470 470//470
f 470//470 470//470 470//470
f 470//470 470//470 470//470
f 470//470 470//470 470//470
f 470//470 470//470 470//470
f 470//470 470//470 470//470
f 470//470 470//470 470//470
f 470//470 470//470 470//470
f 470//470 470//470 470//470
f 470//470 470//470 470//470
f 470//470 470//470 470//470
f 470//470 470//470 470//470
f 470//470 470//470 470//470
f 470//470 470//470 470//470
f 470//470 470//470 470//470
f 470//470 470//470 470//470
f 470//470 470//470 470//470
f 470//470 470//470 470//470
f 470//470 470//470 470//470
f 470//470 470//470 470//470
f 470//470 470//470 470//470
f 470//470 470//470 470//470
f 470//470 470//470 470//470
f 470//470 470//470 470//470
f 470//470 470//470 470//470
f 470//470 470//470 470//470
f 470//470 470//470 470//470
f 470//470 470//470 470//470
f 470//470 470//470 470//470
f 470//470 470//470 470//470
f 470//470 470//470 470//470
f 470//470 470//470 470//470
f 470//470 470//470 470//470
f 470//470 470//470 470//470
f 471//471 473//473 472//472
f 472//472 473//473 474//474
f 474//474 473//473 475//475
f 475//475 473//473 476//476
f 476//476 473//473 471//471
f 865//865 475//475 476//476
f 477//477 475//475 865//865
f 474//474 475//475 477//477
f 478//478 474//474 477//477
f 478//478 472//472 474//474
f 477//477 472//472 478//478
f 471//471 472//472 477//477
f 479//479 479//479 479//479
f 479//479 479//479 479//479
f 479//479 479//479 479//479
f 479//479 479//479 479//479
f 479//479 479//479 479//479
f 479//479 479//479 479//479
f 479//479 479//479 479//479
f 479//479 479//479 479//479
f 479//479 479//479 479//479
f 479//479 479//479 479//479
f 479//479 479//479 479//479
f 479//479 479//479 479//479
f 479//479 479//479 479//479
f 479//479 479//479 479//479
f 479//479 479//479 479//479
f 479//479 479//479 479//479
f 479//479 479//479 479//479
f 479//479 479//479 479//479
f 479//479 479//479 479//479
f 479//479 479//479 479//479
f 479//479 479//479 479//479
f 479//479 479//479 479//479
f 479//479 479//479 479//479
f 479//479 479//479 479//479
f 479//479 479//479 479//479
f 479//479 479//479 479//479
f 479//479 479//479 479//479
f 479//479 479//479 479//479
f 480//480 482//482 481//481
f 481//481 482//482 483//483
f 483//483 482//482 484//484
f 484//484 482//482 485//485
f 482//482 486//486 485//485
f 485//485 486//486 487//487
f 487//487 866//866 488//488
f 488//488 866//866 489//489
f 489//489 866//866 490//490
f 490//490 486//486 482//482
f 480//480 490//490 482//482
f 491//491 490//490 480//480
f 491//491 489//489 490//490
f 488//488 489//489 491//491
f 488//488 491//491 492//492
f 492//492 491//491 480//480
f 480//480 481//481 492//492
f 492//492 481//481 483//483
f 483//483 493//493 492//492
f 492//492 493//493 488//488
f 488//488 493//493 487//487
f 487//487 493//493 483//483
f 483//483 485//485 487//487
f 484//484 485//485 483//483
f 494//494 494//494 494//494
f 494//494 494//494 494//494
f 494//494 494//494 494//494
f 494//494 494//494 494//494
f 494//494 494//494 494//494
f 494//494 494//494 494//494
f 494//494 494//494 494//494
f 494//494 494//494 494//494
f 494//494 494//494 494//494
f 494//494 494//494 494//494
f 494//494 494//494 494//494
f 494//494 494//494 494//494
f 494//494 494//494 494//494
f 494//494 494//494 494//494
f 494//494 494//494 494//494
f 494//494 494//494 494//494
f 494//494 494//494 494//494
f 494//494 494//494 494//494
f 494//494 494//494 494//494
f 494//494 494//494 494//494
f 494//494 494//494 494//494
f 494//494 494//494 494//494
f 494//494 494//494 494//494
f 494//494 494//494 494//494
f 494//494 494//494 494//494
f 494//494 494//494 494//494
f 494//494 494//494 494//494
f 494//494 494//494 494//494
f 494//494 494//494 494//494
f 494//494 494//494 494//494
f 494//494 494//494 494//494
f 494//494 494//494 494//494
f 494//494 494//494 494//494
f 494//494 494//494 494//494
f 494//494 494//494 494//494
f 494//494 494//494 494//494
f 494//494 494//494 494//494
f 494//494 494//494 494//494
f 494//494 494//494 494//494
f 494//494 494//494 494//494
f 494//494 494//494 494//494
f 494//494 494//494 494//494
f 494//494 494//494 494//494
f 494//494 494//494 494//494
f 495//495 497//497 496//496
f 496//496 497//497 498//498
f 498//498 497//497 499//499
f 499//499 497//497 500//500
f 497//497 501//501 500//500
f 500//500 501//501 502//502
f 502//502 501//501 503//503
f 503//503 501//501 497//497
f 503//503 497//497 504//504
f 497//497 505//505 504//504
f 504//504 505//505 506//506
f 506//506 505//505 496//496
f 496//496 505//505 867//867
f 495//495 505//505 497//497
f 506//506 496//496 507//507
f 507//507 496//496 498//498
f 507//507 498//498 508//508
f 508//508 498//498 499//499
f 499//499 500//500 508//508
f 508//508 500//500 502//502
f 502//502 509//509 508//508
f 508//508 509//509 507//507
f 507//507 509//509 506//506
f 506//506 509//509 502//502
f 502//502 504//504 506//506
f 503//503 504//504 502//502
f 510//510 510//510 510//510
f 510//510 510//510 510//510
f 510//510 510//510 510//510
f 510//510 510//510 510//510
f 510//510 510//510 510//510
f 510//510 510//510 510//510
f 510//510 510//510 510//510
f 510//510 510//510 510//510
f 510//510 510//510 510//510
f 510//510 510//510 510//510
f 510//510 510//510 510//510
f 510//510 510//510 510//510
f 510//510 510//510 510//510
f 510//510 510//510 510//510
f 510//510 510//510 510//510
f 510//510 510//510 510//510
f 510//510 510//510 510//510
f 510//510 510//510 510//510
f 510//510 510//510 510//510
f 510//510 510//510 510//510
f 510//510 510//510 510//510
f 510//510 510//510 510//510
f 510//510 510//510 510//510
f 510//510 510//510 510//510
f 510//510 510//510 510//510
f 510//510 510//510 510//510
f 510//510 510//510 510//510
f 510//510 510//510 510//510
f 510//510 510//510 510//510
f 510//510 510//510 510//510
f 510//510 510//510 510//510
f 510//510 510//510 510//510
f 510//510 510//510 510//510
f 510//510 510//510 510//510
f 510//510 510//510 510//510
f 510//510 510//510 510//510
f 510//510 510//510 510//510
f 510//510 510//510 510//510
f 510//510 510//510 510//510
f 510//510 510//510 510//510
f 510//510 510//510 510//510
f 510//510 510//510 510//510
f 510//510 510//510 510//510
f 510//510 510//510 510//510
f 510//510 510//510 510//510
f 510//510 510//510 510//510
f 510//510 510//510 510//510
f 510//510 510//510 510//510
f 510//510 510//510 510//510
f 510//510 510//510 510//510
f 510//510 510//510 510//510
f 510//510 510//510 510//510
f 869//869 871//871 512//512
f 512//512 871//871 514//514
f 513//513 515//515 872//872
f 872//872 515//515 873//873
f 873//873 515//515 874//874
f 515//515 518//518 874//874
f 517//517 875//875 519//519
f 875//875 876//876 519//519
f 519//519 876//876 521//521
f 520//520 522//522 877//877
f 877//877 522//522 523//523
f 523//523 522//522 518//518
f 518//518 522//522 520//520
f 524//524 523//523 518//518
f 877//877 523//523 524//524
f 870//870 877//877 524//524
f 519//519 521//521 869//869
f 512//512 519//519 869//869
f 517//517 519//519 512//512
f 512//512 516//516 517//517
f 514//514 516//516 512//512
f 524//524 515//515 868//868
f 511//511 515//515 513//513
f 524//524 518//518 515//515
f 525//525 525//525 525//525
f 525//525 525//525 525//525
f 525//525 525//525 525//525
f 525//525 525//525 525//525
f 525//525 525//525 525//525
f 525//525 525//525 525//525
f 525//525 525//525 525//525
f 525//525 525//525 525//525
f 525//525 525//525 525//525
f 525//525 525//525 525//525
f 525//525 525//525 525//525
f 525//525 525//525 525//525
f 525//525 525//525 525//525
f 525//525 525//525 525//525
f 525//525 525//525 525//525
f 525//525 525//525 525//525
f 525//525 525//525 525//525
f 525//525 525//525 525//525
f 525//525 525//525 525//525
f 525//525 525//525 525//525
f 525//525 525//525 525//525
f 525//525 525//525 525//525
f 525//525 525//525 525//525
f 525//525 525//525 525//525
f 525//525 525//525 525//525
f 525//525 525//525 525//525
f 525//525 525//525 525//525
f 525//525 525//525 525//525
f 525//525 525//525 525//525
f 525//525 525//525 525//525
f 525//525 525//525 525//525
f 525//525 525//525 525//525
f 525//525 525//525 525//525
f 525//525 525//525 525//525
f 525//525 525//525 525//525
f 525//525 525//525 525//525
f 525//525 525//525 525//525
f 525//525 525//525 525//525
f 525//525 525//525 525//525
f 525//525 525//525 525//525
f 525//525 525//525 525//525
f 525//525 525//525 525//525
f 525//525 525//525 525//525
f 525//525 525//525 525//525
f 525//525 525//525 525//525
f 525//525 525//525 525//525
f 525//525 525//525 525//525
f 525//525 525//525 525//525
f 526//526 528//528 527//527
f 527//527 528//528 529//529
f 529//529 528//528 530//530
f 528//528 531//531 530//530
f 530//530 531//531 532//532
f 531//531 533//533 532//532
f 879//879 880//880 878//878
f 528//528 533//533 531//531
f 532//532 528//528 526//526
f 534//534 532//532 526//526
f 534//534 535//535 532//532
f 532//532 535//535 530//530
f 530//530 535//535 529//529
f 529//529 535//535 536//536
f 536//536 535//535 534//534
f 534//534 537//537 536//536
f 536//536 537//537 538//538
f 538//538 537//537 526//526
f 526//526 537//537 534//534
f 538//538 526//526 539//539
f 881//881 526//526 527//527
f 527//527 540//540 881//881
f 539//539 540//540 538//538
f 538//538 540//540 541//541
f 541//541 540//540 527//527
f 527//527 542//542 541//541
f 541//541 882//882 538//538
f 538//538 882//882 536//536
f 536//536 542//542 529//529
f 529//529 542//542 527//527
f 543//543 543//543 543//543
f 543//543 543//543 543//543
f 543//543 543//543 543//543
f 543//543 543//543 543//543
f 543//543 543//543 543//543
f 543//543 543//543 543//543
f 543//543 543//543 543//543
f 543//543 543//543 543//543
f 543//543 543//543 543//543
f 543//543 543//543 543//543
f 543//543 543//543 543//543
f 543//543 543//543 543//543
f 543//543 543//543 543//543
f 543//543 543//543 543//543
f 543//543 543//543 543//543
f 543//543 543//543 543//543
f 543//543 543//543 543//543
f 543//543 543//543 543//543
f 543//543 543//543 543//543
f 543//543 543//543 543//543
f 543//543 543//543 543//543
f 543//543 543//543 543//543
f 543//543 543//543 543//543
f 543//543 543//543 543//543
f 543//543 543//543 543//543
f 543//543 543//543 543//543
f 543//543 543//543 543//543
f 543//543 543//543 543//543
f 543//543 543//543 543//543
f 543//543 543//543 543//543
f 543//543 543//543 543//543
f 543//543 543//543 543//543
f 543//543 543//543 543//543
f 543//543 543//543 543//543
f 543//543 543//543 543//543
f 543//543 543//543 543//543
f 543//543 543//543 543//543
f 543//543 543//543 543//543
f 543//543 543//543 543//543
f 543//543 543//543 543//543
f 543//543 543//543 543//543
f 543//543 543//543 543//543
f 543//543 543//543 543//543
f 543//543 543//543 543//543
f 543//543 543//543 543//543
f 543//543 543//543 543//543
f 543//543 543//543 543//543
f 543//543 543//543 543//543
f 543//543 543//543 543//543
f 543//543 543//543 543//543
f 543//543 543//543 543//543
f 543//543 543//543 543//543
f 543//543 543//543 543//543
f 543//543 543//543 543//543
f 543//543 543//543 543//543
f 543//543 543//543 543//543
f 543//543 543//543 543//543
f 543//543 543//543 543//543
f 543//543 543//543 543//543
f 543//543 543//543 543//543
f 544//544 546//546 545//545
f 546//546 547//547 545//545
f 545//545 547//547 548//548
f 547//547 549//549 548//548
f 548//548 549//549 550//550
f 550//550 549//549 551//551
f 551//551 549//549 552//552
f 549//549 553//553 552//552
f 552//552 553//553 546//546
f 546//546 553//553 547//547
f 547//547 553//553 549//549
f 552//552 546//546 544//544
f 552//552 544//544 554//554
f 544//544 555//555 554//554
f 554//554 555//555 556//556
f 555//555 557//557 556//556
f 556//556 557//557 558//558
f 558//558 557//557 551//551
f 551//551 557//557 550//550
f 550//550 557//557 555//555
f 550//550 555//555 548//548
f 548//548 555//555 545//545
f 545//545 555//555 544//544
f 554//554 558//558 551//551
f 554//554 559//559 558//558
f 558//558 559//559 556//556
f 556//556 559//559 554//554
f 554//554 551//551 552//552
f 560//560 560//560 560//560
f 560//560 560//560 560//560
f 560//560 560//560 560//560
f 560//560 560//560 560//560
f 560//560 560//560 560//560
f 560//560 560//560 560//560
f 560//560 560//560 560//560
f 560//560 560//560 560//560
f 560//560 560//560 560//560
f 560//560 560//560 560//560
f 560//560 560//560 560//560
f 560//560 560//560 560//560
f 560//560 560//560 560//560
f 560//560 560//560 560//560
f 560//560 560//560 560//560
f 560//560 560//560 560//560
f 560//560 560//560 560//560
f 560//560 560//560 560//560
f 560//560 560//560 560//560
f 560//560 560//560 560//560
f 560//560 560//560 560//560
f 560//560 560//560 560//560
f 560//560 560//560 560//560
f 560//560 560//560 560//560
f 560//560 560//560 560//560
f 560//560 560//560 560//560
f 560//560 560//560 560//560
f 560//560 560//560 560//560
f 560//560 560//560 560//560
f 560//560 560//560 560//560
f 560//560 560//560 560//560
f 560//560 560//560 560//560
f 560//560 560//560 560//560
f 560//560 560//560 560//560
f 560//560 560//560 560//560
f 560//560 560//560 560//560
f 560//560 560//560 560//560
f 560//560 560//560 560//560
f 560//560 560//560 560//560
f 560//560 560//560 560//560
f 560//560 560//560 560//560
f 560//560 560//560 560//560
f 560//560 560//560 560//560
f 560//560 560//560 560//560
f 560//560 560//560 560//560
f 560//560 560//560 560//560
f 560//560 560//560 560//560
f 560//560 560//560 560//560
f 560//560 560//560 560//560
f 560//560 560//560 560//560
f 560//560 560//560 560//560
f 560//560 560//560 560//560
f 560//560 560//560 560//560
f 560//560 560//560 560//560
f 560//560 560//560 560//560
f 560//560 560//560 560//560
f 561//561 563//563 562//562
f 563//563 564//564 562//562
f 562//562 564//564 565//565
f 564//564 566//566 565//565
f 884//884 566//566 567//567
f 567//567 566//566 568//568
f 568//568 566//566 569//569
f 569//569 566//566 570//570
f 570//570 566//566 571//571
f 571//571 566//566 564//564
f 563//563 571//571 564//564
f 570//570 571//571 563//563
f 563//563 572//572 570//570
f 570//570 572//572 569//569
f 572//572 573//573 569//569
f 569//569 573//573 568//568
f 573//573 574//574 568//568
f 568//568 574//574 567//567
f 567//567 574//574 884//884
f 884//884 574//574 573//573
f 883//883 573//573 575//575
f 575//575 573//573 561//561
f 561//561 573//573 572//572
f 561//561 572//572 563//563
f 562//562 575//575 561//561
f 562//562 565//565 575//575
f 576//576 576//576 576//576
f 576//576 576//576 576//576
f 576//576 576//576 576//576
f 576//576 576//576 576//576
f 576//576 576//576 576//576
f 576//576 576//576 576//576
f 576//576 576//576 576//576
f 576//576 576//576 576//576
f 576//576 576//576 576//576
f 576//576 576//576 576//576
f 576//576 576//576 576//576
f 576//576 576//576 576//576
f 576//576 576//576 576//576
f 576//576 576//576 576//576
f 576//576 576//576 576//576
f 576//576 576//576 576//576
f 576//576 576//576 576//576
f 576//576 576//576 576//576
f 576//576 576//576 576//576
f 576//576 576//576 576//576
f 576//576 576//576 576//576
f 576//576 576//576 576//576
f 576//576 576//576 576//576
f 576//576 576//576 576//576
f 576//576 576//576 576//576
f 576//576 576//576 576//576
f 576//576 576//576 576//576
f 576//576 576//576 576//576
f 576//576 576//576 576//576
f 576//576 576//576 576//576
f 576//576 576//576 576//576
f 576//576 576//576 576//576
f 576//576 576//576 576//576
f 576//576 576//576 576//576
f 576//576 576//576 576//576
f 576//576 576//576 576//576
f 576//576 576//576 576//576
f 576//576 576//576 576//576
f 576//576 576//576 576//576
f 576//576 576//576 576//576
f 576//576 576//576 576//576
f 576//576 576//576 576//576
f 576//576 576//576 576//576
f 576//576 576//576 576//576
f 576//576 576//576 576//576
f 576//576 576//576 576//576
f 576//576 576//576 576//576
f 576//576 576//576 576//576
f 576//576 576//576 576//576
f 576//576 576//576 576//576
f 576//576 576//576 576//576
f 576//576 576//576 576//576
f 577//577 579//579 578//578
f 578//578 579//579 580//580
f 580//580 579//579 581//581
f 581//581 579//579 582//582
f 582//582 579//579 583//583
f 885//885 579//579 577//577
f 577//577 584//584 885//885
f 583//583 886//886 582//582
f 582//582 886//886 585//585
f 886//886 586//586 585//585
f 586//586 587//587 585//585
f 585//585 587//587 588//588
f 888//888 887//887 589//589
f 589//589 887//887 590//590
f 590//590 887//887 591//591
f 887//887 889//889 591//591
f 591//591 889//889 593//593
f 890//890 592//592 586//586
f 586//586 592//592 587//587
f 890//890 586//586 891//891
f 891//891 586//586 886//886
f 594//594 584//584 577//577
f 595//595 594//594 577//577
f 595//595 591//591 594//594
f 594//594 591//591 593//593
f 590//590 591//591 595//595
f 590//590 595//595 577//577
f 577//577 589//589 590//590
f 577//577 596//596 589//589
f 589//589 596//596 888//888
f 888//888 596//596 597//597
f 597//597 596//596 577//577
f 577//577 578//578 597//597
f 597//597 578//578 598//598
f 598//598 578//578 580//580
f 580//580 581//581 598//598
f 598//598 581//581 597//597
f 597//597 581//581 582//582
f 597//597 582//582 588//588
f 582//582 585//585 588//588
f 599//599 599//599 599//599
f 599//599 599//599 599//599
f 599//599 599//599 599//599
f 599//599 599//599 599//599
f 599//599 599//599 599//599
f 599//599 599//599 599//599
f 599//599 599//599 599//599
f 599//599 599//599 599//599
f 599//599 599//599 599//599
f 599//599 599//599 599//599
f 599//599 599//599 599//599
f 599//599 599//599 599//599
f 599//599 599//599 599//599
f 599//599 599//599 599//599
f 599//599 599//599 599//599
f 599//599 599//599 599//599
f 599//599 599//599 599//599
f 599//599 599//599 599//599
f 599//599 599//599 599//599
f 599//599 599//599 599//599
f 599//599 599//599 599//599
f 599//599 599//599 599//599
f 599//599 599//599 599//599
f 599//599 599//599 599//599
f 599//599 599//599 599//599
f 599//599 599//599 599//599
f 599//599 599//599 599//599
f 599//599 599//599 599//599
f 599//599 599//599 599//599
f 599//599 599//599 599//599
f 599//599 599//599 599//599
f 599//599 599//599 599//599
f 599//599 599//599 599//599
f 599//599 599//599 599//599
f 599//599 599//599 599//599
f 599//599 599//599 599//599
f 599//599 599//599 599//599
f 599//599 599//599 599//599
f 599//599 599//599 599//599
f 599//599 599//599 599//599
f 599//599 599//599 599//599
f 599//599 599//599 599//599
f 599//599 599//599 599//599
f 599//599 599//599 599//599
f 599//599 599//599 599//599
f 599//599 599//599 599//599
f 599//599 599//599 599//599
f 599//599 599//599 599//599
f 599//599 599//599 599//599
f 599//599 599//599 599//599
f 599//599 599//599 599//599
f 599//599 599//599 599//599
f 599//599 599//599 599//599
f 599//599 599//599 599//599
f 599//599 599//599 599//599
f 599//599 599//599 599//599
f 599//599 599//599 599//599
f 599//599 599//599 599//599
f 599//599 599//599 599//599
f 599//599 599//599 599//599
f 599//599 599//599 599//599
f 599//599 599//599 599//599
f 599//599 599//599 599//599
f 599//599 599//599 599//599
f 599//599 599//599 599//599
f 599//599 599//599 599//599
f 599//599 599//599 599//599
f 599//599 599//599 599//599
f 599//599 599//599 599//599
f 599//599 599//599 599//599
f 599//599 599//599 599//599
f 599//599 599//599 599//599
f 599//599 599//599 599//599
f 599//599 599//599 599//599
f 599//599 599//599 599//599
f 599//599 599//599 599//599
f 599//599 599//599 599//599
f 599//599 599//599 599//599
f 599//599 599//599 599//599
f 599//599 599//599 599//599
f 600//600 602//602 893//893
f 893//893 602//602 894//894
f 894//894 602//602 600//600
f 600//600 604//604 894//894
f 604//604 896//896 894//894
f 603//603 605//605 606//606
f 606//606 605//605 607//607
f 607//607 605//605 897//897
f 897//897 605//605 895//895
f 608//608 604//604 600//600
f 600//600 609//609 608//608
f 608//608 609//609 610//610
f 610//610 609//609 611//611
f 609//609 612//612 611//611
f 898//898 899//899 600//600
f 600//600 612//612 609//609
f 893//893 898//898 600//600
f 610//610 611//611 892//892
f 892//892 613//613 610//610
f 613//613 607//607 610//610
f 610//610 607//607 608//608
f 614//614 607//607 613//613
f 606//606 607//607 614//614
f 615//615 606//606 614//614
f 603//603 606//606 615//615
f 603//603 615//615 601//601
f 615//615 614//614 601//601
f 601//601 614//614 613//613
f 616//616 616//616 616//616
f 616//616 616//616 616//616
f 616//616 616//616 616//616
f 616//616 616//616 616//616
f 616//616 616//616 616//616
f 616//616 616//616 616//616
f 616//616 616//616 616//616
f 616//616 616//616 616//616
f 616//616 616//616 616//616
f 616//616 616//616 616//616
f 616//616 616//616 616//616
f 616//616 616//616 616//616
f 616//616 616//616 616//616
f 616//616 616//616 616//616
f 616//616 616//616 616//616
f 616//616 616//616 616//616
f 616//616 616//616 616//616
f 616//616 616//616 616//616
f 616//616 616//616 616//616
f 616//616 616//616 616//616
f 616//616 616//616 616//616
f 616//616 616//616 616//616
f 616//616 616//616 616//616
f 616//616 616//616 616//616
f 616//616 616//616 616//616
f 616//616 616//616 616//616
f 616//616 616//616 616//616
f 616//616 616//616 616//616
f 616//616 616//616 616//616
f 616//616 616//616 616//616
f 616//616 616//616 616//616
f 616//616 616//616 616//616
f 616//616 616//616 616//616
f 616//616 616//616 616//616
f 616//616 616//616 616//616
f 616//616 616//616 616//616
f 616//616 616//616 616//616
f 616//616 616//616 616//616
f 616//616 616//616 616//616
f 616//616 616//616 616//616
f 616//616 616//616 616//616
f 616//616 616//616 616//616
f 616//616 616//616 616//616
f 616//616 616//616 616//616
f 616//616 616//616 616//616
f 616//616 616//616 616//616
f 616//616 616//616 616//616
f 616//616 616//616 616//616
f 616//616 616//616 616//616
f 616//616 616//616 616//616
f 616//616 616//616 616//616
f 616//616 616//616 616//616
f 617//617 619//619 618//618
f 618//618 619//619 620//620
f 619//619 621//621 620//620
f 620//620 621//621 622//622
f 621//621 623//623 622//622
f 622//622 623//623 624//624
f 624//624 623//623 625//625
f 625//625 623//623 619//619
f 619//619 623//623 621//621
f 617//617 625//625 619//619
f 626//626 625//625 617//617
f 627//627 625//625 626//626
f 900//900 624//624 625//625
f 628//628 624//624 900//900
f 628//628 622//622 624//624
f 620//620 622//622 628//628
f 618//618 620//620 628//628
f 628//628 629//629 618//618
f 618//618 629//629 630//630
f 629//629 631//631 630//630
f 630//630 631//631 632//632
f 632//632 631//631 633//633
f 633//633 631//631 900//900
f 900//900 631//631 629//629
f 628//628 900//900 629//629
f 633//633 627//627 626//626
f 626//626 634//634 633//633
f 634//634 635//635 633//633
f 635//635 636//636 633//633
f 633//633 636//636 632//632
f 632//632 636//636 630//630
f 630//630 636//636 635//635
f 630//630 635//635 634//634
f 634//634 637//637 630//630
f 630//630 637//637 617//617
f 617//617 637//637 626//626
f 626//626 637//637 634//634
f 618//618 630//630 617//617
f 638//638 638//638 638//638
f 638//638 638//638 638//638
f 638//638 638//638 638//638
f 638//638 638//638 638//638
f 638//638 638//638 638//638
f 638//638 638//638 638//638
f 638//638 638//638 638//638
f 638//638 638//638 638//638
f 638//638 638//638 638//638
f 638//638 638//638 638//638
f 638//638 638//638 638//638
f 638//638 638//638 638//638
f 638//638 638//638 638//638
f 638//638 638//638 638//638
f 638//638 638//638 638//638
f 638//638 638//638 638//638
f 638//638 638//638 638//638
f 638//638 638//638 638//638
f 638//638 638//638 638//638
f 638//638 638//638 638//638
f 638//638 638//638 638//638
f 638//638 638//638 638//638
f 638//638 638//638 638//638
f 638//638 638//638 638//638
f 638//638 638//638 638//638
f 638//638 638//638 638//638
f 638//638 638//638 638//638
f 638//638 638//638 638//638
f 638//638 638//638 638//638
f 638//638 638//638 638//638
f 638//638 638//638 638//638
f 638//638 638//638 638//638
f 638//638 638//638 638//638
f 638//638 638//638 638//638
f 638//638 638//638 638//638
f 638//638 638//638 638//638
f 638//638 638//638 638//638
f 638//638 638//638 638//638
f 638//638 638//638 638//638
f 638//638 638//638 638//638
f 638//638 638//638 638//638
f 638//638 638//638 638//638
f 638//638 638//638 638//638
f 638//638 638//638 638//638
f 638//638 638//638 638//638
f 638//638 638//638 638//638
f 638//638 638//638 638//638
f 638//638 638//638 638//638
f 638//638 638//638 638//638
f 638//638 638//638 638//638
f 638//638 638//638 638//638
f 638//638 638//638 638//638
f 638//638 638//638 638//638
f 638//638 638//638 638//638
f 638//638 638//638 638//638
f 638//638 638//638 638//638
f 638//638 638//638 638//638
f 638//638 638//638 638//638
f 638//638 638//638 638//638
f 638//638 638//638 638//638
f 638//638 638//638 638//638
f 638//638 638//638 638//638
f 638//638 638//638 638//638
f 638//638 638//638 638//638
f 638//638 638//638 638//638
f 638//638 638//638 638//638
f 638//638 638//638 638//638
f 638//638 638//638 638//638
f 638//638 638//638 638//638
f 638//638 638//638 638//638
f 638//638 638//638 638//638
f 638//638 638//638 638//638
f 639//639 641//641 640//640
f 640//640 641//641 642//642
f 641//641 643//643 642//642
f 643//643 644//644 642//642
f 642//642 644//644 640//640
f 640//640 644//644 645//645
f 644//644 646//646 645//645
f 645//645 646//646 647//647
f 647//647 646//646 648//648
f 648//648 646//646 643//643
f 643//643 646//646 644//644
f 649//649 648//648 643//643
f 650//650 648//648 649//649
f 647//647 648//648 650//650
f 640//640 647//647 650//650
f 645//645 647//647 640//640
f 640//640 650//650 639//639
f 650//650 649//649 639//639
f 649//649 651//651 639//639
f 639//639 651//651 643//643
f 643//643 651//651 649//649
f 639//639 643//643 641//641
f 652//652 652//652 652//652
f 652//652 652//652 652//652
f 652//652 652//652 652//652
f 652//652 652//652 652//652
f 652//652 652//652 652//652
f 652//652 652//652 652//652
f 652//652 652//652 652//652
f 652//652 652//652 652//652
f 652//652 652//652 652//652
f 652//652 652//652 652//652
f 652//652 652//652 652//652
f 652//652 652//652 652//652
f 652//652 652//652 652//652
f 652//652 652//652 652//652
f 652//652 652//652 652//652
f 652//652 652//652 652//652
f 652//652 652//652 652//652
f 652//652 652//652 652//652
f 652//652 652//652 652//652
f 652//652 652//652 652//652
f 652//652 652//652 652//652
f 652//652 652//652 652//652
f 652//652 652//652 652//652
f 652//652 652//652 652//652
f 652//652 652//652 652//652
f 652//652 652//652 652//652
f 652//652 652//652 652//652
f 652//652 652//652 652//652
f 652//652 652//652 652//652
f 652//652 652//652 652//652
f 652//652 652//652 652//652
f 652//652 652//652 652//652
f 652//652 652//652 652//652
f 652//652 652//652 652//652
f 652//652 652//652 652//652
f 652//652 652//652 652//652
f 652//652 652//652 652//652
f 652//652 652//652 652//652
f 652//652 652//652 652//652
f 652//652 652//652 652//652
f 652//652 652//652 652//652
f 652//652 652//652 652//652
f 652//652 652//652 652//652
f 652//652 652//652 652//652
f 653//653 655//655 654//654
f 654//654 655//655 901//901
f 655//655 657//657 901//901
f 656//656 657//657 658//658
f 658//658 657//657 659//659
f 657//657 660//660 659//659
f 659//659 660//660 661//661
f 661//661 660//660 662//662
f 662//662 660//660 653//653
f 653//653 660//660 655//655
f 655//655 660//660 657//657
f 653//653 663//663 662//662
f 663//663 661//661 662//662
f 663//663 664//664 661//661
f 661//661 664//664 659//659
f 659//659 664//664 658//658
f 658//658 664//664 665//665
f 902//902 664//664 653//653
f 653//653 664//664 663//663
f 653//653 666//666 902//902
f 666//666 667//667 902//902
f 903//903 668//668 665//665
f 665//665 668//668 658//658
f 658//658 668//668 669//669
f 669//669 668//668 903//903
f 904//904 667//667 654//654
f 654//654 667//667 666//666
f 654//654 666//666 653//653
f 901//901 904//904 654//654
f 658//658 669//669 656//656
f 670//670 670//670 670//670
f 670//670 670//670 670//670
f 670//670 670//670 670//670
f 670//670 670//670 670//670
f 670//670 670//670 670//670
f 670//670 670//670 670//670
f 670//670 670//670 670//670
f 670//670 670//670 670//670
f 670//670 670//670 670//670
f 670//670 670//670 670//670
f 670//670 670//670 670//670
f 670//670 670//670 670//670
f 670//670 670//670 670//670
f 670//670 670//670 670//670
f 670//670 670//670 670//670
f 670//670 670//670 670//670
f 670//670 670//670 670//670
f 670//670 670//670 670//670
f 670//670 670//670 670//670
f 670//670 670//670 670//670
f 670//670 670//670 670//670
f 670//670 670//670 670//670
f 670//670 670//670 670//670
f 670//670 670//670 670//670
f 670//670 670//670 670//670
f 670//670 670//670 670//670
f 670//670 670//670 670//670
f 670//670 670//670 670//670
f 670//670 670//670 670//670
f 670//670 670//670 670//670
f 670//670 670//670 670//670
f 670//670 670//670 670//670
f 670//670 670//670 670//670
f 670//670 670//670 670//670
f 670//670 670//670 670//670
f 670//670 670//670 670//670
f 670//670 670//670 670//670
f 670//670 670//670 670//670
f 670//670 670//670 670//670
f 670//670 670//670 670//670
f 670//670 670//670 670//670
f 670//670 670//670 670//670
f 670//670 670//670 670//670
f 670//670 670//670 670//670
f 670//670 670//670 670//670
f 670//670 670//670 670//670
f 670//670 670//670 670//670
f 670//670 670//670 670//670
f 670//670 670//670 670//670
f 670//670 670//670 670//670
f 670//670 670//670 670//670
f 670//670 670//670 670//670
f 670//670 670//670 670//670
f 670//670 670//670 670//670
f 670//670 670//670 670//670
f 670//670 670//670 670//670
f 671//671 906//906 672//672
f 906//906 908//908 672//672
f 672//672 907//907 675//675
f 675//675 907//907 909//909
f 676//676 674//674 677//677
f 674//674 678//678 677//677
f 677//677 678//678 679//679
f 679//679 678//678 673//673
f 673//673 678//678 674//674
f 905//905 679//679 673//673
f 671//671 680//680 679//679
f 679//679 680//680 681//681
f 910//910 680//680 671//671
f 671//671 682//682 910//910
f 910//910 682//682 675//675
f 675//675 682//682 683//683
f 683//683 682//682 684//684
f 684//684 682//682 672//672
f 672//672 682//682 671//671
f 675//675 684//684 672//672
f 683//683 684//684 675//675
f 910//910 675//675 909//909
f 677//677 681//681 676//676
f 677//677 679//679 681//681
f 685//685 685//685 685//685
f 685//685 685//685 685//685
f 685//685 685//685 685//685
f 685//685 685//685 685//685
f 685//685 685//685 685//685
f 685//685 685//685 685//685
f 685//685 685//685 685//685
f 685//685 685//685 685//685
f 685//685 685//685 685//685
f 685//685 685//685 685//685
f 685//685 685//685 685//685
f 685//685 685//685 685//685
f 685//685 685//685 685//685
f 685//685 685//685 685//685
f 685//685 685//685 685//685
f 685//685 685//685 685//685
f 685//685 685//685 685//685
f 685//685 685//685 685//685
f 685//685 685//685 685//685
f 685//685 685//685 685//685
f 685//685 685//685 685//685
f 685//685 685//685 685//685
f 685//685 685//685 685//685
f 685//685 685//685 685//685
f 685//685 685//685 685//685
f 685//685 685//685 685//685
f 685//685 685//685 685//685
f 685//685 685//685 685//685
f 685//685 685//685 685//685
f 685//685 685//685 685//685
f 685//685 685//685 685//685
f 685//685 685//685 685//685
f 685//685 685//685 685//685
f 685//685 685//685 685//685
f 685//685 685//685 685//685
f 685//685 685//685 685//685
f 685//685 685//685 685//685
f 685//685 685//685 685//685
f 685//685 685//685 685//685
f 685//685 685//685 685//685
f 685//685 685//685 685//685
f 685//685 685//685 685//685
f 685//685 685//685 685//685
f 685//685 685//685 685//685
f 685//685 685//685 685//685
f 685//685 685//685 685//685
f 685//685 685//685 685//685
f 685//685 685//685 685//685
f 686//686 688//688 687//687
f 688//688 689//689 687//687
f 687//687 689//689 690//690
f 689//689 691//691 690//690
f 690//690 691//691 692//692
f 692//692 691//691 693//693
f 691//691 694//694 911//911
f 911//911 694//694 695//695
f 695//695 694//694 696//696
f 694//694 697//697 696//696
f 696//696 697//697 698//698
f 698//698 697//697 699//699
f 699//699 697//697 694//694
f 699//699 694//694 691//691
f 699//699 691//691 688//688
f 688//688 691//691 689//689
f 686//686 699//699 688//688
f 698//698 699//699 686//686
f 686//686 696//696 698//698
f 700//700 696//696 686//686
f 695//695 696//696 700//700
f 692//692 695//695 700//700
f 693//693 695//695 692//692
f 700//700 690//690 692//692
f 687//687 690//690 700//700
f 687//687 700//700 686//686
f 701//701 701//701 701//701
f 701//701 701//701 701//701
f 701//701 701//701 701//701
f 701//701 701//701 701//701
f 701//701 701//701 701//701
f 701//701 701//701 701//701
f 701//701 701//701 701//701
f 701//701 701//701 701//701
f 701//701 701//701 701//701
f 701//701 701//701 701//701
f 701//701 701//701 701//701
f 701//701 701//701 701//701
f 701//701 701//701 701//701
f 701//701 701//701 701//701
f 701//701 701//701 701//701
f 701//701 701//701 701//701
f 701//701 701//701 701//701
f 701//701 701//701 701//701
f 701//701 701//701 701//701
f 701//701 701//701 701//701
f 701//701 701//701 701//701
f 701//701 701//701 701//701
f 701//701 701//701 701//701
f 701//701 701//701 701//701
f 701//701 701//701 701//701
f 701//701 701//701 701//701
f 701//701 701//701 701//701
f 701//701 701//701 701//701
f 701//701 701//701 701//701
f 701//701 701//701 701//701
f 701//701 701//701 701//701
f 701//701 701//701 701//701
f 701//701 701//701 701//701
f 701//701 701//701 701//701
f 701//701 701//701 701//701
f 701//701 701//701 701//701
f 701//701 701//701 701//701
f 701//701 701//701 701//701
f 701//701 701//701 701//701
f 701//701 701//701 701//701
f 701//701 701//701 701//701
f 701//701 701//701 701//701
f 701//701 701//701 701//701
f 701//701 701//701 701//701
f 701//701 701//701 701//701
f 701//701 701//701 701//701
f 701//701 701//701 701//701
f 701//701 701//701 701//701
f 701//701 701//701 701//701
f 701//701 701//701 701//701
f 701//701 701//701 701//701
f 701//701 701//701 701//701
f 702//702 704//704 703//703
f 703//703 704//704 705//705
f 705//705 704//704 915//915
f 912//912 707//707 706//706
f 706//706 707//707 708//708
f 708//708 707//707 709//709
f 709//709 707//707 702//702
f 702//702 707//707 704//704
f 702//702 710//710 709//709
f 709//709 710//710 708//708
f 708//708 710//710 711//711
f 711//711 710//710 702//702
f 702//702 703//703 711//711
f 711//711 703//703 712//712
f 703//703 713//713 712//712
f 712//712 713//713 714//714
f 714//714 713//713 706//706
f 713//713 715//715 706//706
f 914//914 916//916 913//913
f 705//705 715//715 713//713
f 705//705 713//713 703//703
f 708//708 714//714 706//706
f 708//708 716//716 714//714
f 714//714 716//716 712//712
f 712//712 716//716 711//711
f 711//711 716//716 708//708
f 717//717 717//717 717//717
f 717//717 717//717 717//717
f 717//717 717//717 717//717
f 717//717 717//717 717//717
f 717//717 717//717 717//717
f 717//717 717//717 717//717
f 717//717 717//717 717//717
f 717//717 717//717 717//717
f 717//717 717//717 717//717
f 717//717 717//717 717//717
f 717//717 717//717 717//717
f 717//717 717//717 717//717
f 717//717 717//717 717//717
f 717//717 717//717 717//717
f 717//717 717//717 717//717
f 717//717 717//717 717//717
f 717//717 717//717 717//717
f 717//717 717//717 717//717
f 717//717 717//717 717//717
f 717//717 717//717 717//717
f 717//717 717//717 717//717
f 717//717 717//717 717//717
f 717//717 717//717 717//717
f 717//717 717//717 717//717
f 717//717 717//717 717//717
f 717//717 717//717 717//717
f 717//717 717//717 717//717
f 717//717 717//717 717//717
f 717//717 717//717 717//717
f 717//717 717//717 717//717
f 717//717 717//717 717//717
f 717//717 717//717 717//717
f 717//717 717//717 717//717
f 717//717 717//717 717//717
f 717//717 717//717 717//717
f 717//717 717//717 717//717
f 717//717 717//717 717//717
f 717//717 717//717 717//717
f 717//717 717//717 717//717
f 717//717 717//717 717//717
f 717//717 717//717 717//717
f 717//717 717//717 717//717
f 717//717 717//717 717//717
f 717//717 717//717 717//717
f 717//717 717//717 717//717
f 717//717 717//717 717//717
f 717//717 717//717 717//717
f 717//717 717//717 717//717
f 718//718 720//720 719//719
f 720//720 721//721 719//719
f 719//719 721//721 722//722
f 722//722 721//721 723//723
f 723//723 721//721 720//720
f 720//720 724//724 723//723
f 723//723 724//724 725//725
f 725//725 724//724 726//726
f 726//726 724//724 727//727
f 724//724 917//917 727//727
f 727//727 917//917 729//729
f 729//729 917//917 730//730
f 918//918 728//728 731//731
f 731//731 728//728 724//724
f 720//720 731//731 724//724
f 718//718 731//731 720//720
f 918//918 731//731 718//718
f 718//718 729//729 730//730
f 732//732 729//729 718//718
f 732//732 733//733 729//729
f 729//729 733//733 727//727
f 733//733 734//734 727//727
f 727//727 734//734 726//726
f 726//726 734//734 733//733
f 726//726 733//733 732//732
f 725//725 726//726 732//732
f 725//725 732//732 719//719
f 732//732 718//718 719//719
f 719//719 722//722 725//725
f 725//725 722//722 723//723
f 735//735 735//735 735//735
f 735//735 735//735 735//735
f 735//735 735//735 735//735
f 735//735 735//735 735//735
f 735//735 735//735 735//735
f 735//735 735//735 735//735
f 735//735 735//735 735//735
f 735//735 735//735 735//735
f 735//735 735//735 735//735
f 735//735 735//735 735//735
f 735//735 735//735 735//735
f 735//735 735//735 735//735
f 735//735 735//735 735//735
f 735//735 735//735 735//735
f 735//735 735//735 735//735
f 735//735 735//735 735//735
f 735//735 735//735 735//735
f 735//735 735//735 735//735
f 735//735 735//735 735//735
f 735//735 735//735 735//735
f 735//735 735//735 735//735
f 735//735 735//735 735//735
f 735//735 735//735 735//735
f 735//735 735//735 735//735
f 735//735 735//735 735//735
f 735//735 735//735 735//735
f 735//735 735//735 735//735
f 735//735 735//735 735//735
f 735//735 735//735 735//735
f 735//735 735//735 735//735
f 735//735 735//735 735//735
f 735//735 735//735 735//735
f 735//735 735//735 735//735
f 735//735 735//735 735//735
f 735//735 735//735 735//735
f 735//735 735//735 735//735
f 735//735 735//735 735//735
f 735//735 735//735 735//735
f 735//735 735//735 735//735
f 735//735 735//735 735//735
f 735//735 735//735 735//735
f 735//735 735//735 735//735
f 735//735 735//735 735//735
f 735//735 735//735 735//735
f 735//735 735//735 735//735
f 735//735 735//735 735//735
f 735//735 735//735 735//735
f 735//735 735//735 735//735
f 735//735 735//735 735//735
f 735//735 735//735 735//735
f 735//735 735//735 735//735
f 735//735 735//735 735//735
f 735//735 735//735 735//735
f 735//735 735//735 735//735
f 735//735 735//735 735//735
f 735//735 735//735 735//735
f 735//735 735//735 735//735
f 735//735 735//735 735//735
f 735//735 735//735 735//735
f 735//735 735//735 735//735
f 736//736 738//738 919//919
f 919//919 738//738 920//920
f 920//920 738//738 740//740
f 740//740 738//738 736//736
f 741//741 740//740 736//736
f 742//742 740//740 741//741
f 739//739 740//740 742//742
f 739//739 742//742 743//743
f 742//742 741//741 743//743
f 741//741 744//744 743//743
f 743//743 921//921 745//745
f 745//745 921//921 746//746
f 922//922 744//744 741//741
f 747//747 922//922 741//741
f 747//747 748//748 922//922
f 746//746 748//748 749//749
f 749//749 748//748 750//750
f 750//750 748//748 751//751
f 751//751 748//748 752//752
f 752//752 748//748 753//753
f 753//753 748//748 747//747
f 736//736 753//753 747//747
f 919//919 753//753 736//736
f 754//754 753//753 919//919
f 754//754 752//752 753//753
f 755//755 752//752 754//754
f 923//923 751//751 752//752
f 750//750 751//751 923//923
f 750//750 923//923 737//737
f 919//919 755//755 754//754
f 737//737 749//749 750//750
f 745//745 749//749 737//737
f 746//746 749//749 745//745
f 739//739 745//745 737//737
f 743//743 745//745 739//739
f 736//736 747//747 741//741
f 756//756 756//756 756//756
f 756//756 756//756 756//756
f 756//756 756//756 756//756
f 756//756 756//756 756//756
f 756//756 756//756 756//756
f 756//756 756//756 756//756
f 756//756 756//756 756//756
f 756//756 756//756 756//756
f 756//756 756//756 756//756
f 756//756 756//756 756//756
f 756//756 756//756 756//756
f 756//756 756//756 756//756
f 756//756 756//756 756//756
f 756//756 756//756 756//756
f 756//756 756//756 756//756
f 756//756 756//756 756//756
f 756//756 756//756 756//756
f 756//756 756//756 756//756
f 756//756 756//756 756//756
f 756//756 756//756 756//756
f 756//756 756//756 756//756
f 756//756 756//756 756//756
f 756//756 756//756 756//756
f 756//756 756//756 756//756
f 756//756 756//756 756//756
f 756//756 756//756 756//756
f 756//756 756//756 756//756
f 756//756 756//756 756//756
f 756//756 756//756 756//756
f 756//756 756//756 756//756
f 756//756 756//756 756//756
f 756//756 756//756 756//756
f 756//756 756//756 756//756
f 756//756 756//756 756//756
f 756//756 756//756 756//756
f 756//756 756//756 756//756
f 756//756 756//756 756//756
f 756//756 756//756 756//756
f 756//756 756//756 756//756
f 756//756 756//756 756//756
f 756//756 756//756 756//756
f 756//756 756//756 756//756
f 756//756 756//756 756//756
f 756//756 756//756 756//756
f 756//756 756//756 756//756
f 756//756 756//756 756//756
f 756//756 756//756 756//756
f 756//756 756//756 756//756
f 756//756 756//756 756//756
f 756//756 756//756 756//756
f 756//756 756//756 756//756
f 756//756 756//756 756//756
f 756//756 756//756 756//756
f 756//756 756//756 756//756
f 756//756 756//756 756//756
f 756//756 756//756 756//756
f 756//756 756//756 756//756
f 756//756 756//756 756//756
f 756//756 756//756 756//756
f 756//756 756//756 756//756
f 756//756 756//756 756//756
f 756//756 756//756 756//756
f 756//756 756//756 756//756
f 756//756 756//756 756//756
f 756//756 756//756 756//756
f 756//756 756//756 756//756
f 756//756 756//756 756//756
f 756//756 756//756 756//756
f 756//756 756//756 756//756
f 756//756 756//756 756//756
f 756//756 756//756 756//756
f 756//756 756//756 756//756
f 757//757 759//759 758//758
f 758//758 759//759 760//760
f 759//759 761//761 760//760
f 760//760 761//761 762//762
f 762//762 761//761 763//763
f 763//763 761//761 924//924
f 924//924 761//761 759//759
f 759//759 765//765 764//764
f 764//764 765//765 766//766
f 766//766 765//765 767//767
f 765//765 768//768 767//767
f 768//768 769//769 767//767
f 767//767 769//769 770//770
f 770//770 769//769 771//771
f 771//771 769//769 772//772
f 772//772 769//769 773//773
f 773//773 769//769 768//768
f 773//773 768//768 774//774
f 774//774 768//768 757//757
f 757//757 768//768 765//765
f 757//757 765//765 759//759
f 757//757 758//758 774//774
f 758//758 775//775 774//774
f 775//775 776//776 774//774
f 774//774 776//776 777//777
f 776//776 778//778 777//777
f 777//777 778//778 772//772
f 772//772 778//778 771//771
f 771//771 778//778 770//770
f 770//770 778//778 776//776
f 770//770 776//776 925//925
f 770//770 925//925 767//767
f 767//767 925//925 766//766
f 925//925 926//926 766//766
f 926//926 763//763 766//766
f 766//766 763//763 764//764
f 926//926 762//762 763//763
f 760//760 762//762 779//779
f 760//760 779//779 758//758
f 758//758 779//779 775//775
f 773//773 777//777 772//772
f 774//774 777//777 773//773
f 780//780 780//780 780//780
f 780//780 780//780 780//780
f 780//780 780//780 780//780
f 780//780 780//780 780//780
f 780//780 780//780 780//780
f 780//780 780//780 780//780
f 780//780 780//780 780//780
f 780//780 780//780 780//780
f 780//780 780//780 780//780
f 780//780 780//780 780//780
f 780//780 780//780 780//780
f 780//780 780//780 780//780
f 780//780 780//780 780//780
f 780//780 780//780 780//780
f 780//780 780//780 780//780
f 780//780 780//780 780//780
f 780//780 780//780 780//780
f 780//780 780//780 780//780
f 780//780 780//780 780//780
f 780//780 780//780 780//780
f 780//780 780//780 780//780
f 780//780 780//780 780//780
f 780//780 780//780 780//780
f 780//780 780//780 780//780
f 780//780 780//780 780//780
f 780//780 780//780 780//780
f 780//780 780//780 780//780
f 780//780 780//780 780//780
f 780//780 780//780 780//780
f 780//780 780//780 780//780
f 780//780 780//780 780//780
f 780//780 780//780 780//780
f 780//780 780//780 780//780
f 780//780 780//780 780//780
f 780//780 780//780 780//780
f 780//780 780//780 780//780
f 780//780 780//780 780//780
f 780//780 780//780 780//780
f 780//780 780//780 780//780
f 780//780 780//780 780//780
f 780//780 780//780 780//780
f 780//780 780//780 780//780
f 780//780 780//780 780//780
f 780//780 780//780 780//780
f 780//780 780//780 780//780
f 780//780 780//780 780//780
f 780//780 780//780 780//780
f 780//780 780//780 780//780
f 780//780 780//780 780//780
f 780//780 780//780 780//780
f 780//780 780//780 780//780
f 780//780 780//780 780//780
f 780//780 780//780 780//780
f 780//780 780//780 780//780
f 780//780 780//780 780//780
f 780//780 780//780 780//780
f 780//780 780//780 780//780
f 780//780 780//780 780//780
f 780//780 780//780 780//780
f 780//780 780//780 780//780
f 780//780 780//780 780//780
f 780//780 780//780 780//780
f 780//780 780//780 780//780
f 780//780 780//780 780//780
f 780//780 780//780 780//780
f 780//780 780//780 780//780
f 780//780 780//780 780//780
f 780//780 780//780 780//780
f 780//780 780//780 780//780
f 780//780 780//780 780//780
f 780//780 780//780 780//780
f 780//780 780//780 780//780
f 780//780 780//780 780//780
f 780//780 780//780 780//780
f 780//780 780//780 780//780
f 780//780 780//780 780//780
f 780//780 780//780 780//780
f 780//780 780//780 780//780
f 780//780 780//780 780//780
f 780//780 780//780 780//780
f 780//780 780//780 780//780
f 780//780 780//780 780//780
f 780//780 780//780 780//780
f 780//780 780//780 780//780
f 781//781 783//783 927//927
f 927//927 783//783 784//784
f 784//784 783//783 785//785
f 783//783 786//786 785//785
f 785//785 786//786 787//787
f 786//786 928//928 787//787
f 928//928 929//929 787//787
f 787//787 929//929 790//790
f 790//790 929//929 791//791
f 791//791 789//789 781//781
f 781//781 789//789 788//788
f 781//781 788//788 786//786
f 781//781 786//786 783//783
f 792//792 791//791 781//781
f 792//792 793//793 791//791
f 791//791 793//793 794//794
f 794//794 793//793 795//795
f 795//795 793//793 796//796
f 796//796 793//793 797//797
f 797//797 793//793 792//792
f 792//792 930//930 797//797
f 930//930 799//799 797//797
f 797//797 799//799 800//800
f 800//800 799//799 801//801
f 801//801 799//799 930//930
f 798//798 802//802 801//801
f 801//801 802//802 800//800
f 800//800 802//802 803//803
f 803//803 802//802 792//792
f 792//792 802//802 798//798
f 781//781 803//803 792//792
f 927//927 803//803 781//781
f 927//927 800//800 803//803
f 796//796 800//800 927//927
f 797//797 800//800 796//796
f 795//795 796//796 782//782
f 784//784 795//795 782//782
f 787//787 795//795 784//784
f 787//787 794//794 795//795
f 790//790 794//794 787//787
f 790//790 791//791 794//794
f 784//784 785//785 787//787
f 804//804 804//804 804//804
f 804//804 804//804 804//804
f 804//804 804//804 804//804
f 804//804 804//804 804//804
f 804//804 804//804 804//804
f 804//804 804//804 804//804
f 804//804 804//804 804//804
f 804//804 804//804 804//804
f 804//804 804//804 804//804
f 804//804 804//804 804//804
f 804//804 804//804 804//804
f 804//804 804//804 804//804
f 804//804 804//804 804//804
f 804//804 804//804 804//804
f 804//804 804//804 804//804
f 804//804 804//804 804//804
f 804//804 804//804 804//804
f 804//804 804//804 804//804
f 804//804 804//804 804//804
f 804//804 804//804 804//804
f 804//804 804//804 804//804
f 804//804 804//804 804//804
f 804//804 804//804 804//804
f 804//804 804//804 804//804
f 804//804 804//804 804//804
f 804//804 804//804 804//804
f 804//804 804//804 804//804
f 804//804 804//804 804//804
f 804//804 804//804 804//804
f 804//804 804//804 804//804
f 804//804 804//804 804//804
f 804//804 804//804 804//804
f 804//804 804//804 804//804
f 804//804 804//804 804//804
f 804//804 804//804 804//804
f 804//804 804//804 804//804
f 804//804 804//804 804//804
f 804//804 804//804 804//804
f 804//804 804//804 804//804
f 804//804 804//804 804//804
f 804//804 804//804 804//804
f 804//804 804//804 804//804
f 804//804 804//804 804//804
f 804//804 804//804 804//804
f 804//804 804//804 804//804
f 804//804 804//804 804//804
f 804//804 804//804 804//804
f 804//804 804//804 804//804
f 804//804 804//804 804//804
f 804//804 804//804 804//804
f 804//804 804//804 804//804
f 804//804 804//804 804//804
f 804//804 804//804 804//804
f 804//804 804//804 804//804
f 804//804 804//804 804//804
f 804//804 804//804 804//804
f 804//804 804//804 804//804
f 804//804 804//804 804//804
f 804//804 804//804 804//804
f 804//804 804//804 804//804
f 804//804 804//804 804//804
f 804//804 804//804 804//804
f 804//804 804//804 804//804
f 804//804 804//804 804//804
f 804//804 804//804 804//804
f 804//804 804//804 804//804
f 804//804 804//804 804//804
f 804//804 804//804 804//804
f 804//804 804//804 804//804
f 804//804 804//804 804//804
f 804//804 804//804 804//804
f 804//804 804//804 804//804
f 804//804 804//804 804//804
f 804//804 804//804 804//804
f 804//804 804//804 804//804
f 804//804 804//804 804//804
f 804//804 804//804 804//804
f 804//804 804//804 804//804
f 804//804 804//804 804//804
f 804//804 804//804 804//804
f 804//804 804//804 804//804
f 804//804 804//804 804//804
f 804//804 804//804 804//804
f 804//804 804//804 804//804
f 804//804 804//804 804//804
f 804//804 804//804 804//804
f 804//804 804//804 804//804
f 804//804 804//804 804//804
f 931//931 932//932 933//933
f 931//931 934//934 932//932
f 931//931 935//935 934//934
f 931//931 936//936 935//935
f 931//931 937//937 936//936
f 931//931 931//931 937//937
f 931//931 938//938 931//931
f 931//931 933//933 938//938
f 943//943 943//943 942//942
f 943//943 943//943 944//944
f 941//941 947//947 942//942
f 948//948 942//942 947//947
f 942//942 948//948 943//943
f 949//949 943//943 948//948
f 943//943 949//949 944//944
f 950//950 944//944 949//949
f 944//944 950//950 945//945
f 951//951 945//945 950//950
f 945//945 951//951 946//946
f 952//952 946//946 951//951
f 946//946 952//952 939//939
f 953//953 939//939 952//952
f 939//939 953//953 940//940
f 954//954 940//940 953//953
f 940//940 954//954 941//941
f 947//947 941//941 954//954
f 961//961 941//941 962//962
f 942//942 962//962 941//941
f 962//962 942//942 955//955
f 943//943 955//955 942//942
f 955//955 943//943 956//956
f 944//944 956//956 943//943
f 956//956 944//944 957//957
f 945//945 957//957 944//944
f 957//957 945//945 958//958
f 946//946 958//958 945//945
f 958//958 946//946 959//959
f 939//939 959//959 946//946
f 959//959 939//939 960//960
f 940//940 960//960 939//939
f 960//960 940//940 961//961
f 941//941 961//961 940//940
f 966//966 965//965 964//964
f 965//965 966//966 967//967
f 968//968 967//967 966//966
f 967//967 968//968 969//969
f 970//970 969//969 968//968
f 969//969 970//970 971//971
f 972//972 971//971 970//970
f 971//971 972//972 973//973
f 974//974 973//973 972//972
f 973//973 974//974 975//975
f 966//966 961//961 968//968
f 962//962 968//968 961//961
f 968//968 962//962 970//970
f 955//955 970//970 962//962
f 970//970 955//955 972//972
f 956//956 972//972 955//955
f 972//972 956//956 974//974
f 957//957 974//974 956//956
f 974//974 957//957 975//975
f 958//958 975//975 957//957
f 975//975 958//958 963//963
f 959//959 963//963 958//958
f 963//963 959//959 964//964
f 960//960 964//964 959//959
f 964//964 960//960 966//966
f 961//961 966//966 960//960
f 978//978 965//965 979//979
f 967//967 979//979 965//965
f 979//979 967//967 980//980
f 969//969 980//980 967//967
f 980//980 969//969 981//981
f 971//971 981//981 969//969
f 981//981 971//971 982//982
f 973//973 982//982 971//971
f 982//982 973//973 983//983
f 975//975 983//983 973//973
f 983//983 975//975 976//976
f 963//963 976//976 975//975
f 976//976 963//963 977//977
f 964//964 977//977 963//963
f 977//977 964//964 978//978
f 965//965 978//978 964//964
f 984//984 985//985 986//986
f 987//987 986//986 985//985
f 986//986 987//987 988//988
f 989//989 988//988 987//987
f 988//988 989//989 990//990
f 991//991 990//990 989//989
f 990//990 991//991 992//992
f 993//993 992//992 991//991
f 992//992 993//993 994//994
f 995//995 994//994 993//993
f 994//994 995//995 996//996
f 997//997 996//996 995//995
f 996//996 997//997 998//998
f 999//999 998//998 997//997
f 998//998 999//999 984//984
f 985//985 984//984 999//999
f 989//989 978//978 991//991
f 979//979 991//991 978//978
f 991//991 979//979 993//993
f 980//980 993//993 979//979
f 993//993 980//980 995//995
f 981//981 995//995 980//980
f 995//995 981//981 997//997
f 982//982 997//997 981//981
f 997//997 982//982 999//999
f 983//983 999//999 982//982
f 999//999 983//983 985//985
f 976//976 985//985 983//983
f 985//985 976//976 987//987
f 977//977 987//987 976//976
f 987//987 977//977 989//989
f 978//978 989//989 977//977
f 1000//1000 1001//1001 1002//1002
f 1000//1000 1002//1002 1003//1003
f 1000//1000 1003//1003 1004//1004
f 1000//1000 1004//1004 1005//1005
f 1000//1000 1005//1005 1006//1006
f 1000//1000 1006//1006 1007//1007
f 1000//1000 1007//1007 1008//1008
f 1000//1000 1008//1008 1001//1001
f 1009//1009 988//988 1010//1010
f 990//990 1010//1010 988//988
f 1010//1010 990//990 1011//1011
f 992//992 1011//1011 990//990
f 1011//1011 992//992 1012//1012
f 994//994 1012//1012 992//992
f 1012//1012 994//994 1013//1013
f 996//996 1013//1013 994//994
f 1013//1013 996//996 1014//1014
f 998//998 1014//1014 996//996
f 1014//1014 998//998 1015//1015
f 984//984 1015//1015 998//998
f 1015//1015 984//984 1016//1016
f 986//986 1016//1016 984//984
f 1016//1016 986//986 1009//1009
f 988//988 1009//1009 986//986
f 1017//1017 1018//1018 1019//1019
f 1017//1017 1020//1020 1018//1018
f 1017//1017 1021//1021 1020//1020
f 1017//1017 1022//1022 1021//1021
f 1017//1017 1023//1023 1022//1022
f 1017//1017 1024//1024 1023//1023
f 1017//1017 1025//1025 1024//1024
f 1017//1017 1019//1019 1025//1025
f 1026//1026 1027//1027 1028//1028
f 1029//1029 1028//1028 1027//1027
f 1028//1028 1029//1029 1030//1030
f 1031//1031 1030//1030 1029//1029
f 1030//1030 1031//1031 1032//1032
f 1033//1033 1032//1032 1031//1031
f 1032//1032 1033//1033 1034//1034
f 1035//1035 1034//1034 1033//1033
f 1034//1034 1035//1035 1036//1036
f 1037//1037 1036//1036 1035//1035
f 1036//1036 1037//1037 1038//1038
f 1039//1039 1038//1038 1037//1037
f 1038//1038 1039//1039 1040//1040
f 1041//1041 1040//1040 1039//1039
f 1040//1040 1041//1041 1026//1026
f 1027//1027 1026//1026 1041//1041
f 1029//1029 1042//1042 1031//1031
f 1043//1043 1031//1031 1042//1042
f 1031//1031 1043//1043 1033//1033
f 1044//1044 1033//1033 1043//1043
f 1033//1033 1044//1044 1035//1035
f 1045//1045 1035//1035 1044//1044
f 1035//1035 1045//1045 1037//1037
f 1046//1046 1037//1037 1045//1045
f 1037//1037 1046//1046 1039//1039
f 1047//1047 1039//1039 1046//1046
f 1039//1039 1047//1047 1041//1041
f 1048//1048 1041//1041 1047//1047
f 1041//1041 1048//1048 1027//1027
f 1049//1049 1027//1027 1048//1048
f 1027//1027 1049//1049 1029//1029
f 1042//1042 1029//1029 1049//1049
f 1056//1056 1026//1026 1057//1057
f 1028//1028 1057//1057 1026//1026
f 1057//1057 1028//1028 1050//1050
f 1030//1030 1050//1050 1028//1028
f 1050//1050 1030//1030 1051//1051
f 1032//1032 1051//1051 1030//1030
f 1051//1051 1032//1032 1052//1052
f 1034//1034 1052//1052 1032//1032
f 1052//1052 1034//1034 1053//1053
f 1036//1036 1053//1053 1034//1034
f 1053//1053 1036//1036 1054//1054
f 1038//1038 1054//1054 1036//1036
f 1054//1054 1038//1038 1055//1055
f 1040//1040 1055//1055 1038//1038
f 1055//1055 1040//1040 1056//1056
f 1026//1026 1056//1056 1040//1040
f 1062//1062 1061//1061 1060//1060
f 1061//1061 1062//1062 1063//1063
f 1064//1064 1063//1063 1062//1062
f 1063//1063 1064//1064 1065//1065
f 1066//1066 1065//1065 1064//1064
f 1065//1065 1066//1066 1067//1067
f 1060//1060 1056//1056 1062//1062
f 1057//1057 1062//1062 1056//1056
f 1062//1062 1057//1057 1064//1064
f 1050//1050 1064//1064 1057//1057
f 1064//1064 1050//1050 1066//1066
f 1051//1051 1066//1066 1050//1050
f 1066//1066 1051//1051 1067//1067
f 1052//1052 1067//1067 1051//1051
f 1067//1067 1052//1052 1068//1068
f 1053//1053 1068//1068 1052//1052
f 1068//1068 1053//1053 1058//1058
f 1054//1054 1058//1058 1053//1053
f 1058//1058 1054//1054 1059//1059
f 1055//1055 1059//1059 1054//1054
f 1059//1059 1055//1055 1060//1060
f 1056//1056 1060//1060 1055//1055
f 1072//1072 1071//1071 1070//1070
f 1071//1071 1072//1072 1073//1073
f 1074//1074 1073//1073 1072//1072
f 1073//1073 1074//1074 1075//1075
f 1076//1076 1075//1075 1074//1074
f 1075//1075 1076//1076 1077//1077
f 1078//1078 1077//1077 1076//1076
f 1077//1077 1078//1078 1079//1079
f 1080//1080 1079//1079 1078//1078
f 1079//1079 1080//1080 1081//1081
f 1072//1072 1060//1060 1074//1074
f 1061//1061 1074//1074 1060//1060
f 1074//1074 1061//1061 1076//1076
f 1063//1063 1076//1076 1061//1061
f 1076//1076 1063//1063 1078//1078
f 1065//1065 1078//1078 1063//1063
f 1078//1078 1065//1065 1080//1080
f 1067//1067 1080//1080 1065//1065
f 1080//1080 1067//1067 1081//1081
f 1068//1068 1081//1081 1067//1067
f 1081//1081 1068//1068 1069//1069
f 1058//1058 1069//1069 1068//1068
f 1069//1069 1058//1058 1070//1070
f 1059//1059 1070//1070 1058//1058
f 1070//1070 1059//1059 1072//1072
f 1060//1060 1072//1072 1059//1059
f 1082//1082 1083//1083 1084//1084
f 1085//1085 1084//1084 1083//1083
f 1084//1084 1085//1085 1086//1086
f 1088//1088 1087//1087 1086//1086
f 1087//1087 1088//1088 1089//1089
f 1089//1089 1089//1089 1088//1088
f 1089//1089 1089//1089 1090//1090
f 1091//1091 1090//1090 1089//1089
f 1090//1090 1091//1091 1092//1092
f 1093//1093 1092//1092 1091//1091
f 1092//1092 1093//1093 1094//1094
f 1095//1095 1094//1094 1093//1093
f 1094//1094 1095//1095 1082//1082
f 1083//1083 1082//1082 1095//1095
f 1093//1093 1071//1071 1095//1095
f 1073//1073 1095//1095 1071//1071
f 1095//1095 1073//1073 1083//1083
f 1075//1075 1083//1083 1073//1073
f 1083//1083 1075//1075 1085//1085
f 1077//1077 1085//1085 1075//1075
f 1085//1085 1077//1077 1086//1086
f 1079//1079 1086//1086 1077//1077
f 1086//1086 1079//1079 1088//1088
f 1081//1081 1088//1088 1079//1079
f 1088//1088 1081//1081 1089//1089
f 1069//1069 1089//1089 1081//1081
f 1089//1089 1069//1069 1091//1091
f 1070//1070 1091//1091 1069//1069
f 1091//1091 1070//1070 1093//1093
f 1071//1071 1093//1093 1070//1070
f 1096//1096 1097//1097 1098//1098
f 1099//1099 1098//1098 1097//1097
f 1098//1098 1099//1099 1100//1100
f 1101//1101 1100//1100 1099//1099
f 1100//1100 1101//1101 1102//1102
f 1103//1103 1102//1102 1101//1101
f 1102//1102 1103//1103 1104//1104
f 1105//1105 1104//1104 1103//1103
f 1104//1104 1105//1105 1106//1106
f 1107//1107 1106//1106 1105//1105
f 1106//1106 1107//1107 1108//1108
f 1109//1109 1108//1108 1107//1107
f 1108//1108 1109//1109 1110//1110
f 1111//1111 1110//1110 1109//1109
f 1110//1110 1111//1111 1096//1096
f 1097//1097 1096//1096 1111//1111
f 1109//1109 1092//1092 1111//1111
f 1094//1094 1111//1111 1092//1092
f 1111//1111 1094//1094 1097//1097
f 1082//1082 1097//1097 1094//1094
f 1097//1097 1082//1082 1099//1099
f 1084//1084 1099//1099 1082//1082
f 1099//1099 1084//1084 1101//1101
f 1086//1086 1101//1101 1084//1084
f 1101//1101 1086//1086 1103//1103
f 1087//1087 1103//1103 1086//1086
f 1103//1103 1087//1087 1105//1105
f 1089//1089 1105//1105 1087//1087
f 1105//1105 1089//1089 1107//1107
f 1090//1090 1107//1107 1089//1089
f 1107//1107 1090//1090 1109//1109
f 1092//1092 1109//1109 1090//1090
f 1114//1114 1108//1108 1115//1115
f 1110//1110 1115//1115 1108//1108
f 1115//1115 1110//1110 1116//1116
f 1096//1096 1116//1116 1110//1110
f 1116//1116 1096//1096 1117//1117
f 1098//1098 1117//1117 1096//1096
f 1117//1117 1098//1098 1118//1118
f 1100//1100 1118//1118 1098//1098
f 1118//1118 1100//1100 1119//1119
f 1102//1102 1119//1119 1100//1100
f 1119//1119 1102//1102 1112//1112
f 1104//1104 1112//1112 1102//1102
f 1112//1112 1104//1104 1113//1113
f 1106//1106 1113//1113 1104//1104
f 1113//1113 1106//1106 1114//1114
f 1108//1108 1114//1114 1106//1106
f 1120//1120 1121//1121 1122//1122
f 1123//1123 1122//1122 1121//1121
f 1122//1122 1123//1123 1124//1124
f 1125//1125 1124//1124 1123//1123
f 1124//1124 1125//1125 1126//1126
f 1127//1127 1126//1126 1125//1125
f 1126//1126 1127//1127 1128//1128
f 1129//1129 1128//1128 1127//1127
f 1128//1128 1129//1129 1130//1130
f 1131//1131 1130//1130 1129//1129
f 1130//1130 1131//1131 1132//1132
f 1133//1133 1132//1132 1131//1131
f 1132//1132 1133//1133 1134//1134
f 1135//1135 1134//1134 1133//1133
f 1134//1134 1135//1135 1120//1120
f 1121//1121 1120//1120 1135//1135
f 1129//1129 1114//1114 1131//1131
f 1115//1115 1131//1131 1114//1114
f 1131//1131 1115//1115 1133//1133
f 1116//1116 1133//1133 1115//1115
f 1133//1133 1116//1116 1135//1135
f 1117//1117 1135//1135 1116//1116
f 1135//1135 1117//1117 1121//1121
f 1118//1118 1121//1121 1117//1117
f 1121//1121 1118//1118 1123//1123
f 1119//1119 1123//1123 1118//1118
f 1123//1123 1119//1119 1125//1125
f 1112//1112 1125//1125 1119//1119
f 1125//1125 1112//1112 1127//1127
f 1113//1113 1127//1127 1112//1112
f 1127//1127 1113//1113 1129//1129
f 1114//1114 1129//1129 1113//1113
f 1136//1136 1137//1137 1138//1138
f 1137//1137 1139//1139 1138//1138
f 1140//1140 1138//1138 1139//1139
f 1136//1136 1138//1138 1141//1141
f 1138//1138 1140//1140 1141//1141
f 1142//1142 1141//1141 1140//1140
f 1136//1136 1141//1141 1143//1143
f 1141//1141 1142//1142 1143//1143
f 1144//1144 1143//1143 1142//1142
f 1136//1136 1143//1143 1145//1145
f 1143//1143 1144//1144 1145//1145
f 1146//1146 1145//1145 1144//1144
f 1136//1136 1145//1145 1147//1147
f 1145//1145 1146//1146 1147//1147
f 1148//1148 1147//1147 1146//1146
f 1136//1136 1147//1147 1149//1149
f 1147//1147 1148//1148 1149//1149
f 1150//1150 1149//1149 1148//1148
f 1136//1136 1149//1149 1151//1151
f 1149//1149 1150//1150 1151//1151
f 1152//1152 1151//1151 1150//1150
f 1136//1136 1151//1151 1137//1137
f 1151//1151 1152//1152 1137//1137
f 1139//1139 1137//1137 1152//1152
f 1139//1139 1132//1132 1140//1140
f 1134//1134 1140//1140 1132//1132
f 1140//1140 1134//1134 1142//1142
f 1120//1120 1142//1142 1134//1134
f 1142//1142 1120//1120 1144//1144
f 1122//1122 1144//1144 1120//1120
f 1144//1144 1122//1122 1146//1146
f 1124//1124 1146//1146 1122//1122
f 1146//1146 1124//1124 1148//1148
f 1126//1126 1148//1148 1124//1124
f 1148//1148 1126//1126 1150//1150
f 1128//1128 1150//1150 1126//1126
f 1150//1150 1128//1128 1152//1152
f 1130//1130 1152//1152 1128//1128
f 1152//1152 1130//1130 1139//1139
f 1132//1132 1139//1139 1130//1130
f 1153//1153 1154//1154 1155//1155
f 1153//1153 1156//1156 1154//1154
f 1153//1153 1157//1157 1156//1156
f 1153//1153 1158//1158 1157//1157
f 1153//1153 1159//1159 1158//1158
f 1153//1153 1160//1160 1159//1159
f 1153//1153 1161//1161 1160//1160
f 1153//1153 1155//1155 1161//1161
f 1168//1168 1170//1170 1169//1169
f 1171//1171 1169//1169 1170//1170
f 1169//1169 1171//1171 1162//1162
f 1172//1172 1162//1162 1171//1171
f 1162//1162 1172//1172 1163//1163
f 1173//1173 1163//1163 1172//1172
f 1163//1163 1173//1173 1164//1164
f 1174//1174 1164//1164 1173//1173
f 1164//1164 1174//1174 1165//1165
f 1175//1175 1165//1165 1174//1174
f 1165//1165 1175//1175 1166//1166
f 1176//1176 1166//1166 1175//1175
f 1166//1166 1176//1176 1167//1167
f 1177//1177 1167//1167 1176//1176
f 1167//1167 1177//1177 1168//1168
f 1170//1170 1168//1168 1177//1177
f 1178//1178 1179//1179 1180//1180
f 1181//1181 1180//1180 1179//1179
f 1180//1180 1181//1181 1182//1182
f 1183//1183 1182//1182 1181//1181
f 1182//1182 1183//1183 1184//1184
f 1185//1185 1184//1184 1183//1183
f 1184//1184 1185//1185 1186//1186
f 1187//1187 1186//1186 1185//1185
f 1186//1186 1187//1187 1188//1188
f 1189//1189 1188//1188 1187//1187
f 1188//1188 1189//1189 1190//1190
f 1191//1191 1190//1190 1189//1189
f 1190//1190 1191//1191 1192//1192
f 1193//1193 1192//1192 1191//1191
f 1192//1192 1193//1193 1178//1178
f 1179//1179 1178//1178 1193//1193
f 1183//1183 1168//1168 1185//1185
f 1169//1169 1185//1185 1168//1168
f 1185//1185 1169//1169 1187//1187
f 1162//1162 1187//1187 1169//1169
f 1187//1187 1162//1162 1189//1189
f 1163//1163 1189//1189 1162//1162
f 1189//1189 1163//1163 1191//1191
f 1164//1164 1191//1191 1163//1163
f 1191//1191 1164//1164 1193//1193
f 1165//1165 1193//1193 1164//1164
f 1193//1193 1165//1165 1179//1179
f 1166//1166 1179//1179 1165//1165
f 1179//1179 1166//1166 1181//1181
f 1167//1167 1181//1181 1166//1166
f 1181//1181 1167//1167 1183//1183
f 1168//1168 1183//1183 1167//1167
f 1194//1194 1195//1195 1196//1196
f 1197//1197 1196//1196 1195//1195
f 1196//1196 1197//1197 1198//1198
f 1199//1199 1198//1198 1197//1197
f 1198//1198 1199//1199 1200//1200
f 1201//1201 1200//1200 1199//1199
f 1200//1200 1201//1201 1202//1202
f 1203//1203 1202//1202 1201//1201
f 1202//1202 1203//1203 1204//1204
f 1205//1205 1204//1204 1203//1203
f 1204//1204 1205//1205 1206//1206
f 1207//1207 1206//1206 1205//1205
f 1206//1206 1207//1207 1208//1208
f 1209//1209 1208//1208 1207//1207
f 1208//1208 1209//1209 1194//1194
f 1195//1195 1194//1194 1209//1209
f 1207//1207 1182//1182 1209//1209
f 1184//1184 1209//1209 1182//1182
f 1209//1209 1184//1184 1195//1195
f 1186//1186 1195//1195 1184//1184
f 1195//1195 1186//1186 1197//1197
f 1188//1188 1197//1197 1186//1186
f 1197//1197 1188//1188 1199//1199
f 1190//1190 1199//1199 1188//1188
f 1199//1199 1190//1190 1201//1201
f 1192//1192 1201//1201 1190//1190
f 1201//1201 1192//1192 1203//1203
f 1178//1178 1203//1203 1192//1192
f 1203//1203 1178//1178 1205//1205
f 1180//1180 1205//1205 1178//1178
f 1205//1205 1180//1180 1207//1207
f 1182//1182 1207//1207 1180//1180
f 1214//1214 1213//1213 1212//1212
f 1213//1213 1214//1214 1215//1215
f 1215//1215 1215//1215 1214//1214
f 1215//1215 1215//1215 1216//1216
f 1217//1217 1216//1216 1215//1215
f 1216//1216 1217//1217 1218//1218
f 1218//1218 1206//1206 1219//1219
f 1208//1208 1219//1219 1206//1206
f 1219//1219 1208//1208 1210//1210
f 1194//1194 1210//1210 1208//1208
f 1210//1210 1194//1194 1211//1211
f 1196//1196 1211//1211 1194//1194
f 1211//1211 1196//1196 1212//1212
f 1198//1198 1212//1212 1196//1196
f 1212//1212 1198//1198 1214//1214
f 1200//1200 1214//1214 1198//1198
f 1214//1214 1200//1200 1215//1215
f 1202//1202 1215//1215 1200//1200
f 1215//1215 1202//1202 1217//1217
f 1204//1204 1217//1217 1202//1202
f 1217//1217 1204//1204 1218//1218
f 1206//1206 1218//1218 1204//1204
f 1220//1220 1221//1221 1222//1222
f 1223//1223 1222//1222 1221//1221
f 1222//1222 1223//1223 1224//1224
f 1225//1225 1224//1224 1223//1223
f 1224//1224 1225//1225 1226//1226
f 1227//1227 1226//1226 1225//1225
f 1226//1226 1227//1227 1228//1228
f 1229//1229 1228//1228 1227//1227
f 1228//1228 1229//1229 1230//1230
f 1231//1231 1230//1230 1229//1229
f 1230//1230 1231//1231 1232//1232
f 1233//1233 1232//1232 1231//1231
f 1232//1232 1233//1233 1234//1234
f 1235//1235 1234//1234 1233//1233
f 1234//1234 1235//1235 1220//1220
f 1221//1221 1220//1220 1235//1235
f 1233//1233 1218//1218 1235//1235
f 1219//1219 1235//1235 1218//1218
f 1235//1235 1219//1219 1221//1221
f 1210//1210 1221//1221 1219//1219
f 1221//1221 1210//1210 1223//1223
f 1211//1211 1223//1223 1210//1210
f 1223//1223 1211//1211 1225//1225
f 1212//1212 1225//1225 1211//1211
f 1225//1225 1212//1212 1227//1227
f 1213//1213 1227//1227 1212//1212
f 1227//1227 1213//1213 1229//1229
f 1215//1215 1229//1229 1213//1213
f 1229//1229 1215//1215 1231//1231
f 1216//1216 1231//1231 1215//1215
f 1231//1231 1216//1216 1233//1233
f 1218//1218 1233//1233 1216//1216
f 1236//1236 1237//1237 1238//1238
f 1239//1239 1238//1238 1237//1237
f 1238//1238 1239//1239 1240//1240
f 1241//1241 1240//1240 1239//1239
f 1240//1240 1241//1241 1242//1242
f 1243//1243 1242//1242 1241//1241
f 1242//1242 1243//1243 1244//1244
f 1245//1245 1244//1244 1243//1243
f 1244//1244 1245//1245 1246//1246
f 1247//1247 1246//1246 1245//1245
f 1246//1246 1247//1247 1248//1248
f 1249//1249 1248//1248 1247//1247
f 1248//1248 1249//1249 1250//1250
f 1251//1251 1250//1250 1249//1249
f 1250//1250 1251//1251 1236//1236
f 1237//1237 1236//1236 1251//1251
f 1245//1245 1232//1232 1247//1247
f 1234//1234 1247//1247 1232//1232
f 1247//1247 1234//1234 1249//1249
f 1220//1220 1249//1249 1234//1234
f 1249//1249 1220//1220 1251//1251
f 1222//1222 1251//1251 1220//1220
f 1251//1251 1222//1222 1237//1237
f 1224//1224 1237//1237 1222//1222
f 1237//1237 1224//1224 1239//1239
f 1226//1226 1239//1239 1224//1224
f 1239//1239 1226//1226 1241//1241
f 1228//1228 1241//1241 1226//1226
f 1241//1241 1228//1228 1243//1243
f 1230//1230 1243//1243 1228//1228
f 1243//1243 1230//1230 1245//1245
f 1232//1232 1245//1245 1230//1230
f 1252//1252 1253//1253 1254//1254
f 1255//1255 1254//1254 1253//1253
f 1254//1254 1255//1255 1256//1256
f 1257//1257 1256//1256 1255//1255
f 1256//1256 1257//1257 1258//1258
f 1259//1259 1258//1258 1257//1257
f 1258//1258 1259//1259 1260//1260
f 1261//1261 1260//1260 1259//1259
f 1260//1260 1261//1261 1262//1262
f 1263//1263 1262//1262 1261//1261
f 1262//1262 1263//1263 1264//1264
f 1265//1265 1264//1264 1263//1263
f 1264//1264 1265//1265 1266//1266
f 1267//1267 1266//1266 1265//1265
f 1266//1266 1267//1267 1252//1252
f 1253//1253 1252//1252 1267//1267
f 1253//1253 1242//1242 1255//1255
f 1244//1244 1255//1255 1242//1242
f 1255//1255 1244//1244 1257//1257
f 1246//1246 1257//1257 1244//1244
f 1257//1257 1246//1246 1259//1259
f 1248//1248 1259//1259 1246//1246
f 1259//1259 1248//1248 1261//1261
f 1250//1250 1261//1261 1248//1248
f 1261//1261 1250//1250 1263//1263
f 1236//1236 1263//1263 1250//1250
f 1263//1263 1236//1236 1265//1265
f 1238//1238 1265//1265 1236//1236
f 1265//1265 1238//1238 1267//1267
f 1240//1240 1267//1267 1238//1238
f 1267//1267 1240//1240 1253//1253
f 1242//1242 1253//1253 1240//1240
f 1271//1271 1270//1270 1269//1269
f 1270//1270 1271//1271 1272//1272
f 1273//1273 1272//1272 1271//1271
f 1272//1272 1273//1273 1274//1274
f 1275//1275 1274//1274 1273//1273
f 1274//1274 1275//1275 1276//1276
f 1277//1277 1276//1276 1275//1275
f 1276//1276 1277//1277 1278//1278
f 1279//1279 1278//1278 1277//1277
f 1278//1278 1279//1279 1280//1280
f 1279//1279 1252//1252 1280//1280
f 1254//1254 1280//1280 1252//1252
f 1280//1280 1254//1254 1268//1268
f 1256//1256 1268//1268 1254//1254
f 1268//1268 1256//1256 1269//1269
f 1258//1258 1269//1269 1256//1256
f 1269//1269 1258//1258 1271//1271
f 1260//1260 1271//1271 1258//1258
f 1271//1271 1260//1260 1273//1273
f 1262//1262 1273//1273 1260//1260
f 1273//1273 1262//1262 1275//1275
f 1264//1264 1275//1275 1262//1262
f 1275//1275 1264//1264 1277//1277
f 1266//1266 1277//1277 1264//1264
f 1277//1277 1266//1266 1279//1279
f 1252//1252 1279//1279 1266//1266
f 1281//1281 1282//1282 1283//1283
f 1281//1281 1283//1283 1284//1284
f 1281//1281 1284//1284 1285//1285
f 1281//1281 1285//1285 1286//1286
f 1281//1281 1286//1286 1287//1287
f 1281//1281 1287//1287 1288//1288
f 1281//1281 1288//1288 1289//1289
f 1281//1281 1289//1289 1282//1282
f 1290//1290 1278//1278 1291//1291
f 1280//1280 1291//1291 1278//1278
f 1291//1291 1280//1280 1292//1292
f 1268//1268 1292//1292 1280//1280
f 1292//1292 1268//1268 1293//1293
f 1269//1269 1293//1293 1268//1268
f 1293//1293 1269//1269 1294//1294
f 1270//1270 1294//1294 1269//1269
f 1294//1294 1270//1270 1295//1295
f 1272//1272 1295//1295 1270//1270
f 1295//1295 1272//1272 1296//1296
f 1274//1274 1296//1296 1272//1272
f 1296//1296 1274//1274 1297//1297
f 1276//1276 1297//1297 1274//1274
f 1297//1297 1276//1276 1290//1290
f 1278//1278 1290//1290 1276//1276
f 1298//1298 1299//1299 1300//1300
f 1301//1301 1300//1300 1302//1302
f 1299//1299 1302//1302 1300//1300
f 1298//1298 1303//1303 1299//1299
f 1302//1302 1299//1299 1304//1304
f 1303//1303 1304//1304 1299//1299
f 1298//1298 1305//1305 1303//1303
f 1304//1304 1303//1303 1306//1306
f 1305//1305 1306//1306 1303//1303
f 1298//1298 1307//1307 1305//1305
f 1306//1306 1305//1305 1308//1308
f 1307//1307 1308//1308 1305//1305
f 1298//1298 1309//1309 1307//1307
f 1308//1308 1307//1307 1310//1310
f 1309//1309 1310//1310 1307//1307
f 1298//1298 1311//1311 1309//1309
f 1310//1310 1309//1309 1312//1312
f 1311//1311 1312//1312 1309//1309
f 1298//1298 1313//1313 1311//1311
f 1312//1312 1311//1311 1314//1314
f 1313//1313 1314//1314 1311//1311
f 1298//1298 1300//1300 1313//1313
f 1314//1314 1313//1313 1301//1301
f 1300//1300 1301//1301 1313//1313
f 1315//1315 1316//1316 1317//1317
f 1318//1318 1317//1317 1316//1316
f 1317//1317 1318//1318 1319//1319
f 1320//1320 1319//1319 1318//1318
f 1319//1319 1320//1320 1321//1321
f 1322//1322 1321//1321 1320//1320
f 1321//1321 1322//1322 1323//1323
f 1324//1324 1323//1323 1322//1322
f 1323//1323 1324//1324 1325//1325
f 1326//1326 1325//1325 1324//1324
f 1325//1325 1326//1326 1327//1327
f 1328//1328 1327//1327 1326//1326
f 1327//1327 1328//1328 1329//1329
f 1330//1330 1329//1329 1328//1328
f 1329//1329 1330//1330 1315//1315
f 1316//1316 1315//1315 1330//1330
f 1328//1328 1301//1301 1330//1330
f 1302//1302 1330//1330 1301//1301
f 1330//1330 1302//1302 1316//1316
f 1304//1304 1316//1316 1302//1302
f 1316//1316 1304//1304 1318//1318
f 1306//1306 1318//1318 1304//1304
f 1318//1318 1306//1306 1320//1320
f 1308//1308 1320//1320 1306//1306
f 1320//1320 1308//1308 1322//1322
f 1310//1310 1322//1322 1308//1308
f 1322//1322 1310//1310 1324//1324
f 1312//1312 1324//1324 1310//1310
f 1324//1324 1312//1312 1326//1326
f 1314//1314 1326//1326 1312//1312
f 1326//1326 1314//1314 1328//1328
f 1301//1301 1328//1328 1314//1314
f 1334//1334 1333//1333 1332//1332
f 1333//1333 1334//1334 1335//1335
f 1336//1336 1335//1335 1334//1334
f 1335//1335 1336//1336 1337//1337
f 1338//1338 1337//1337 1336//1336
f 1337//1337 1338//1338 1339//1339
f 1340//1340 1339//1339 1338//1338
f 1339//1339 1340//1340 1341//1341
f 1342//1342 1341//1341 1340//1340
f 1341//1341 1342//1342 1343//1343
f 1344//1344 1343//1343 1342//1342
f 1343//1343 1344//1344 1345//1345
f 1346//1346 1345//1345 1344//1344
f 1345//1345 1346//1346 1331//1331
f 1332//1332 1323//1323 1334//1334
f 1325//1325 1334//1334 1323//1323
f 1334//1334 1325//1325 1336//1336
f 1327//1327 1336//1336 1325//1325
f 1336//1336 1327//1327 1338//1338
f 1329//1329 1338//1338 1327//1327
f 1338//1338 1329//1329 1340//1340
f 1315//1315 1340//1340 1329//1329
f 1340//1340 1315//1315 1342//1342
f 1317//1317 1342//1342 1315//1315
f 1342//1342 1317//1317 1344//1344
f 1319//1319 1344//1344 1317//1317
f 1344//1344 1319//1319 1346//1346
f 1321//1321 1346//1346 1319//1319
f 1346//1346 1321//1321 1332//1332
f 1323//1323 1332//1332 1321//1321
f 1347//1347 1348//1348 1349//1349
f 1350//1350 1349//1349 1348//1348
f 1349//1349 1350//1350 1351//1351
f 1352//1352 1351//1351 1350//1350
f 1351//1351 1352//1352 1353//1353
f 1354//1354 1353//1353 1352//1352
f 1353//1353 1354//1354 1355//1355
f 1356//1356 1355//1355 1354//1354
f 1355//1355 1356//1356 1357//1357
f 1358//1358 1357//1357 1356//1356
f 1357//1357 1358//1358 1359//1359
f 1360//1360 1359//1359 1358//1358
f 1359//1359 1360//1360 1361//1361
f 1362//1362 1361//1361 1360//1360
f 1361//1361 1362//1362 1347//1347
f 1348//1348 1347//1347 1362//1362
f 1360//1360 1335//1335 1362//1362
f 1337//1337 1362//1362 1335//1335
f 1362//1362 1337//1337 1348//1348
f 1339//1339 1348//1348 1337//1337
f 1348//1348 1339//1339 1350//1350
f 1341//1341 1350//1350 1339//1339
f 1350//1350 1341//1341 1352//1352
f 1343//1343 1352//1352 1341//1341
f 1352//1352 1343//1343 1354//1354
f 1345//1345 1354//1354 1343//1343
f 1354//1354 1345//1345 1356//1356
f 1331//1331 1356//1356 1345//1345
f 1356//1356 1331//1331 1358//1358
f 1333//1333 1358//1358 1331//1331
f 1358//1358 1333//1333 1360//1360
f 1335//1335 1360//1360 1333//1333
f 1363//1363 1364//1364 1365//1365
f 1366//1366 1365//1365 1364//1364
f 1365//1365 1366//1366 1367//1367
f 1368//1368 1367//1367 1366//1366
f 1367//1367 1368//1368 1369//1369
f 1370//1370 1369//1369 1368//1368
f 1369//1369 1370//1370 1371//1371
f 1372//1372 1371//1371 1370//1370
f 1371//1371 1372//1372 1373//1373
f 1374//1374 1373//1373 1372//1372
f 1373//1373 1374//1374 1375//1375
f 1376//1376 1375//1375 1374//1374
f 1375//1375 1376//1376 1377//1377
f 1378//1378 1377//1377 1376//1376
f 1377//1377 1378//1378 1363//1363
f 1364//1364 1363//1363 1378//1378
f 1376//1376 1355//1355 1378//1378
f 1357//1357 1378//1378 1355//1355
f 1378//1378 1357//1357 1364//1364
f 1359//1359 1364//1364 1357//1357
f 1364//1364 1359//1359 1366//1366
f 1361//1361 1366//1366 1359//1359
f 1366//1366 1361//1361 1368//1368
f 1347//1347 1368//1368 1361//1361
f 1368//1368 1347//1347 1370//1370
f 1349//1349 1370//1370 1347//1347
f 1370//1370 1349//1349 1372//1372
f 1351//1351 1372//1372 1349//1349
f 1372//1372 1351//1351 1374//1374
f 1353//1353 1374//1374 1351//1351
f 1374//1374 1353//1353 1376//1376
f 1355//1355 1376//1376 1353//1353
f 1379//1379 1380//1380 1381//1381
f 1382//1382 1381//1381 1380//1380
f 1381//1381 1382//1382 1383//1383
f 1384//1384 1383//1383 1382//1382
f 1383//1383 1384//1384 1385//1385
f 1386//1386 1385//1385 1384//1384
f 1385//1385 1386//1386 1387//1387
f 1388//1388 1387//1387 1386//1386
f 1387//1387 1388//1388 1389//1389
f 1390//1390 1389//1389 1388//1388
f 1389//1389 1390//1390 1391//1391
f 1392//1392 1391//1391 1390//1390
f 1391//1391 1392//1392 1393//1393
f 1394//1394 1393//1393 1392//1392
f 1393//1393 1394//1394 1379//1379
f 1380//1380 1379//1379 1394//1394
f 1392//1392 1375//1375 1394//1394
f 1377//1377 1394//1394 1375//1375
f 1394//1394 1377//1377 1380//1380
f 1363//1363 1380//1380 1377//1377
f 1380//1380 1363//1363 1382//1382
f 1365//1365 1382//1382 1363//1363
f 1382//1382 1365//1365 1384//1384
f 1367//1367 1384//1384 1365//1365
f 1384//1384 1367//1367 1386//1386
f 1369//1369 1386//1386 1367//1367
f 1386//1386 1369//1369 1388//1388
f 1371//1371 1388//1388 1369//1369
f 1388//1388 1371//1371 1390//1390
f 1373//1373 1390//1390 1371//1371
f 1390//1390 1373//1373 1392//1392
f 1375//1375 1392//1392 1373//1373
f 1395//1395 1396//1396 1397//1397
f 1396//1396 1398//1398 1397//1397
f 1399//1399 1397//1397 1398//1398
f 1395//1395 1397//1397 1400//1400
f 1397//1397 1399//1399 1400//1400
f 1401//1401 1400//1400 1399//1399
f 1395//1395 1400//1400 1402//1402
f 1400//1400 1401//1401 1402//1402
f 1403//1403 1402//1402 1401//1401
f 1395//1395 1402//1402 1404//1404
f 1402//1402 1403//1403 1404//1404
f 1405//1405 1404//1404 1403//1403
f 1395//1395 1404//1404 1406//1406
f 1404//1404 1405//1405 1406//1406
f 1407//1407 1406//1406 1405//1405
f 1395//1395 1406//1406 1408//1408
f 1406//1406 1407//1407 1408//1408
f 1409//1409 1408//1408 1407//1407
f 1395//1395 1408//1408 1410//1410
f 1408//1408 1409//1409 1410//1410
f 1411//1411 1410//1410 1409//1409
f 1395//1395 1410//1410 1396//1396
f 1410//1410 1411//1411 1396//1396
f 1398//1398 1396//1396 1411//1411
f 1398//1398 1391//1391 1399//1399
f 1393//1393 1399//1399 1391//1391
f 1399//1399 1393//1393 1401//1401
f 1379//1379 1401//1401 1393//1393
f 1401//1401 1379//1379 1403//1403
f 1381//1381 1403//1403 1379//1379
f 1403//1403 1381//1381 1405//1405
f 1383//1383 1405//1405 1381//1381
f 1405//1405 1383//1383 1407//1407
f 1385//1385 1407//1407 1383//1383
f 1407//1407 1385//1385 1409//1409
f 1387//1387 1409//1409 1385//1385
f 1409//1409 1387//1387 1411//1411
f 1389//1389 1411//1411 1387//1387
f 1411//1411 1389//1389 1398//1398
f 1391//1391 1398//1398 1389//1389

