<?xml version="1.0" encoding="UTF-8"?>
<kml xmlns="http://earth.google.com/kml/2.1">
<Document>
  <name>Grotte du Jallier - Grotte Lafaille (38)</name>
  <open>0</open>
  <Style id = "VTStyle01">
    <PolyStyle>
      <color>ff000080</color>
    </PolyStyle>
    <LineStyle>
      <width>1</width>
      <color>ff000080</color>
    </LineStyle>
  </Style>
  <Style id = "VTStyle02">
    <PolyStyle>
      <color>ff0000ff</color>
    </PolyStyle>
    <LineStyle>
      <width>1</width>
      <color>ff0000ff</color>
    </LineStyle>
  </Style>
  <Style id = "VTStyle03">
    <PolyStyle>
      <color>ff00ffff</color>
    </PolyStyle>
    <LineStyle>
      <width>1</width>
      <color>ff00ffff</color>
    </LineStyle>
  </Style>
  <Style id = "VTStyle04">
    <PolyStyle>
      <color>ff008080</color>
    </PolyStyle>
    <LineStyle>
      <width>1</width>
      <color>ff008080</color>
    </LineStyle>
  </Style>
  <Style id = "VTStyle05">
    <PolyStyle>
      <color>ff00ff00</color>
    </PolyStyle>
    <LineStyle>
      <width>1</width>
      <color>ff00ff00</color>
    </LineStyle>
  </Style>
  <Style id = "VTStyle06">
    <PolyStyle>
      <color>ff008000</color>
    </PolyStyle>
    <LineStyle>
      <width>1</width>
      <color>ff008000</color>
    </LineStyle>
  </Style>
  <Style id = "VTStyle07">
    <PolyStyle>
      <color>ff808000</color>
    </PolyStyle>
    <LineStyle>
      <width>1</width>
      <color>ff808000</color>
    </LineStyle>
  </Style>
  <Style id = "VTStyle08">
    <PolyStyle>
      <color>ffffff00</color>
    </PolyStyle>
    <LineStyle>
      <width>1</width>
      <color>ffffff00</color>
    </LineStyle>
  </Style>
  <Style id = "VTStyle09">
    <PolyStyle>
      <color>ffff0000</color>
    </PolyStyle>
    <LineStyle>
      <width>1</width>
      <color>ffff0000</color>
    </LineStyle>
  </Style>
  <Style id = "VTStyle10">
    <PolyStyle>
      <color>ff800000</color>
    </PolyStyle>
    <LineStyle>
      <width>1</width>
      <color>ff800000</color>
    </LineStyle>
  </Style>
  <Style id = "VTStyle11">
    <PolyStyle>
      <color>ff800080</color>
    </PolyStyle>
    <LineStyle>
      <width>1</width>
      <color>ff800080</color>
    </LineStyle>
  </Style>
  <Style id = "VTStyle12">
    <PolyStyle>
      <color>ffff00ff</color>
    </PolyStyle>
    <LineStyle>
      <width>1</width>
      <color>ffff00ff</color>
    </LineStyle>
  </Style>
  <Placemark>
    <name>Grotte du Jallier - Grotte Lafaille (38)</name>
    <styleUrl>#VTStyle10</styleUrl>
    <MultiGeometry>
      <Polygon>
        <altitudeMode>clampToGround</altitudeMode>
        <extrude>1</extrude>
        <tessellate>1</tessellate>
        <outerBoundaryIs>
          <LinearRing>
            <coordinates>
              5.8157118,45.4228764
              5.8157073,45.4228765
              5.8157073,45.4228765
              5.8156569,45.4228777
              5.8157118,45.4228764
            </coordinates>
          </LinearRing>
        </outerBoundaryIs>
      </Polygon>
      <Polygon>
        <altitudeMode>clampToGround</altitudeMode>
        <extrude>1</extrude>
        <tessellate>1</tessellate>
        <outerBoundaryIs>
          <LinearRing>
            <coordinates>
              5.8157251,45.4228391
              5.8157118,45.4228764
              5.8156569,45.4228777
              5.8156614,45.4228406
              5.8157251,45.4228391
            </coordinates>
          </LinearRing>
        </outerBoundaryIs>
      </Polygon>
      <Polygon>
        <altitudeMode>clampToGround</altitudeMode>
        <extrude>1</extrude>
        <tessellate>1</tessellate>
        <outerBoundaryIs>
          <LinearRing>
            <coordinates>
              5.8156614,45.4228406
              5.8156814,45.4228083
              5.8157160,45.4228087
              5.8157251,45.4228391
              5.8156614,45.4228406
            </coordinates>
          </LinearRing>
        </outerBoundaryIs>
      </Polygon>
      <Polygon>
        <altitudeMode>clampToGround</altitudeMode>
        <extrude>1</extrude>
        <tessellate>1</tessellate>
        <outerBoundaryIs>
          <LinearRing>
            <coordinates>
              5.8156814,45.4228083
              5.8156868,45.4227618
              5.8157162,45.4227668
              5.8157160,45.4228087
              5.8156814,45.4228083
            </coordinates>
          </LinearRing>
        </outerBoundaryIs>
      </Polygon>
      <Polygon>
        <altitudeMode>clampToGround</altitudeMode>
        <extrude>1</extrude>
        <tessellate>1</tessellate>
        <outerBoundaryIs>
          <LinearRing>
            <coordinates>
              5.8156868,45.4227618
              5.8157089,45.4227022
              5.8157267,45.4227091
              5.8157162,45.4227668
              5.8156868,45.4227618
            </coordinates>
          </LinearRing>
        </outerBoundaryIs>
      </Polygon>
      <Polygon>
        <altitudeMode>clampToGround</altitudeMode>
        <extrude>1</extrude>
        <tessellate>1</tessellate>
        <outerBoundaryIs>
          <LinearRing>
            <coordinates>
              5.8157089,45.4227022
              5.8157088,45.4226940
              5.8157552,45.4226981
              5.8157267,45.4227091
              5.8157089,45.4227022
            </coordinates>
          </LinearRing>
        </outerBoundaryIs>
      </Polygon>
    </MultiGeometry>
  </Placemark>
  <Placemark>
    <name>Grotte du Jallier - Grotte Lafaille (38)</name>
    <styleUrl>#VTStyle11</styleUrl>
    <MultiGeometry>
      <Polygon>
        <altitudeMode>clampToGround</altitudeMode>
        <extrude>1</extrude>
        <tessellate>1</tessellate>
        <outerBoundaryIs>
          <LinearRing>
            <coordinates>
              5.8157088,45.4226940
              5.8156739,45.4226527
              5.8156850,45.4226450
              5.8157552,45.4226981
              5.8157088,45.4226940
            </coordinates>
          </LinearRing>
        </outerBoundaryIs>
      </Polygon>
      <Polygon>
        <altitudeMode>clampToGround</altitudeMode>
        <extrude>1</extrude>
        <tessellate>1</tessellate>
        <outerBoundaryIs>
          <LinearRing>
            <coordinates>
              5.8156739,45.4226527
              5.8156382,45.4226229
              5.8156591,45.4226146
              5.8156850,45.4226450
              5.8156739,45.4226527
            </coordinates>
          </LinearRing>
        </outerBoundaryIs>
      </Polygon>
      <Polygon>
        <altitudeMode>clampToGround</altitudeMode>
        <extrude>1</extrude>
        <tessellate>1</tessellate>
        <outerBoundaryIs>
          <LinearRing>
            <coordinates>
              5.8156382,45.4226229
              5.8156313,45.4225889
              5.8156450,45.4225866
              5.8156591,45.4226146
              5.8156382,45.4226229
            </coordinates>
          </LinearRing>
        </outerBoundaryIs>
      </Polygon>
      <Polygon>
        <altitudeMode>clampToGround</altitudeMode>
        <extrude>1</extrude>
        <tessellate>1</tessellate>
        <outerBoundaryIs>
          <LinearRing>
            <coordinates>
              5.8156313,45.4225889
              5.8156053,45.4225514
              5.8156339,45.4225503
              5.8156450,45.4225866
              5.8156313,45.4225889
            </coordinates>
          </LinearRing>
        </outerBoundaryIs>
      </Polygon>
      <Polygon>
        <altitudeMode>clampToGround</altitudeMode>
        <extrude>1</extrude>
        <tessellate>1</tessellate>
        <outerBoundaryIs>
          <LinearRing>
            <coordinates>
              5.8156053,45.4225514
              5.8156241,45.4225070
              5.8156452,45.4225082
              5.8156339,45.4225503
              5.8156053,45.4225514
            </coordinates>
          </LinearRing>
        </outerBoundaryIs>
      </Polygon>
      <Polygon>
        <altitudeMode>clampToGround</altitudeMode>
        <extrude>1</extrude>
        <tessellate>1</tessellate>
        <outerBoundaryIs>
          <LinearRing>
            <coordinates>
              5.8156241,45.4225070
              5.8156136,45.4224726
              5.8156293,45.4224636
              5.8156452,45.4225082
              5.8156241,45.4225070
            </coordinates>
          </LinearRing>
        </outerBoundaryIs>
      </Polygon>
      <Polygon>
        <altitudeMode>clampToGround</altitudeMode>
        <extrude>1</extrude>
        <tessellate>1</tessellate>
        <outerBoundaryIs>
          <LinearRing>
            <coordinates>
              5.8156136,45.4224726
              5.8155464,45.4224553
              5.8155583,45.4224432
              5.8156293,45.4224636
              5.8156136,45.4224726
            </coordinates>
          </LinearRing>
        </outerBoundaryIs>
      </Polygon>
      <Polygon>
        <altitudeMode>clampToGround</altitudeMode>
        <extrude>1</extrude>
        <tessellate>1</tessellate>
        <outerBoundaryIs>
          <LinearRing>
            <coordinates>
              5.8155464,45.4224553
              5.8155188,45.4224440
              5.8155354,45.4224170
              5.8155583,45.4224432
              5.8155464,45.4224553
            </coordinates>
          </LinearRing>
        </outerBoundaryIs>
      </Polygon>
      <Polygon>
        <altitudeMode>clampToGround</altitudeMode>
        <extrude>1</extrude>
        <tessellate>1</tessellate>
        <outerBoundaryIs>
          <LinearRing>
            <coordinates>
              5.8160480,45.4227642
              5.8159969,45.4228152
              5.8160728,45.4228076
              5.8160616,45.4228144
              5.8160480,45.4227642
            </coordinates>
          </LinearRing>
        </outerBoundaryIs>
      </Polygon>
      <Polygon>
        <altitudeMode>clampToGround</altitudeMode>
        <extrude>1</extrude>
        <tessellate>1</tessellate>
        <outerBoundaryIs>
          <LinearRing>
            <coordinates>
              5.8159969,45.4228152
              5.8160014,45.4227359
              5.8160463,45.4227398
              5.8160728,45.4228076
              5.8159969,45.4228152
            </coordinates>
          </LinearRing>
        </outerBoundaryIs>
      </Polygon>
      <Polygon>
        <altitudeMode>clampToGround</altitudeMode>
        <extrude>1</extrude>
        <tessellate>1</tessellate>
        <outerBoundaryIs>
          <LinearRing>
            <coordinates>
              5.8160014,45.4227359
              5.8160450,45.4227069
              5.8160919,45.4227121
              5.8160463,45.4227398
              5.8160014,45.4227359
            </coordinates>
          </LinearRing>
        </outerBoundaryIs>
      </Polygon>
      <Polygon>
        <altitudeMode>clampToGround</altitudeMode>
        <extrude>1</extrude>
        <tessellate>1</tessellate>
        <outerBoundaryIs>
          <LinearRing>
            <coordinates>
              5.8160450,45.4227069
              5.8160034,45.4226784
              5.8161219,45.4226809
              5.8160919,45.4227121
              5.8160450,45.4227069
            </coordinates>
          </LinearRing>
        </outerBoundaryIs>
      </Polygon>
      <Polygon>
        <altitudeMode>clampToGround</altitudeMode>
        <extrude>1</extrude>
        <tessellate>1</tessellate>
        <outerBoundaryIs>
          <LinearRing>
            <coordinates>
              5.8160034,45.4226784
              5.8160216,45.4226676
              5.8160883,45.4226328
              5.8161219,45.4226809
              5.8160034,45.4226784
            </coordinates>
          </LinearRing>
        </outerBoundaryIs>
      </Polygon>
      <Polygon>
        <altitudeMode>clampToGround</altitudeMode>
        <extrude>1</extrude>
        <tessellate>1</tessellate>
        <outerBoundaryIs>
          <LinearRing>
            <coordinates>
              5.8160216,45.4226676
              5.8159981,45.4226443
              5.8160438,45.4226329
              5.8160883,45.4226328
              5.8160216,45.4226676
            </coordinates>
          </LinearRing>
        </outerBoundaryIs>
      </Polygon>
      <Polygon>
        <altitudeMode>clampToGround</altitudeMode>
        <extrude>1</extrude>
        <tessellate>1</tessellate>
        <outerBoundaryIs>
          <LinearRing>
            <coordinates>
              5.8155188,45.4224440
              5.8154956,45.4224390
              5.8154950,45.4224267
              5.8155354,45.4224170
              5.8155188,45.4224440
            </coordinates>
          </LinearRing>
        </outerBoundaryIs>
      </Polygon>
      <Polygon>
        <altitudeMode>clampToGround</altitudeMode>
        <extrude>1</extrude>
        <tessellate>1</tessellate>
        <outerBoundaryIs>
          <LinearRing>
            <coordinates>
              5.8154956,45.4224390
              5.8154586,45.4224485
              5.8154322,45.4224191
              5.8154950,45.4224267
              5.8154956,45.4224390
            </coordinates>
          </LinearRing>
        </outerBoundaryIs>
      </Polygon>
      <Polygon>
        <altitudeMode>clampToGround</altitudeMode>
        <extrude>1</extrude>
        <tessellate>1</tessellate>
        <outerBoundaryIs>
          <LinearRing>
            <coordinates>
              5.8154586,45.4224485
              5.8154169,45.4224779
              5.8153906,45.4224620
              5.8154322,45.4224191
              5.8154586,45.4224485
            </coordinates>
          </LinearRing>
        </outerBoundaryIs>
      </Polygon>
      <Polygon>
        <altitudeMode>clampToGround</altitudeMode>
        <extrude>1</extrude>
        <tessellate>1</tessellate>
        <outerBoundaryIs>
          <LinearRing>
            <coordinates>
              5.8154169,45.4224779
              5.8153801,45.4224955
              5.8154007,45.4224766
              5.8153906,45.4224620
              5.8154169,45.4224779
            </coordinates>
          </LinearRing>
        </outerBoundaryIs>
      </Polygon>
      <Polygon>
        <altitudeMode>clampToGround</altitudeMode>
        <extrude>1</extrude>
        <tessellate>1</tessellate>
        <outerBoundaryIs>
          <LinearRing>
            <coordinates>
              5.8153801,45.4224955
              5.8154095,45.4223935
              5.8154382,45.4223992
              5.8154007,45.4224766
              5.8153801,45.4224955
            </coordinates>
          </LinearRing>
        </outerBoundaryIs>
      </Polygon>
      <Polygon>
        <altitudeMode>clampToGround</altitudeMode>
        <extrude>1</extrude>
        <tessellate>1</tessellate>
        <outerBoundaryIs>
          <LinearRing>
            <coordinates>
              5.8154095,45.4223935
              5.8154247,45.4223966
              5.8154247,45.4223966
              5.8154382,45.4223992
              5.8154095,45.4223935
            </coordinates>
          </LinearRing>
        </outerBoundaryIs>
      </Polygon>
      <Polygon>
        <altitudeMode>clampToGround</altitudeMode>
        <extrude>1</extrude>
        <tessellate>1</tessellate>
        <outerBoundaryIs>
          <LinearRing>
            <coordinates>
              5.8154007,45.4224766
              5.8153909,45.4225589
              5.8153818,45.4225587
              5.8153801,45.4224955
              5.8154007,45.4224766
            </coordinates>
          </LinearRing>
        </outerBoundaryIs>
      </Polygon>
      <Polygon>
        <altitudeMode>clampToGround</altitudeMode>
        <extrude>1</extrude>
        <tessellate>1</tessellate>
        <outerBoundaryIs>
          <LinearRing>
            <coordinates>
              5.8153909,45.4225589
              5.8153851,45.4226383
              5.8153569,45.4226349
              5.8153818,45.4225587
              5.8153909,45.4225589
            </coordinates>
          </LinearRing>
        </outerBoundaryIs>
      </Polygon>
      <Polygon>
        <altitudeMode>clampToGround</altitudeMode>
        <extrude>1</extrude>
        <tessellate>1</tessellate>
        <outerBoundaryIs>
          <LinearRing>
            <coordinates>
              5.8153851,45.4226383
              5.8153834,45.4226764
              5.8153569,45.4226760
              5.8153569,45.4226349
              5.8153851,45.4226383
            </coordinates>
          </LinearRing>
        </outerBoundaryIs>
      </Polygon>
      <Polygon>
        <altitudeMode>clampToGround</altitudeMode>
        <extrude>1</extrude>
        <tessellate>1</tessellate>
        <outerBoundaryIs>
          <LinearRing>
            <coordinates>
              5.8153834,45.4226764
              5.8153984,45.4227410
              5.8153748,45.4227420
              5.8153569,45.4226760
              5.8153834,45.4226764
            </coordinates>
          </LinearRing>
        </outerBoundaryIs>
      </Polygon>
      <Polygon>
        <altitudeMode>clampToGround</altitudeMode>
        <extrude>1</extrude>
        <tessellate>1</tessellate>
        <outerBoundaryIs>
          <LinearRing>
            <coordinates>
              5.8153984,45.4227410
              5.8153852,45.4227974
              5.8153698,45.4227972
              5.8153748,45.4227420
              5.8153984,45.4227410
            </coordinates>
          </LinearRing>
        </outerBoundaryIs>
      </Polygon>
      <Polygon>
        <altitudeMode>clampToGround</altitudeMode>
        <extrude>1</extrude>
        <tessellate>1</tessellate>
        <outerBoundaryIs>
          <LinearRing>
            <coordinates>
              5.8153852,45.4227974
              5.8153924,45.4228319
              5.8153725,45.4228319
              5.8153698,45.4227972
              5.8153852,45.4227974
            </coordinates>
          </LinearRing>
        </outerBoundaryIs>
      </Polygon>
      <Polygon>
        <altitudeMode>clampToGround</altitudeMode>
        <extrude>1</extrude>
        <tessellate>1</tessellate>
        <outerBoundaryIs>
          <LinearRing>
            <coordinates>
              5.8153924,45.4228319
              5.8153824,45.4229013
              5.8153707,45.4229009
              5.8153725,45.4228319
              5.8153924,45.4228319
            </coordinates>
          </LinearRing>
        </outerBoundaryIs>
      </Polygon>
      <Polygon>
        <altitudeMode>clampToGround</altitudeMode>
        <extrude>1</extrude>
        <tessellate>1</tessellate>
        <outerBoundaryIs>
          <LinearRing>
            <coordinates>
              5.8153824,45.4229013
              5.8153846,45.4229445
              5.8153668,45.4229433
              5.8153707,45.4229009
              5.8153824,45.4229013
            </coordinates>
          </LinearRing>
        </outerBoundaryIs>
      </Polygon>
      <Polygon>
        <altitudeMode>clampToGround</altitudeMode>
        <extrude>1</extrude>
        <tessellate>1</tessellate>
        <outerBoundaryIs>
          <LinearRing>
            <coordinates>
              5.8153846,45.4229445
              5.8153779,45.4229627
              5.8153335,45.4229786
              5.8153668,45.4229433
              5.8153846,45.4229445
            </coordinates>
          </LinearRing>
        </outerBoundaryIs>
      </Polygon>
    </MultiGeometry>
  </Placemark>
  <Placemark>
    <name>Grotte du Jallier - Grotte Lafaille (38)</name>
    <styleUrl>#VTStyle12</styleUrl>
    <MultiGeometry>
      <Polygon>
        <altitudeMode>clampToGround</altitudeMode>
        <extrude>1</extrude>
        <tessellate>1</tessellate>
        <outerBoundaryIs>
          <LinearRing>
            <coordinates>
              5.8153779,45.4229627
              5.8154068,45.4229754
              5.8153807,45.4230114
              5.8153335,45.4229786
              5.8153779,45.4229627
            </coordinates>
          </LinearRing>
        </outerBoundaryIs>
      </Polygon>
      <Polygon>
        <altitudeMode>clampToGround</altitudeMode>
        <extrude>1</extrude>
        <tessellate>1</tessellate>
        <outerBoundaryIs>
          <LinearRing>
            <coordinates>
              5.8154068,45.4229754
              5.8154039,45.4229794
              5.8154039,45.4229794
              5.8153807,45.4230114
              5.8154068,45.4229754
            </coordinates>
          </LinearRing>
        </outerBoundaryIs>
      </Polygon>
    </MultiGeometry>
  </Placemark>
  <Placemark>
    <name>Grotte du Jallier - Grotte Lafaille (38)</name>
    <styleUrl>#VTStyle11</styleUrl>
    <MultiGeometry>
      <Polygon>
        <altitudeMode>clampToGround</altitudeMode>
        <extrude>1</extrude>
        <tessellate>1</tessellate>
        <outerBoundaryIs>
          <LinearRing>
            <coordinates>
              5.8154322,45.4224191
              5.8154132,45.4223904
              5.8154536,45.4223928
              5.8154586,45.4224485
              5.8154322,45.4224191
            </coordinates>
          </LinearRing>
        </outerBoundaryIs>
      </Polygon>
      <Polygon>
        <altitudeMode>clampToGround</altitudeMode>
        <extrude>1</extrude>
        <tessellate>1</tessellate>
        <outerBoundaryIs>
          <LinearRing>
            <coordinates>
              5.8154132,45.4223904
              5.8154389,45.4223432
              5.8154578,45.4223467
              5.8154536,45.4223928
              5.8154132,45.4223904
            </coordinates>
          </LinearRing>
        </outerBoundaryIs>
      </Polygon>
      <Polygon>
        <altitudeMode>clampToGround</altitudeMode>
        <extrude>1</extrude>
        <tessellate>1</tessellate>
        <outerBoundaryIs>
          <LinearRing>
            <coordinates>
              5.8154389,45.4223432
              5.8154542,45.4223012
              5.8154809,45.4222990
              5.8154578,45.4223467
              5.8154389,45.4223432
            </coordinates>
          </LinearRing>
        </outerBoundaryIs>
      </Polygon>
      <Polygon>
        <altitudeMode>clampToGround</altitudeMode>
        <extrude>1</extrude>
        <tessellate>1</tessellate>
        <outerBoundaryIs>
          <LinearRing>
            <coordinates>
              5.8154542,45.4223012
              5.8154237,45.4222454
              5.8154366,45.4222461
              5.8154809,45.4222990
              5.8154542,45.4223012
            </coordinates>
          </LinearRing>
        </outerBoundaryIs>
      </Polygon>
      <Polygon>
        <altitudeMode>clampToGround</altitudeMode>
        <extrude>1</extrude>
        <tessellate>1</tessellate>
        <outerBoundaryIs>
          <LinearRing>
            <coordinates>
              5.8154237,45.4222454
              5.8154748,45.4221862
              5.8154888,45.4221892
              5.8154366,45.4222461
              5.8154237,45.4222454
            </coordinates>
          </LinearRing>
        </outerBoundaryIs>
      </Polygon>
      <Polygon>
        <altitudeMode>clampToGround</altitudeMode>
        <extrude>1</extrude>
        <tessellate>1</tessellate>
        <outerBoundaryIs>
          <LinearRing>
            <coordinates>
              5.8154748,45.4221862
              5.8154841,45.4221477
              5.8154913,45.4221488
              5.8154888,45.4221892
              5.8154748,45.4221862
            </coordinates>
          </LinearRing>
        </outerBoundaryIs>
      </Polygon>
      <Polygon>
        <altitudeMode>clampToGround</altitudeMode>
        <extrude>1</extrude>
        <tessellate>1</tessellate>
        <outerBoundaryIs>
          <LinearRing>
            <coordinates>
              5.8154841,45.4221477
              5.8155134,45.4220982
              5.8155184,45.4220996
              5.8154913,45.4221488
              5.8154841,45.4221477
            </coordinates>
          </LinearRing>
        </outerBoundaryIs>
      </Polygon>
      <Polygon>
        <altitudeMode>clampToGround</altitudeMode>
        <extrude>1</extrude>
        <tessellate>1</tessellate>
        <outerBoundaryIs>
          <LinearRing>
            <coordinates>
              5.8155134,45.4220982
              5.8155158,45.4220989
              5.8155158,45.4220989
              5.8155184,45.4220996
              5.8155134,45.4220982
            </coordinates>
          </LinearRing>
        </outerBoundaryIs>
      </Polygon>
      <Polygon>
        <altitudeMode>clampToGround</altitudeMode>
        <extrude>1</extrude>
        <tessellate>1</tessellate>
        <outerBoundaryIs>
          <LinearRing>
            <coordinates>
              5.8154132,45.4223904
              5.8154166,45.4223871
              5.8154583,45.4223713
              5.8154536,45.4223928
              5.8154132,45.4223904
            </coordinates>
          </LinearRing>
        </outerBoundaryIs>
      </Polygon>
      <Polygon>
        <altitudeMode>clampToGround</altitudeMode>
        <extrude>1</extrude>
        <tessellate>1</tessellate>
        <outerBoundaryIs>
          <LinearRing>
            <coordinates>
              5.8154166,45.4223871
              5.8153384,45.4223463
              5.8153446,45.4223408
              5.8154583,45.4223713
              5.8154166,45.4223871
            </coordinates>
          </LinearRing>
        </outerBoundaryIs>
      </Polygon>
      <Polygon>
        <altitudeMode>clampToGround</altitudeMode>
        <extrude>1</extrude>
        <tessellate>1</tessellate>
        <outerBoundaryIs>
          <LinearRing>
            <coordinates>
              5.8153384,45.4223463
              5.8152843,45.4223097
              5.8153009,45.4223047
              5.8153446,45.4223408
              5.8153384,45.4223463
            </coordinates>
          </LinearRing>
        </outerBoundaryIs>
      </Polygon>
    </MultiGeometry>
  </Placemark>
  <Placemark>
    <name>Grotte du Jallier - Grotte Lafaille (38)</name>
    <styleUrl>#VTStyle10</styleUrl>
    <MultiGeometry>
      <Polygon>
        <altitudeMode>clampToGround</altitudeMode>
        <extrude>1</extrude>
        <tessellate>1</tessellate>
        <outerBoundaryIs>
          <LinearRing>
            <coordinates>
              5.8152843,45.4223097
              5.8152704,45.4222129
              5.8152829,45.4222124
              5.8153009,45.4223047
              5.8152843,45.4223097
            </coordinates>
          </LinearRing>
        </outerBoundaryIs>
      </Polygon>
      <Polygon>
        <altitudeMode>clampToGround</altitudeMode>
        <extrude>1</extrude>
        <tessellate>1</tessellate>
        <outerBoundaryIs>
          <LinearRing>
            <coordinates>
              5.8152704,45.4222129
              5.8152755,45.4221479
              5.8152821,45.4221457
              5.8152829,45.4222124
              5.8152704,45.4222129
            </coordinates>
          </LinearRing>
        </outerBoundaryIs>
      </Polygon>
      <Polygon>
        <altitudeMode>clampToGround</altitudeMode>
        <extrude>1</extrude>
        <tessellate>1</tessellate>
        <outerBoundaryIs>
          <LinearRing>
            <coordinates>
              5.8152755,45.4221479
              5.8152401,45.4221282
              5.8152467,45.4221192
              5.8152821,45.4221457
              5.8152755,45.4221479
            </coordinates>
          </LinearRing>
        </outerBoundaryIs>
      </Polygon>
      <Polygon>
        <altitudeMode>clampToGround</altitudeMode>
        <extrude>1</extrude>
        <tessellate>1</tessellate>
        <outerBoundaryIs>
          <LinearRing>
            <coordinates>
              5.8152401,45.4221282
              5.8151904,45.4221209
              5.8151711,45.4221117
              5.8152467,45.4221192
              5.8152401,45.4221282
            </coordinates>
          </LinearRing>
        </outerBoundaryIs>
      </Polygon>
      <Polygon>
        <altitudeMode>clampToGround</altitudeMode>
        <extrude>1</extrude>
        <tessellate>1</tessellate>
        <outerBoundaryIs>
          <LinearRing>
            <coordinates>
              5.8151904,45.4221209
              5.8152010,45.4221338
              5.8151863,45.4221374
              5.8151711,45.4221117
              5.8151904,45.4221209
            </coordinates>
          </LinearRing>
        </outerBoundaryIs>
      </Polygon>
      <Polygon>
        <altitudeMode>clampToGround</altitudeMode>
        <extrude>1</extrude>
        <tessellate>1</tessellate>
        <outerBoundaryIs>
          <LinearRing>
            <coordinates>
              5.8152010,45.4221338
              5.8152154,45.4221809
              5.8151930,45.4221819
              5.8151863,45.4221374
              5.8152010,45.4221338
            </coordinates>
          </LinearRing>
        </outerBoundaryIs>
      </Polygon>
      <Polygon>
        <altitudeMode>clampToGround</altitudeMode>
        <extrude>1</extrude>
        <tessellate>1</tessellate>
        <outerBoundaryIs>
          <LinearRing>
            <coordinates>
              5.8152154,45.4221809
              5.8152112,45.4222082
              5.8151881,45.4222034
              5.8151930,45.4221819
              5.8152154,45.4221809
            </coordinates>
          </LinearRing>
        </outerBoundaryIs>
      </Polygon>
    </MultiGeometry>
  </Placemark>
  <Placemark>
    <name>Grotte du Jallier - Grotte Lafaille (38)</name>
    <styleUrl>#VTStyle09</styleUrl>
    <MultiGeometry>
      <Polygon>
        <altitudeMode>clampToGround</altitudeMode>
        <extrude>1</extrude>
        <tessellate>1</tessellate>
        <outerBoundaryIs>
          <LinearRing>
            <coordinates>
              5.8152112,45.4222082
              5.8151495,45.4222594
              5.8151444,45.4222566
              5.8151881,45.4222034
              5.8152112,45.4222082
            </coordinates>
          </LinearRing>
        </outerBoundaryIs>
      </Polygon>
      <Polygon>
        <altitudeMode>clampToGround</altitudeMode>
        <extrude>1</extrude>
        <tessellate>1</tessellate>
        <outerBoundaryIs>
          <LinearRing>
            <coordinates>
              5.8151495,45.4222594
              5.8151469,45.4222579
              5.8151469,45.4222579
              5.8151444,45.4222566
              5.8151495,45.4222594
            </coordinates>
          </LinearRing>
        </outerBoundaryIs>
      </Polygon>
    </MultiGeometry>
  </Placemark>
  <Placemark>
    <name>Grotte du Jallier - Grotte Lafaille (38)</name>
    <styleUrl>#VTStyle10</styleUrl>
    <MultiGeometry>
      <Polygon>
        <altitudeMode>clampToGround</altitudeMode>
        <extrude>1</extrude>
        <tessellate>1</tessellate>
        <outerBoundaryIs>
          <LinearRing>
            <coordinates>
              5.8151711,45.4221117
              5.8151474,45.4220779
              5.8151754,45.4220737
              5.8151904,45.4221209
              5.8151711,45.4221117
            </coordinates>
          </LinearRing>
        </outerBoundaryIs>
      </Polygon>
    </MultiGeometry>
  </Placemark>
  <Placemark>
    <name>Grotte du Jallier - Grotte Lafaille (38)</name>
    <styleUrl>#VTStyle09</styleUrl>
    <MultiGeometry>
      <Polygon>
        <altitudeMode>clampToGround</altitudeMode>
        <extrude>1</extrude>
        <tessellate>1</tessellate>
        <outerBoundaryIs>
          <LinearRing>
            <coordinates>
              5.8151474,45.4220779
              5.8151323,45.4220112
              5.8151460,45.4220092
              5.8151754,45.4220737
              5.8151474,45.4220779
            </coordinates>
          </LinearRing>
        </outerBoundaryIs>
      </Polygon>
      <Polygon>
        <altitudeMode>clampToGround</altitudeMode>
        <extrude>1</extrude>
        <tessellate>1</tessellate>
        <outerBoundaryIs>
          <LinearRing>
            <coordinates>
              5.8151323,45.4220112
              5.8151255,45.4219791
              5.8151376,45.4219774
              5.8151460,45.4220092
              5.8151323,45.4220112
            </coordinates>
          </LinearRing>
        </outerBoundaryIs>
      </Polygon>
      <Polygon>
        <altitudeMode>clampToGround</altitudeMode>
        <extrude>1</extrude>
        <tessellate>1</tessellate>
        <outerBoundaryIs>
          <LinearRing>
            <coordinates>
              5.8151255,45.4219791
              5.8151044,45.4219268
              5.8151202,45.4219255
              5.8151376,45.4219774
              5.8151255,45.4219791
            </coordinates>
          </LinearRing>
        </outerBoundaryIs>
      </Polygon>
      <Polygon>
        <altitudeMode>clampToGround</altitudeMode>
        <extrude>1</extrude>
        <tessellate>1</tessellate>
        <outerBoundaryIs>
          <LinearRing>
            <coordinates>
              5.8151044,45.4219268
              5.8151008,45.4218998
              5.8151389,45.4218470
              5.8151202,45.4219255
              5.8151044,45.4219268
            </coordinates>
          </LinearRing>
        </outerBoundaryIs>
      </Polygon>
      <Polygon>
        <altitudeMode>clampToGround</altitudeMode>
        <extrude>1</extrude>
        <tessellate>1</tessellate>
        <outerBoundaryIs>
          <LinearRing>
            <coordinates>
              5.8151008,45.4218998
              5.8150757,45.4219079
              5.8150776,45.4218889
              5.8151389,45.4218470
              5.8151008,45.4218998
            </coordinates>
          </LinearRing>
        </outerBoundaryIs>
      </Polygon>
      <Polygon>
        <altitudeMode>clampToGround</altitudeMode>
        <extrude>1</extrude>
        <tessellate>1</tessellate>
        <outerBoundaryIs>
          <LinearRing>
            <coordinates>
              5.8150757,45.4219079
              5.8150477,45.4219131
              5.8150607,45.4218827
              5.8150776,45.4218889
              5.8150757,45.4219079
            </coordinates>
          </LinearRing>
        </outerBoundaryIs>
      </Polygon>
      <Polygon>
        <altitudeMode>clampToGround</altitudeMode>
        <extrude>1</extrude>
        <tessellate>1</tessellate>
        <outerBoundaryIs>
          <LinearRing>
            <coordinates>
              5.8150477,45.4219131
              5.8150319,45.4218941
              5.8150329,45.4218848
              5.8150607,45.4218827
              5.8150477,45.4219131
            </coordinates>
          </LinearRing>
        </outerBoundaryIs>
      </Polygon>
      <Polygon>
        <altitudeMode>clampToGround</altitudeMode>
        <extrude>1</extrude>
        <tessellate>1</tessellate>
        <outerBoundaryIs>
          <LinearRing>
            <coordinates>
              5.8150319,45.4218941
              5.8149947,45.4218983
              5.8150053,45.4218810
              5.8150329,45.4218848
              5.8150319,45.4218941
            </coordinates>
          </LinearRing>
        </outerBoundaryIs>
      </Polygon>
      <Polygon>
        <altitudeMode>clampToGround</altitudeMode>
        <extrude>1</extrude>
        <tessellate>1</tessellate>
        <outerBoundaryIs>
          <LinearRing>
            <coordinates>
              5.8149947,45.4218983
              5.8150038,45.4218834
              5.8150038,45.4218834
              5.8150053,45.4218810
              5.8149947,45.4218983
            </coordinates>
          </LinearRing>
        </outerBoundaryIs>
      </Polygon>
      <Polygon>
        <altitudeMode>clampToGround</altitudeMode>
        <extrude>1</extrude>
        <tessellate>1</tessellate>
        <outerBoundaryIs>
          <LinearRing>
            <coordinates>
              5.8151389,45.4218470
              5.8151708,45.4218278
              5.8151924,45.4219103
              5.8151008,45.4218998
              5.8151389,45.4218470
            </coordinates>
          </LinearRing>
        </outerBoundaryIs>
      </Polygon>
    </MultiGeometry>
  </Placemark>
  <Placemark>
    <name>Grotte du Jallier - Grotte Lafaille (38)</name>
    <styleUrl>#VTStyle10</styleUrl>
    <MultiGeometry>
      <Polygon>
        <altitudeMode>clampToGround</altitudeMode>
        <extrude>1</extrude>
        <tessellate>1</tessellate>
        <outerBoundaryIs>
          <LinearRing>
            <coordinates>
              5.8151708,45.4218278
              5.8152546,45.4218135
              5.8152166,45.4219125
              5.8151924,45.4219103
              5.8151708,45.4218278
            </coordinates>
          </LinearRing>
        </outerBoundaryIs>
      </Polygon>
      <Polygon>
        <altitudeMode>clampToGround</altitudeMode>
        <extrude>1</extrude>
        <tessellate>1</tessellate>
        <outerBoundaryIs>
          <LinearRing>
            <coordinates>
              5.8152546,45.4218135
              5.8153283,45.4218781
              5.8152960,45.4219084
              5.8152166,45.4219125
              5.8152546,45.4218135
            </coordinates>
          </LinearRing>
        </outerBoundaryIs>
      </Polygon>
    </MultiGeometry>
  </Placemark>
  <Placemark>
    <name>Grotte du Jallier - Grotte Lafaille (38)</name>
    <styleUrl>#VTStyle11</styleUrl>
    <MultiGeometry>
      <Polygon>
        <altitudeMode>clampToGround</altitudeMode>
        <extrude>1</extrude>
        <tessellate>1</tessellate>
        <outerBoundaryIs>
          <LinearRing>
            <coordinates>
              5.8153283,45.4218781
              5.8153825,45.4219018
              5.8153310,45.4219417
              5.8152960,45.4219084
              5.8153283,45.4218781
            </coordinates>
          </LinearRing>
        </outerBoundaryIs>
      </Polygon>
      <Polygon>
        <altitudeMode>clampToGround</altitudeMode>
        <extrude>1</extrude>
        <tessellate>1</tessellate>
        <outerBoundaryIs>
          <LinearRing>
            <coordinates>
              5.8153825,45.4219018
              5.8153568,45.4219218
              5.8153568,45.4219218
              5.8153310,45.4219417
              5.8153825,45.4219018
            </coordinates>
          </LinearRing>
        </outerBoundaryIs>
      </Polygon>
    </MultiGeometry>
  </Placemark>
  <Placemark>
    <name>Grotte du Jallier - Grotte Lafaille (38)</name>
    <styleUrl>#VTStyle10</styleUrl>
    <MultiGeometry>
      <Polygon>
        <altitudeMode>clampToGround</altitudeMode>
        <extrude>1</extrude>
        <tessellate>1</tessellate>
        <outerBoundaryIs>
          <LinearRing>
            <coordinates>
              5.8152546,45.4218135
              5.8152447,45.4217904
              5.8152649,45.4217885
              5.8152166,45.4219125
              5.8152546,45.4218135
            </coordinates>
          </LinearRing>
        </outerBoundaryIs>
      </Polygon>
      <Polygon>
        <altitudeMode>clampToGround</altitudeMode>
        <extrude>1</extrude>
        <tessellate>1</tessellate>
        <outerBoundaryIs>
          <LinearRing>
            <coordinates>
              5.8152447,45.4217904
              5.8152156,45.4217445
              5.8152517,45.4217726
              5.8152649,45.4217885
              5.8152447,45.4217904
            </coordinates>
          </LinearRing>
        </outerBoundaryIs>
      </Polygon>
      <Polygon>
        <altitudeMode>clampToGround</altitudeMode>
        <extrude>1</extrude>
        <tessellate>1</tessellate>
        <outerBoundaryIs>
          <LinearRing>
            <coordinates>
              5.8152156,45.4217445
              5.8152977,45.4217722
              5.8152698,45.4217854
              5.8152517,45.4217726
              5.8152156,45.4217445
            </coordinates>
          </LinearRing>
        </outerBoundaryIs>
      </Polygon>
    </MultiGeometry>
  </Placemark>
  <Placemark>
    <name>Grotte du Jallier - Grotte Lafaille (38)</name>
    <styleUrl>#VTStyle09</styleUrl>
    <MultiGeometry>
      <Polygon>
        <altitudeMode>clampToGround</altitudeMode>
        <extrude>1</extrude>
        <tessellate>1</tessellate>
        <outerBoundaryIs>
          <LinearRing>
            <coordinates>
              5.8152977,45.4217722
              5.8153075,45.4218365
              5.8152823,45.4218393
              5.8152698,45.4217854
              5.8152977,45.4217722
            </coordinates>
          </LinearRing>
        </outerBoundaryIs>
      </Polygon>
      <Polygon>
        <altitudeMode>clampToGround</altitudeMode>
        <extrude>1</extrude>
        <tessellate>1</tessellate>
        <outerBoundaryIs>
          <LinearRing>
            <coordinates>
              5.8153075,45.4218365
              5.8152949,45.4218379
              5.8152949,45.4218379
              5.8152823,45.4218393
              5.8153075,45.4218365
            </coordinates>
          </LinearRing>
        </outerBoundaryIs>
      </Polygon>
      <Polygon>
        <altitudeMode>clampToGround</altitudeMode>
        <extrude>1</extrude>
        <tessellate>1</tessellate>
        <outerBoundaryIs>
          <LinearRing>
            <coordinates>
              5.8152156,45.4217445
              5.8152976,45.4217659
              5.8153138,45.4217942
              5.8152517,45.4217726
              5.8152156,45.4217445
            </coordinates>
          </LinearRing>
        </outerBoundaryIs>
      </Polygon>
      <Polygon>
        <altitudeMode>clampToGround</altitudeMode>
        <extrude>1</extrude>
        <tessellate>1</tessellate>
        <outerBoundaryIs>
          <LinearRing>
            <coordinates>
              5.8152976,45.4217659
              5.8153038,45.4217537
              5.8153198,45.4217541
              5.8153138,45.4217942
              5.8152976,45.4217659
            </coordinates>
          </LinearRing>
        </outerBoundaryIs>
      </Polygon>
      <Polygon>
        <altitudeMode>clampToGround</altitudeMode>
        <extrude>1</extrude>
        <tessellate>1</tessellate>
        <outerBoundaryIs>
          <LinearRing>
            <coordinates>
              5.8153038,45.4217537
              5.8152821,45.4217134
              5.8152910,45.4217180
              5.8153198,45.4217541
              5.8153038,45.4217537
            </coordinates>
          </LinearRing>
        </outerBoundaryIs>
      </Polygon>
      <Polygon>
        <altitudeMode>clampToGround</altitudeMode>
        <extrude>1</extrude>
        <tessellate>1</tessellate>
        <outerBoundaryIs>
          <LinearRing>
            <coordinates>
              5.8152821,45.4217134
              5.8153276,45.4217191
              5.8153244,45.4217302
              5.8152910,45.4217180
              5.8152821,45.4217134
            </coordinates>
          </LinearRing>
        </outerBoundaryIs>
      </Polygon>
      <Polygon>
        <altitudeMode>clampToGround</altitudeMode>
        <extrude>1</extrude>
        <tessellate>1</tessellate>
        <outerBoundaryIs>
          <LinearRing>
            <coordinates>
              5.8153276,45.4217191
              5.8154341,45.4217307
              5.8154301,45.4217385
              5.8153244,45.4217302
              5.8153276,45.4217191
            </coordinates>
          </LinearRing>
        </outerBoundaryIs>
      </Polygon>
      <Polygon>
        <altitudeMode>clampToGround</altitudeMode>
        <extrude>1</extrude>
        <tessellate>1</tessellate>
        <outerBoundaryIs>
          <LinearRing>
            <coordinates>
              5.8154341,45.4217307
              5.8154698,45.4217395
              5.8154675,45.4217553
              5.8154301,45.4217385
              5.8154341,45.4217307
            </coordinates>
          </LinearRing>
        </outerBoundaryIs>
      </Polygon>
    </MultiGeometry>
  </Placemark>
  <Placemark>
    <name>Grotte du Jallier - Grotte Lafaille (38)</name>
    <styleUrl>#VTStyle10</styleUrl>
    <MultiGeometry>
      <Polygon>
        <altitudeMode>clampToGround</altitudeMode>
        <extrude>1</extrude>
        <tessellate>1</tessellate>
        <outerBoundaryIs>
          <LinearRing>
            <coordinates>
              5.8154698,45.4217395
              5.8155147,45.4217346
              5.8155145,45.4217486
              5.8154675,45.4217553
              5.8154698,45.4217395
            </coordinates>
          </LinearRing>
        </outerBoundaryIs>
      </Polygon>
      <Polygon>
        <altitudeMode>clampToGround</altitudeMode>
        <extrude>1</extrude>
        <tessellate>1</tessellate>
        <outerBoundaryIs>
          <LinearRing>
            <coordinates>
              5.8155147,45.4217346
              5.8156024,45.4217504
              5.8156015,45.4217629
              5.8155145,45.4217486
              5.8155147,45.4217346
            </coordinates>
          </LinearRing>
        </outerBoundaryIs>
      </Polygon>
    </MultiGeometry>
  </Placemark>
  <Placemark>
    <name>Grotte du Jallier - Grotte Lafaille (38)</name>
    <styleUrl>#VTStyle11</styleUrl>
    <MultiGeometry>
      <Polygon>
        <altitudeMode>clampToGround</altitudeMode>
        <extrude>1</extrude>
        <tessellate>1</tessellate>
        <outerBoundaryIs>
          <LinearRing>
            <coordinates>
              5.8156024,45.4217504
              5.8157089,45.4217414
              5.8157061,45.4217551
              5.8156015,45.4217629
              5.8156024,45.4217504
            </coordinates>
          </LinearRing>
        </outerBoundaryIs>
      </Polygon>
      <Polygon>
        <altitudeMode>clampToGround</altitudeMode>
        <extrude>1</extrude>
        <tessellate>1</tessellate>
        <outerBoundaryIs>
          <LinearRing>
            <coordinates>
              5.8157089,45.4217414
              5.8157538,45.4217508
              5.8157411,45.4217786
              5.8157061,45.4217551
              5.8157089,45.4217414
            </coordinates>
          </LinearRing>
        </outerBoundaryIs>
      </Polygon>
      <Polygon>
        <altitudeMode>clampToGround</altitudeMode>
        <extrude>1</extrude>
        <tessellate>1</tessellate>
        <outerBoundaryIs>
          <LinearRing>
            <coordinates>
              5.8157538,45.4217508
              5.8158063,45.4217634
              5.8158128,45.4217697
              5.8157411,45.4217786
              5.8157538,45.4217508
            </coordinates>
          </LinearRing>
        </outerBoundaryIs>
      </Polygon>
      <Polygon>
        <altitudeMode>clampToGround</altitudeMode>
        <extrude>1</extrude>
        <tessellate>1</tessellate>
        <outerBoundaryIs>
          <LinearRing>
            <coordinates>
              5.8158063,45.4217634
              5.8158155,45.4216946
              5.8158331,45.4216996
              5.8158128,45.4217697
              5.8158063,45.4217634
            </coordinates>
          </LinearRing>
        </outerBoundaryIs>
      </Polygon>
    </MultiGeometry>
  </Placemark>
  <Placemark>
    <name>Grotte du Jallier - Grotte Lafaille (38)</name>
    <styleUrl>#VTStyle12</styleUrl>
    <MultiGeometry>
      <Polygon>
        <altitudeMode>clampToGround</altitudeMode>
        <extrude>1</extrude>
        <tessellate>1</tessellate>
        <outerBoundaryIs>
          <LinearRing>
            <coordinates>
              5.8158155,45.4216946
              5.8158607,45.4216474
              5.8158848,45.4216604
              5.8158331,45.4216996
              5.8158155,45.4216946
            </coordinates>
          </LinearRing>
        </outerBoundaryIs>
      </Polygon>
      <Polygon>
        <altitudeMode>clampToGround</altitudeMode>
        <extrude>1</extrude>
        <tessellate>1</tessellate>
        <outerBoundaryIs>
          <LinearRing>
            <coordinates>
              5.8158607,45.4216474
              5.8159066,45.4216105
              5.8159241,45.4216197
              5.8158848,45.4216604
              5.8158607,45.4216474
            </coordinates>
          </LinearRing>
        </outerBoundaryIs>
      </Polygon>
      <Polygon>
        <altitudeMode>clampToGround</altitudeMode>
        <extrude>1</extrude>
        <tessellate>1</tessellate>
        <outerBoundaryIs>
          <LinearRing>
            <coordinates>
              5.8159066,45.4216105
              5.8159366,45.4215679
              5.8159636,45.4215799
              5.8159241,45.4216197
              5.8159066,45.4216105
            </coordinates>
          </LinearRing>
        </outerBoundaryIs>
      </Polygon>
      <Polygon>
        <altitudeMode>clampToGround</altitudeMode>
        <extrude>1</extrude>
        <tessellate>1</tessellate>
        <outerBoundaryIs>
          <LinearRing>
            <coordinates>
              5.8159366,45.4215679
              5.8159528,45.4215751
              5.8159528,45.4215751
              5.8159636,45.4215799
              5.8159366,45.4215679
            </coordinates>
          </LinearRing>
        </outerBoundaryIs>
      </Polygon>
    </MultiGeometry>
  </Placemark>
  <Placemark>
    <name>Grotte du Jallier - Grotte Lafaille (38)</name>
    <styleUrl>#VTStyle09</styleUrl>
    <MultiGeometry>
      <Polygon>
        <altitudeMode>clampToGround</altitudeMode>
        <extrude>1</extrude>
        <tessellate>1</tessellate>
        <outerBoundaryIs>
          <LinearRing>
            <coordinates>
              5.8151259,45.4219399
              5.8151437,45.4219831
              5.8151322,45.4219840
              5.8151134,45.4219414
              5.8151259,45.4219399
            </coordinates>
          </LinearRing>
        </outerBoundaryIs>
      </Polygon>
      <Polygon>
        <altitudeMode>clampToGround</altitudeMode>
        <extrude>1</extrude>
        <tessellate>1</tessellate>
        <outerBoundaryIs>
          <LinearRing>
            <coordinates>
              5.8151437,45.4219831
              5.8151450,45.4220188
              5.8151347,45.4220203
              5.8151322,45.4219840
              5.8151437,45.4219831
            </coordinates>
          </LinearRing>
        </outerBoundaryIs>
      </Polygon>
      <Polygon>
        <altitudeMode>clampToGround</altitudeMode>
        <extrude>1</extrude>
        <tessellate>1</tessellate>
        <outerBoundaryIs>
          <LinearRing>
            <coordinates>
              5.8151450,45.4220188
              5.8151631,45.4220451
              5.8151487,45.4220472
              5.8151347,45.4220203
              5.8151450,45.4220188
            </coordinates>
          </LinearRing>
        </outerBoundaryIs>
      </Polygon>
      <Polygon>
        <altitudeMode>clampToGround</altitudeMode>
        <extrude>1</extrude>
        <tessellate>1</tessellate>
        <outerBoundaryIs>
          <LinearRing>
            <coordinates>
              5.8151631,45.4220451
              5.8152098,45.4221335
              5.8151415,45.4220961
              5.8151487,45.4220472
              5.8151631,45.4220451
            </coordinates>
          </LinearRing>
        </outerBoundaryIs>
      </Polygon>
      <Polygon>
        <altitudeMode>clampToGround</altitudeMode>
        <extrude>1</extrude>
        <tessellate>1</tessellate>
        <outerBoundaryIs>
          <LinearRing>
            <coordinates>
              5.8152098,45.4221335
              5.8151007,45.4221144
              5.8150978,45.4221128
              5.8151415,45.4220961
              5.8152098,45.4221335
            </coordinates>
          </LinearRing>
        </outerBoundaryIs>
      </Polygon>
      <Polygon>
        <altitudeMode>clampToGround</altitudeMode>
        <extrude>1</extrude>
        <tessellate>1</tessellate>
        <outerBoundaryIs>
          <LinearRing>
            <coordinates>
              5.8151007,45.4221144
              5.8150996,45.4221515
              5.8150931,45.4221475
              5.8150978,45.4221128
              5.8151007,45.4221144
            </coordinates>
          </LinearRing>
        </outerBoundaryIs>
      </Polygon>
      <Polygon>
        <altitudeMode>clampToGround</altitudeMode>
        <extrude>1</extrude>
        <tessellate>1</tessellate>
        <outerBoundaryIs>
          <LinearRing>
            <coordinates>
              5.8150996,45.4221515
              5.8150697,45.4221605
              5.8150779,45.4221504
              5.8150931,45.4221475
              5.8150996,45.4221515
            </coordinates>
          </LinearRing>
        </outerBoundaryIs>
      </Polygon>
      <Polygon>
        <altitudeMode>clampToGround</altitudeMode>
        <extrude>1</extrude>
        <tessellate>1</tessellate>
        <outerBoundaryIs>
          <LinearRing>
            <coordinates>
              5.8150697,45.4221605
              5.8150551,45.4221227
              5.8150608,45.4221198
              5.8150779,45.4221504
              5.8150697,45.4221605
            </coordinates>
          </LinearRing>
        </outerBoundaryIs>
      </Polygon>
      <Polygon>
        <altitudeMode>clampToGround</altitudeMode>
        <extrude>1</extrude>
        <tessellate>1</tessellate>
        <outerBoundaryIs>
          <LinearRing>
            <coordinates>
              5.8150551,45.4221227
              5.8150303,45.4221084
              5.8150343,45.4221049
              5.8150608,45.4221198
              5.8150551,45.4221227
            </coordinates>
          </LinearRing>
        </outerBoundaryIs>
      </Polygon>
      <Polygon>
        <altitudeMode>clampToGround</altitudeMode>
        <extrude>1</extrude>
        <tessellate>1</tessellate>
        <outerBoundaryIs>
          <LinearRing>
            <coordinates>
              5.8150303,45.4221084
              5.8150327,45.4221063
              5.8150327,45.4221063
              5.8150343,45.4221049
              5.8150303,45.4221084
            </coordinates>
          </LinearRing>
        </outerBoundaryIs>
      </Polygon>
    </MultiGeometry>
  </Placemark>
  <Placemark>
    <name>Grotte du Jallier - Grotte Lafaille (38)</name>
    <styleUrl>#VTStyle08</styleUrl>
    <MultiGeometry>
      <Polygon>
        <altitudeMode>clampToGround</altitudeMode>
        <extrude>1</extrude>
        <tessellate>1</tessellate>
        <outerBoundaryIs>
          <LinearRing>
            <coordinates>
              5.8150996,45.4221515
              5.8151215,45.4221386
              5.8150382,45.4221810
              5.8150931,45.4221475
              5.8150996,45.4221515
            </coordinates>
          </LinearRing>
        </outerBoundaryIs>
      </Polygon>
      <Polygon>
        <altitudeMode>clampToGround</altitudeMode>
        <extrude>1</extrude>
        <tessellate>1</tessellate>
        <outerBoundaryIs>
          <LinearRing>
            <coordinates>
              5.8151215,45.4221386
              5.8151600,45.4221261
              5.8151791,45.4221990
              5.8150382,45.4221810
              5.8151215,45.4221386
            </coordinates>
          </LinearRing>
        </outerBoundaryIs>
      </Polygon>
      <Polygon>
        <altitudeMode>clampToGround</altitudeMode>
        <extrude>1</extrude>
        <tessellate>1</tessellate>
        <outerBoundaryIs>
          <LinearRing>
            <coordinates>
              5.8151600,45.4221261
              5.8151550,45.4221248
              5.8152041,45.4221349
              5.8151791,45.4221990
              5.8151600,45.4221261
            </coordinates>
          </LinearRing>
        </outerBoundaryIs>
      </Polygon>
    </MultiGeometry>
  </Placemark>
  <Placemark>
    <name>Grotte du Jallier - Grotte Lafaille (38)</name>
    <styleUrl>#VTStyle07</styleUrl>
    <MultiGeometry>
      <Polygon>
        <altitudeMode>clampToGround</altitudeMode>
        <extrude>1</extrude>
        <tessellate>1</tessellate>
        <outerBoundaryIs>
          <LinearRing>
            <coordinates>
              5.8151550,45.4221248
              5.8151291,45.4221164
              5.8151319,45.4221126
              5.8152041,45.4221349
              5.8151550,45.4221248
            </coordinates>
          </LinearRing>
        </outerBoundaryIs>
      </Polygon>
    </MultiGeometry>
  </Placemark>
  <Placemark>
    <name>Grotte du Jallier - Grotte Lafaille (38)</name>
    <styleUrl>#VTStyle08</styleUrl>
    <MultiGeometry>
      <Polygon>
        <altitudeMode>clampToGround</altitudeMode>
        <extrude>1</extrude>
        <tessellate>1</tessellate>
        <outerBoundaryIs>
          <LinearRing>
            <coordinates>
              5.8151291,45.4221164
              5.8150738,45.4220958
              5.8150778,45.4220832
              5.8151319,45.4221126
              5.8151291,45.4221164
            </coordinates>
          </LinearRing>
        </outerBoundaryIs>
      </Polygon>
      <Polygon>
        <altitudeMode>clampToGround</altitudeMode>
        <extrude>1</extrude>
        <tessellate>1</tessellate>
        <outerBoundaryIs>
          <LinearRing>
            <coordinates>
              5.8150738,45.4220958
              5.8150461,45.4221006
              5.8150436,45.4220889
              5.8150778,45.4220832
              5.8150738,45.4220958
            </coordinates>
          </LinearRing>
        </outerBoundaryIs>
      </Polygon>
    </MultiGeometry>
  </Placemark>
  <Placemark>
    <name>Grotte du Jallier - Grotte Lafaille (38)</name>
    <styleUrl>#VTStyle07</styleUrl>
    <MultiGeometry>
      <Polygon>
        <altitudeMode>clampToGround</altitudeMode>
        <extrude>1</extrude>
        <tessellate>1</tessellate>
        <outerBoundaryIs>
          <LinearRing>
            <coordinates>
              5.8150461,45.4221006
              5.8150152,45.4220973
              5.8150080,45.4220936
              5.8150436,45.4220889
              5.8150461,45.4221006
            </coordinates>
          </LinearRing>
        </outerBoundaryIs>
      </Polygon>
      <Polygon>
        <altitudeMode>clampToGround</altitudeMode>
        <extrude>1</extrude>
        <tessellate>1</tessellate>
        <outerBoundaryIs>
          <LinearRing>
            <coordinates>
              5.8150152,45.4220973
              5.8150208,45.4221111
              5.8150094,45.4221005
              5.8150080,45.4220936
              5.8150152,45.4220973
            </coordinates>
          </LinearRing>
        </outerBoundaryIs>
      </Polygon>
    </MultiGeometry>
  </Placemark>
  <Placemark>
    <name>Grotte du Jallier - Grotte Lafaille (38)</name>
    <styleUrl>#VTStyle08</styleUrl>
    <MultiGeometry>
      <Polygon>
        <altitudeMode>clampToGround</altitudeMode>
        <extrude>1</extrude>
        <tessellate>1</tessellate>
        <outerBoundaryIs>
          <LinearRing>
            <coordinates>
              5.8150208,45.4221111
              5.8149602,45.4220960
              5.8149613,45.4220889
              5.8150094,45.4221005
              5.8150208,45.4221111
            </coordinates>
          </LinearRing>
        </outerBoundaryIs>
      </Polygon>
      <Polygon>
        <altitudeMode>clampToGround</altitudeMode>
        <extrude>1</extrude>
        <tessellate>1</tessellate>
        <outerBoundaryIs>
          <LinearRing>
            <coordinates>
              5.8149602,45.4220960
              5.8149582,45.4221062
              5.8149347,45.4220879
              5.8149613,45.4220889
              5.8149602,45.4220960
            </coordinates>
          </LinearRing>
        </outerBoundaryIs>
      </Polygon>
      <Polygon>
        <altitudeMode>clampToGround</altitudeMode>
        <extrude>1</extrude>
        <tessellate>1</tessellate>
        <outerBoundaryIs>
          <LinearRing>
            <coordinates>
              5.8149582,45.4221062
              5.8149314,45.4221283
              5.8149063,45.4221276
              5.8149347,45.4220879
              5.8149582,45.4221062
            </coordinates>
          </LinearRing>
        </outerBoundaryIs>
      </Polygon>
      <Polygon>
        <altitudeMode>clampToGround</altitudeMode>
        <extrude>1</extrude>
        <tessellate>1</tessellate>
        <outerBoundaryIs>
          <LinearRing>
            <coordinates>
              5.8149314,45.4221283
              5.8149615,45.4221499
              5.8149204,45.4221730
              5.8149063,45.4221276
              5.8149314,45.4221283
            </coordinates>
          </LinearRing>
        </outerBoundaryIs>
      </Polygon>
      <Polygon>
        <altitudeMode>clampToGround</altitudeMode>
        <extrude>1</extrude>
        <tessellate>1</tessellate>
        <outerBoundaryIs>
          <LinearRing>
            <coordinates>
              5.8149615,45.4221499
              5.8150333,45.4221696
              5.8150042,45.4221992
              5.8149204,45.4221730
              5.8149615,45.4221499
            </coordinates>
          </LinearRing>
        </outerBoundaryIs>
      </Polygon>
    </MultiGeometry>
  </Placemark>
  <Placemark>
    <name>Grotte du Jallier - Grotte Lafaille (38)</name>
    <styleUrl>#VTStyle07</styleUrl>
    <MultiGeometry>
      <Polygon>
        <altitudeMode>clampToGround</altitudeMode>
        <extrude>1</extrude>
        <tessellate>1</tessellate>
        <outerBoundaryIs>
          <LinearRing>
            <coordinates>
              5.8150333,45.4221696
              5.8150623,45.4222117
              5.8150560,45.4222290
              5.8150042,45.4221992
              5.8150333,45.4221696
            </coordinates>
          </LinearRing>
        </outerBoundaryIs>
      </Polygon>
    </MultiGeometry>
  </Placemark>
  <Placemark>
    <name>Grotte du Jallier - Grotte Lafaille (38)</name>
    <styleUrl>#VTStyle08</styleUrl>
    <MultiGeometry>
      <Polygon>
        <altitudeMode>clampToGround</altitudeMode>
        <extrude>1</extrude>
        <tessellate>1</tessellate>
        <outerBoundaryIs>
          <LinearRing>
            <coordinates>
              5.8150623,45.4222117
              5.8151479,45.4221534
              5.8151855,45.4222394
              5.8150560,45.4222290
              5.8150623,45.4222117
            </coordinates>
          </LinearRing>
        </outerBoundaryIs>
      </Polygon>
      <Polygon>
        <altitudeMode>clampToGround</altitudeMode>
        <extrude>1</extrude>
        <tessellate>1</tessellate>
        <outerBoundaryIs>
          <LinearRing>
            <coordinates>
              5.8151479,45.4221534
              5.8151690,45.4222414
              5.8151645,45.4221515
              5.8151855,45.4222394
              5.8151479,45.4221534
            </coordinates>
          </LinearRing>
        </outerBoundaryIs>
      </Polygon>
      <Polygon>
        <altitudeMode>clampToGround</altitudeMode>
        <extrude>1</extrude>
        <tessellate>1</tessellate>
        <outerBoundaryIs>
          <LinearRing>
            <coordinates>
              5.8151690,45.4222414
              5.8151628,45.4222000
              5.8151901,45.4221751
              5.8151645,45.4221515
              5.8151690,45.4222414
            </coordinates>
          </LinearRing>
        </outerBoundaryIs>
      </Polygon>
      <Polygon>
        <altitudeMode>clampToGround</altitudeMode>
        <extrude>1</extrude>
        <tessellate>1</tessellate>
        <outerBoundaryIs>
          <LinearRing>
            <coordinates>
              5.8149615,45.4221499
              5.8149584,45.4222045
              5.8149244,45.4222066
              5.8149204,45.4221730
              5.8149615,45.4221499
            </coordinates>
          </LinearRing>
        </outerBoundaryIs>
      </Polygon>
      <Polygon>
        <altitudeMode>clampToGround</altitudeMode>
        <extrude>1</extrude>
        <tessellate>1</tessellate>
        <outerBoundaryIs>
          <LinearRing>
            <coordinates>
              5.8149584,45.4222045
              5.8149502,45.4222515
              5.8149413,45.4222512
              5.8149244,45.4222066
              5.8149584,45.4222045
            </coordinates>
          </LinearRing>
        </outerBoundaryIs>
      </Polygon>
      <Polygon>
        <altitudeMode>clampToGround</altitudeMode>
        <extrude>1</extrude>
        <tessellate>1</tessellate>
        <outerBoundaryIs>
          <LinearRing>
            <coordinates>
              5.8149502,45.4222515
              5.8149421,45.4223059
              5.8149320,45.4223049
              5.8149413,45.4222512
              5.8149502,45.4222515
            </coordinates>
          </LinearRing>
        </outerBoundaryIs>
      </Polygon>
      <Polygon>
        <altitudeMode>clampToGround</altitudeMode>
        <extrude>1</extrude>
        <tessellate>1</tessellate>
        <outerBoundaryIs>
          <LinearRing>
            <coordinates>
              5.8149421,45.4223059
              5.8149293,45.4223918
              5.8149028,45.4223905
              5.8149320,45.4223049
              5.8149421,45.4223059
            </coordinates>
          </LinearRing>
        </outerBoundaryIs>
      </Polygon>
      <Polygon>
        <altitudeMode>clampToGround</altitudeMode>
        <extrude>1</extrude>
        <tessellate>1</tessellate>
        <outerBoundaryIs>
          <LinearRing>
            <coordinates>
              5.8149293,45.4223918
              5.8149224,45.4224353
              5.8149143,45.4224354
              5.8149028,45.4223905
              5.8149293,45.4223918
            </coordinates>
          </LinearRing>
        </outerBoundaryIs>
      </Polygon>
      <Polygon>
        <altitudeMode>clampToGround</altitudeMode>
        <extrude>1</extrude>
        <tessellate>1</tessellate>
        <outerBoundaryIs>
          <LinearRing>
            <coordinates>
              5.8149224,45.4224353
              5.8149283,45.4224914
              5.8149194,45.4224919
              5.8149143,45.4224354
              5.8149224,45.4224353
            </coordinates>
          </LinearRing>
        </outerBoundaryIs>
      </Polygon>
      <Polygon>
        <altitudeMode>clampToGround</altitudeMode>
        <extrude>1</extrude>
        <tessellate>1</tessellate>
        <outerBoundaryIs>
          <LinearRing>
            <coordinates>
              5.8149283,45.4224914
              5.8149257,45.4224916
              5.8149257,45.4224916
              5.8149194,45.4224919
              5.8149283,45.4224914
            </coordinates>
          </LinearRing>
        </outerBoundaryIs>
      </Polygon>
      <Polygon>
        <altitudeMode>clampToGround</altitudeMode>
        <extrude>1</extrude>
        <tessellate>1</tessellate>
        <outerBoundaryIs>
          <LinearRing>
            <coordinates>
              5.8149347,45.4220879
              5.8149209,45.4220229
              5.8149409,45.4220260
              5.8149582,45.4221062
              5.8149347,45.4220879
            </coordinates>
          </LinearRing>
        </outerBoundaryIs>
      </Polygon>
      <Polygon>
        <altitudeMode>clampToGround</altitudeMode>
        <extrude>1</extrude>
        <tessellate>1</tessellate>
        <outerBoundaryIs>
          <LinearRing>
            <coordinates>
              5.8149209,45.4220229
              5.8150545,45.4218695
              5.8150726,45.4218739
              5.8149409,45.4220260
              5.8149209,45.4220229
            </coordinates>
          </LinearRing>
        </outerBoundaryIs>
      </Polygon>
      <Polygon>
        <altitudeMode>clampToGround</altitudeMode>
        <extrude>1</extrude>
        <tessellate>1</tessellate>
        <outerBoundaryIs>
          <LinearRing>
            <coordinates>
              5.8150545,45.4218695
              5.8150747,45.4218012
              5.8150845,45.4218038
              5.8150726,45.4218739
              5.8150545,45.4218695
            </coordinates>
          </LinearRing>
        </outerBoundaryIs>
      </Polygon>
      <Polygon>
        <altitudeMode>clampToGround</altitudeMode>
        <extrude>1</extrude>
        <tessellate>1</tessellate>
        <outerBoundaryIs>
          <LinearRing>
            <coordinates>
              5.8150747,45.4218012
              5.8150886,45.4217740
              5.8151086,45.4217722
              5.8150845,45.4218038
              5.8150747,45.4218012
            </coordinates>
          </LinearRing>
        </outerBoundaryIs>
      </Polygon>
      <Polygon>
        <altitudeMode>clampToGround</altitudeMode>
        <extrude>1</extrude>
        <tessellate>1</tessellate>
        <outerBoundaryIs>
          <LinearRing>
            <coordinates>
              5.8150886,45.4217740
              5.8150266,45.4217356
              5.8150395,45.4217244
              5.8151086,45.4217722
              5.8150886,45.4217740
            </coordinates>
          </LinearRing>
        </outerBoundaryIs>
      </Polygon>
      <Polygon>
        <altitudeMode>clampToGround</altitudeMode>
        <extrude>1</extrude>
        <tessellate>1</tessellate>
        <outerBoundaryIs>
          <LinearRing>
            <coordinates>
              5.8150266,45.4217356
              5.8150330,45.4217300
              5.8150330,45.4217300
              5.8150395,45.4217244
              5.8150266,45.4217356
            </coordinates>
          </LinearRing>
        </outerBoundaryIs>
      </Polygon>
      <Polygon>
        <altitudeMode>clampToGround</altitudeMode>
        <extrude>1</extrude>
        <tessellate>1</tessellate>
        <outerBoundaryIs>
          <LinearRing>
            <coordinates>
              5.8151628,45.4222000
              5.8150839,45.4221532
              5.8151263,45.4221632
              5.8151901,45.4221751
              5.8151628,45.4222000
            </coordinates>
          </LinearRing>
        </outerBoundaryIs>
      </Polygon>
    </MultiGeometry>
  </Placemark>
  <Placemark>
    <name>Grotte du Jallier - Grotte Lafaille (38)</name>
    <styleUrl>#VTStyle07</styleUrl>
    <MultiGeometry>
      <Polygon>
        <altitudeMode>clampToGround</altitudeMode>
        <extrude>1</extrude>
        <tessellate>1</tessellate>
        <outerBoundaryIs>
          <LinearRing>
            <coordinates>
              5.8151628,45.4222000
              5.8151748,45.4222176
              5.8151290,45.4222147
              5.8151901,45.4221751
              5.8151628,45.4222000
            </coordinates>
          </LinearRing>
        </outerBoundaryIs>
      </Polygon>
      <Polygon>
        <altitudeMode>clampToGround</altitudeMode>
        <extrude>1</extrude>
        <tessellate>1</tessellate>
        <outerBoundaryIs>
          <LinearRing>
            <coordinates>
              5.8151748,45.4222176
              5.8151956,45.4222450
              5.8151658,45.4222584
              5.8151290,45.4222147
              5.8151748,45.4222176
            </coordinates>
          </LinearRing>
        </outerBoundaryIs>
      </Polygon>
      <Polygon>
        <altitudeMode>clampToGround</altitudeMode>
        <extrude>1</extrude>
        <tessellate>1</tessellate>
        <outerBoundaryIs>
          <LinearRing>
            <coordinates>
              5.8151956,45.4222450
              5.8152409,45.4222820
              5.8151925,45.4223029
              5.8151658,45.4222584
              5.8151956,45.4222450
            </coordinates>
          </LinearRing>
        </outerBoundaryIs>
      </Polygon>
      <Polygon>
        <altitudeMode>clampToGround</altitudeMode>
        <extrude>1</extrude>
        <tessellate>1</tessellate>
        <outerBoundaryIs>
          <LinearRing>
            <coordinates>
              5.8152409,45.4222820
              5.8152767,45.4223413
              5.8152295,45.4223471
              5.8151925,45.4223029
              5.8152409,45.4222820
            </coordinates>
          </LinearRing>
        </outerBoundaryIs>
      </Polygon>
    </MultiGeometry>
  </Placemark>
  <Placemark>
    <name>Grotte du Jallier - Grotte Lafaille (38)</name>
    <styleUrl>#VTStyle06</styleUrl>
    <MultiGeometry>
      <Polygon>
        <altitudeMode>clampToGround</altitudeMode>
        <extrude>1</extrude>
        <tessellate>1</tessellate>
        <outerBoundaryIs>
          <LinearRing>
            <coordinates>
              5.8152767,45.4223413
              5.8152723,45.4223954
              5.8152141,45.4224013
              5.8152295,45.4223471
              5.8152767,45.4223413
            </coordinates>
          </LinearRing>
        </outerBoundaryIs>
      </Polygon>
      <Polygon>
        <altitudeMode>clampToGround</altitudeMode>
        <extrude>1</extrude>
        <tessellate>1</tessellate>
        <outerBoundaryIs>
          <LinearRing>
            <coordinates>
              5.8152723,45.4223954
              5.8153183,45.4224512
              5.8152911,45.4224968
              5.8152141,45.4224013
              5.8152723,45.4223954
            </coordinates>
          </LinearRing>
        </outerBoundaryIs>
      </Polygon>
    </MultiGeometry>
  </Placemark>
  <Placemark>
    <name>Grotte du Jallier - Grotte Lafaille (38)</name>
    <styleUrl>#VTStyle05</styleUrl>
    <MultiGeometry>
      <Polygon>
        <altitudeMode>clampToGround</altitudeMode>
        <extrude>1</extrude>
        <tessellate>1</tessellate>
        <outerBoundaryIs>
          <LinearRing>
            <coordinates>
              5.8153183,45.4224512
              5.8153963,45.4224542
              5.8153906,45.4224759
              5.8152911,45.4224968
              5.8153183,45.4224512
            </coordinates>
          </LinearRing>
        </outerBoundaryIs>
      </Polygon>
      <Polygon>
        <altitudeMode>clampToGround</altitudeMode>
        <extrude>1</extrude>
        <tessellate>1</tessellate>
        <outerBoundaryIs>
          <LinearRing>
            <coordinates>
              5.8153963,45.4224542
              5.8154436,45.4224735
              5.8154252,45.4224952
              5.8153906,45.4224759
              5.8153963,45.4224542
            </coordinates>
          </LinearRing>
        </outerBoundaryIs>
      </Polygon>
      <Polygon>
        <altitudeMode>clampToGround</altitudeMode>
        <extrude>1</extrude>
        <tessellate>1</tessellate>
        <outerBoundaryIs>
          <LinearRing>
            <coordinates>
              5.8154436,45.4224735
              5.8154383,45.4224797
              5.8154383,45.4224797
              5.8154252,45.4224952
              5.8154436,45.4224735
            </coordinates>
          </LinearRing>
        </outerBoundaryIs>
      </Polygon>
    </MultiGeometry>
  </Placemark>
  <Placemark>
    <name>Grotte du Jallier - Grotte Lafaille (38)</name>
    <styleUrl>#VTStyle07</styleUrl>
    <MultiGeometry>
      <Polygon>
        <altitudeMode>clampToGround</altitudeMode>
        <extrude>1</extrude>
        <tessellate>1</tessellate>
        <outerBoundaryIs>
          <LinearRing>
            <coordinates>
              5.8150839,45.4221532
              5.8152299,45.4221430
              5.8152397,45.4221663
              5.8151263,45.4221632
              5.8150839,45.4221532
            </coordinates>
          </LinearRing>
        </outerBoundaryIs>
      </Polygon>
    </MultiGeometry>
  </Placemark>
  <Placemark>
    <name>Grotte du Jallier - Grotte Lafaille (38)</name>
    <styleUrl>#VTStyle06</styleUrl>
    <MultiGeometry>
      <Polygon>
        <altitudeMode>clampToGround</altitudeMode>
        <extrude>1</extrude>
        <tessellate>1</tessellate>
        <outerBoundaryIs>
          <LinearRing>
            <coordinates>
              5.8152299,45.4221430
              5.8152808,45.4221297
              5.8152848,45.4221466
              5.8152397,45.4221663
              5.8152299,45.4221430
            </coordinates>
          </LinearRing>
        </outerBoundaryIs>
      </Polygon>
      <Polygon>
        <altitudeMode>clampToGround</altitudeMode>
        <extrude>1</extrude>
        <tessellate>1</tessellate>
        <outerBoundaryIs>
          <LinearRing>
            <coordinates>
              5.8152808,45.4221297
              5.8153414,45.4221304
              5.8153393,45.4221466
              5.8152848,45.4221466
              5.8152808,45.4221297
            </coordinates>
          </LinearRing>
        </outerBoundaryIs>
      </Polygon>
      <Polygon>
        <altitudeMode>clampToGround</altitudeMode>
        <extrude>1</extrude>
        <tessellate>1</tessellate>
        <outerBoundaryIs>
          <LinearRing>
            <coordinates>
              5.8153414,45.4221304
              5.8153986,45.4221337
              5.8154116,45.4221420
              5.8153393,45.4221466
              5.8153414,45.4221304
            </coordinates>
          </LinearRing>
        </outerBoundaryIs>
      </Polygon>
      <Polygon>
        <altitudeMode>clampToGround</altitudeMode>
        <extrude>1</extrude>
        <tessellate>1</tessellate>
        <outerBoundaryIs>
          <LinearRing>
            <coordinates>
              5.8153986,45.4221337
              5.8154007,45.4221016
              5.8154125,45.4221051
              5.8154116,45.4221420
              5.8153986,45.4221337
            </coordinates>
          </LinearRing>
        </outerBoundaryIs>
      </Polygon>
      <Polygon>
        <altitudeMode>clampToGround</altitudeMode>
        <extrude>1</extrude>
        <tessellate>1</tessellate>
        <outerBoundaryIs>
          <LinearRing>
            <coordinates>
              5.8154007,45.4221016
              5.8154229,45.4220791
              5.8154439,45.4220857
              5.8154125,45.4221051
              5.8154007,45.4221016
            </coordinates>
          </LinearRing>
        </outerBoundaryIs>
      </Polygon>
      <Polygon>
        <altitudeMode>clampToGround</altitudeMode>
        <extrude>1</extrude>
        <tessellate>1</tessellate>
        <outerBoundaryIs>
          <LinearRing>
            <coordinates>
              5.8154229,45.4220791
              5.8154230,45.4220442
              5.8154570,45.4220519
              5.8154439,45.4220857
              5.8154229,45.4220791
            </coordinates>
          </LinearRing>
        </outerBoundaryIs>
      </Polygon>
      <Polygon>
        <altitudeMode>clampToGround</altitudeMode>
        <extrude>1</extrude>
        <tessellate>1</tessellate>
        <outerBoundaryIs>
          <LinearRing>
            <coordinates>
              5.8154230,45.4220442
              5.8154715,45.4219956
              5.8154938,45.4220016
              5.8154570,45.4220519
              5.8154230,45.4220442
            </coordinates>
          </LinearRing>
        </outerBoundaryIs>
      </Polygon>
      <Polygon>
        <altitudeMode>clampToGround</altitudeMode>
        <extrude>1</extrude>
        <tessellate>1</tessellate>
        <outerBoundaryIs>
          <LinearRing>
            <coordinates>
              5.8154715,45.4219956
              5.8154805,45.4219626
              5.8154963,45.4219717
              5.8154938,45.4220016
              5.8154715,45.4219956
            </coordinates>
          </LinearRing>
        </outerBoundaryIs>
      </Polygon>
    </MultiGeometry>
  </Placemark>
  <Placemark>
    <name>Grotte du Jallier - Grotte Lafaille (38)</name>
    <styleUrl>#VTStyle07</styleUrl>
    <MultiGeometry>
      <Polygon>
        <altitudeMode>clampToGround</altitudeMode>
        <extrude>1</extrude>
        <tessellate>1</tessellate>
        <outerBoundaryIs>
          <LinearRing>
            <coordinates>
              5.8154805,45.4219626
              5.8155334,45.4219571
              5.8155349,45.4219606
              5.8154963,45.4219717
              5.8154805,45.4219626
            </coordinates>
          </LinearRing>
        </outerBoundaryIs>
      </Polygon>
      <Polygon>
        <altitudeMode>clampToGround</altitudeMode>
        <extrude>1</extrude>
        <tessellate>1</tessellate>
        <outerBoundaryIs>
          <LinearRing>
            <coordinates>
              5.8155334,45.4219571
              5.8155341,45.4219588
              5.8155341,45.4219588
              5.8155349,45.4219606
              5.8155334,45.4219571
            </coordinates>
          </LinearRing>
        </outerBoundaryIs>
      </Polygon>
    </MultiGeometry>
  </Placemark>
  <Placemark>
    <name>Grotte du Jallier - Grotte Lafaille (38)</name>
    <styleUrl>#VTStyle06</styleUrl>
    <MultiGeometry>
      <Polygon>
        <altitudeMode>clampToGround</altitudeMode>
        <extrude>1</extrude>
        <tessellate>1</tessellate>
        <outerBoundaryIs>
          <LinearRing>
            <coordinates>
              5.8154963,45.4219717
              5.8154238,45.4219836
              5.8154151,45.4219678
              5.8154805,45.4219626
              5.8154963,45.4219717
            </coordinates>
          </LinearRing>
        </outerBoundaryIs>
      </Polygon>
      <Polygon>
        <altitudeMode>clampToGround</altitudeMode>
        <extrude>1</extrude>
        <tessellate>1</tessellate>
        <outerBoundaryIs>
          <LinearRing>
            <coordinates>
              5.8154238,45.4219836
              5.8153643,45.4220127
              5.8153567,45.4219955
              5.8154151,45.4219678
              5.8154238,45.4219836
            </coordinates>
          </LinearRing>
        </outerBoundaryIs>
      </Polygon>
    </MultiGeometry>
  </Placemark>
  <Placemark>
    <name>Grotte du Jallier - Grotte Lafaille (38)</name>
    <styleUrl>#VTStyle05</styleUrl>
    <MultiGeometry>
      <Polygon>
        <altitudeMode>clampToGround</altitudeMode>
        <extrude>1</extrude>
        <tessellate>1</tessellate>
        <outerBoundaryIs>
          <LinearRing>
            <coordinates>
              5.8153643,45.4220127
              5.8153201,45.4220136
              5.8152966,45.4220012
              5.8153567,45.4219955
              5.8153643,45.4220127
            </coordinates>
          </LinearRing>
        </outerBoundaryIs>
      </Polygon>
      <Polygon>
        <altitudeMode>clampToGround</altitudeMode>
        <extrude>1</extrude>
        <tessellate>1</tessellate>
        <outerBoundaryIs>
          <LinearRing>
            <coordinates>
              5.8153201,45.4220136
              5.8153296,45.4220442
              5.8153099,45.4220481
              5.8152966,45.4220012
              5.8153201,45.4220136
            </coordinates>
          </LinearRing>
        </outerBoundaryIs>
      </Polygon>
      <Polygon>
        <altitudeMode>clampToGround</altitudeMode>
        <extrude>1</extrude>
        <tessellate>1</tessellate>
        <outerBoundaryIs>
          <LinearRing>
            <coordinates>
              5.8153296,45.4220442
              5.8153197,45.4220461
              5.8153197,45.4220461
              5.8153099,45.4220481
              5.8153296,45.4220442
            </coordinates>
          </LinearRing>
        </outerBoundaryIs>
      </Polygon>
      <Polygon>
        <altitudeMode>clampToGround</altitudeMode>
        <extrude>1</extrude>
        <tessellate>1</tessellate>
        <outerBoundaryIs>
          <LinearRing>
            <coordinates>
              5.8153201,45.4220136
              5.8152727,45.4220289
              5.8152823,45.4220153
              5.8152966,45.4220012
              5.8153201,45.4220136
            </coordinates>
          </LinearRing>
        </outerBoundaryIs>
      </Polygon>
    </MultiGeometry>
  </Placemark>
  <Placemark>
    <name>Grotte du Jallier - Grotte Lafaille (38)</name>
    <styleUrl>#VTStyle11</styleUrl>
    <MultiGeometry>
      <Polygon>
        <altitudeMode>clampToGround</altitudeMode>
        <extrude>1</extrude>
        <tessellate>1</tessellate>
        <outerBoundaryIs>
          <LinearRing>
            <coordinates>
              5.8159981,45.4226443
              5.8160571,45.4225743
              5.8160893,45.4226023
              5.8160438,45.4226329
              5.8159981,45.4226443
            </coordinates>
          </LinearRing>
        </outerBoundaryIs>
      </Polygon>
      <Polygon>
        <altitudeMode>clampToGround</altitudeMode>
        <extrude>1</extrude>
        <tessellate>1</tessellate>
        <outerBoundaryIs>
          <LinearRing>
            <coordinates>
              5.8160571,45.4225743
              5.8161337,45.4225530
              5.8161472,45.4225817
              5.8160893,45.4226023
              5.8160571,45.4225743
            </coordinates>
          </LinearRing>
        </outerBoundaryIs>
      </Polygon>
    </MultiGeometry>
  </Placemark>
  <Placemark>
    <name>Grotte du Jallier - Grotte Lafaille (38)</name>
    <styleUrl>#VTStyle12</styleUrl>
    <MultiGeometry>
      <Polygon>
        <altitudeMode>clampToGround</altitudeMode>
        <extrude>1</extrude>
        <tessellate>1</tessellate>
        <outerBoundaryIs>
          <LinearRing>
            <coordinates>
              5.8161337,45.4225530
              5.8162155,45.4225409
              5.8162209,45.4225864
              5.8161472,45.4225817
              5.8161337,45.4225530
            </coordinates>
          </LinearRing>
        </outerBoundaryIs>
      </Polygon>
      <Polygon>
        <altitudeMode>clampToGround</altitudeMode>
        <extrude>1</extrude>
        <tessellate>1</tessellate>
        <outerBoundaryIs>
          <LinearRing>
            <coordinates>
              5.8162155,45.4225409
              5.8162368,45.4225554
              5.8162756,45.4225614
              5.8162209,45.4225864
              5.8162155,45.4225409
            </coordinates>
          </LinearRing>
        </outerBoundaryIs>
      </Polygon>
      <Polygon>
        <altitudeMode>clampToGround</altitudeMode>
        <extrude>1</extrude>
        <tessellate>1</tessellate>
        <outerBoundaryIs>
          <LinearRing>
            <coordinates>
              5.8162368,45.4225554
              5.8162460,45.4225604
              5.8162559,45.4225459
              5.8162756,45.4225614
              5.8162368,45.4225554
            </coordinates>
          </LinearRing>
        </outerBoundaryIs>
      </Polygon>
      <Polygon>
        <altitudeMode>clampToGround</altitudeMode>
        <extrude>1</extrude>
        <tessellate>1</tessellate>
        <outerBoundaryIs>
          <LinearRing>
            <coordinates>
              5.8162460,45.4225604
              5.8162496,45.4225551
              5.8162496,45.4225551
              5.8162559,45.4225459
              5.8162460,45.4225604
            </coordinates>
          </LinearRing>
        </outerBoundaryIs>
      </Polygon>
      <Polygon>
        <altitudeMode>clampToGround</altitudeMode>
        <extrude>1</extrude>
        <tessellate>1</tessellate>
        <outerBoundaryIs>
          <LinearRing>
            <coordinates>
              5.8162368,45.4225554
              5.8162684,45.4225025
              5.8162751,45.4225074
              5.8162756,45.4225614
              5.8162368,45.4225554
            </coordinates>
          </LinearRing>
        </outerBoundaryIs>
      </Polygon>
      <Polygon>
        <altitudeMode>clampToGround</altitudeMode>
        <extrude>1</extrude>
        <tessellate>1</tessellate>
        <outerBoundaryIs>
          <LinearRing>
            <coordinates>
              5.8162684,45.4225025
              5.8163698,45.4224939
              5.8163708,45.4225011
              5.8162751,45.4225074
              5.8162684,45.4225025
            </coordinates>
          </LinearRing>
        </outerBoundaryIs>
      </Polygon>
      <Polygon>
        <altitudeMode>clampToGround</altitudeMode>
        <extrude>1</extrude>
        <tessellate>1</tessellate>
        <outerBoundaryIs>
          <LinearRing>
            <coordinates>
              5.8163698,45.4224939
              5.8163704,45.4224980
              5.8163704,45.4224980
              5.8163708,45.4225011
              5.8163698,45.4224939
            </coordinates>
          </LinearRing>
        </outerBoundaryIs>
      </Polygon>
      <Polygon>
        <altitudeMode>clampToGround</altitudeMode>
        <extrude>1</extrude>
        <tessellate>1</tessellate>
        <outerBoundaryIs>
          <LinearRing>
            <coordinates>
              5.8162751,45.4225074
              5.8162472,45.4225312
              5.8162347,45.4225181
              5.8162684,45.4225025
              5.8162751,45.4225074
            </coordinates>
          </LinearRing>
        </outerBoundaryIs>
      </Polygon>
      <Polygon>
        <altitudeMode>clampToGround</altitudeMode>
        <extrude>1</extrude>
        <tessellate>1</tessellate>
        <outerBoundaryIs>
          <LinearRing>
            <coordinates>
              5.8162472,45.4225312
              5.8162379,45.4225214
              5.8162379,45.4225214
              5.8162347,45.4225181
              5.8162472,45.4225312
            </coordinates>
          </LinearRing>
        </outerBoundaryIs>
      </Polygon>
    </MultiGeometry>
  </Placemark>
  <Placemark>
    <name>Grotte du Jallier - Grotte Lafaille (38)</name>
    <styleUrl>#VTStyle05</styleUrl>
    <MultiGeometry>
      <Polygon>
        <altitudeMode>clampToGround</altitudeMode>
        <extrude>1</extrude>
        <tessellate>1</tessellate>
        <outerBoundaryIs>
          <LinearRing>
            <coordinates>
              5.8152727,45.4220289
              5.8152767,45.4219601
              5.8152971,45.4219575
              5.8152823,45.4220153
              5.8152727,45.4220289
            </coordinates>
          </LinearRing>
        </outerBoundaryIs>
      </Polygon>
      <Polygon>
        <altitudeMode>clampToGround</altitudeMode>
        <extrude>1</extrude>
        <tessellate>1</tessellate>
        <outerBoundaryIs>
          <LinearRing>
            <coordinates>
              5.8152767,45.4219601
              5.8152524,45.4219373
              5.8152664,45.4219129
              5.8152971,45.4219575
              5.8152767,45.4219601
            </coordinates>
          </LinearRing>
        </outerBoundaryIs>
      </Polygon>
    </MultiGeometry>
  </Placemark>
  <Placemark>
    <name>Grotte du Jallier - Grotte Lafaille (38)</name>
    <styleUrl>#VTStyle04</styleUrl>
    <MultiGeometry>
      <Polygon>
        <altitudeMode>clampToGround</altitudeMode>
        <extrude>1</extrude>
        <tessellate>1</tessellate>
        <outerBoundaryIs>
          <LinearRing>
            <coordinates>
              5.8152524,45.4219373
              5.8151864,45.4219521
              5.8151765,45.4219308
              5.8152664,45.4219129
              5.8152524,45.4219373
            </coordinates>
          </LinearRing>
        </outerBoundaryIs>
      </Polygon>
      <Polygon>
        <altitudeMode>clampToGround</altitudeMode>
        <extrude>1</extrude>
        <tessellate>1</tessellate>
        <outerBoundaryIs>
          <LinearRing>
            <coordinates>
              5.8151864,45.4219521
              5.8151383,45.4219594
              5.8151304,45.4219466
              5.8151765,45.4219308
              5.8151864,45.4219521
            </coordinates>
          </LinearRing>
        </outerBoundaryIs>
      </Polygon>
      <Polygon>
        <altitudeMode>clampToGround</altitudeMode>
        <extrude>1</extrude>
        <tessellate>1</tessellate>
        <outerBoundaryIs>
          <LinearRing>
            <coordinates>
              5.8151383,45.4219594
              5.8151081,45.4219735
              5.8150958,45.4219588
              5.8151304,45.4219466
              5.8151383,45.4219594
            </coordinates>
          </LinearRing>
        </outerBoundaryIs>
      </Polygon>
    </MultiGeometry>
  </Placemark>
  <Placemark>
    <name>Grotte du Jallier - Grotte Lafaille (38)</name>
    <styleUrl>#VTStyle03</styleUrl>
    <MultiGeometry>
      <Polygon>
        <altitudeMode>clampToGround</altitudeMode>
        <extrude>1</extrude>
        <tessellate>1</tessellate>
        <outerBoundaryIs>
          <LinearRing>
            <coordinates>
              5.8151081,45.4219735
              5.8150594,45.4219920
              5.8150365,45.4219728
              5.8150958,45.4219588
              5.8151081,45.4219735
            </coordinates>
          </LinearRing>
        </outerBoundaryIs>
      </Polygon>
      <Polygon>
        <altitudeMode>clampToGround</altitudeMode>
        <extrude>1</extrude>
        <tessellate>1</tessellate>
        <outerBoundaryIs>
          <LinearRing>
            <coordinates>
              5.8150594,45.4219920
              5.8150128,45.4220173
              5.8150013,45.4220059
              5.8150365,45.4219728
              5.8150594,45.4219920
            </coordinates>
          </LinearRing>
        </outerBoundaryIs>
      </Polygon>
      <Polygon>
        <altitudeMode>clampToGround</altitudeMode>
        <extrude>1</extrude>
        <tessellate>1</tessellate>
        <outerBoundaryIs>
          <LinearRing>
            <coordinates>
              5.8150128,45.4220173
              5.8149452,45.4220501
              5.8149398,45.4220264
              5.8150013,45.4220059
              5.8150128,45.4220173
            </coordinates>
          </LinearRing>
        </outerBoundaryIs>
      </Polygon>
    </MultiGeometry>
  </Placemark>
  <Placemark>
    <name>Grotte du Jallier - Grotte Lafaille (38)</name>
    <styleUrl>#VTStyle02</styleUrl>
    <MultiGeometry>
      <Polygon>
        <altitudeMode>clampToGround</altitudeMode>
        <extrude>1</extrude>
        <tessellate>1</tessellate>
        <outerBoundaryIs>
          <LinearRing>
            <coordinates>
              5.8149452,45.4220501
              5.8148978,45.4220453
              5.8148821,45.4220250
              5.8149398,45.4220264
              5.8149452,45.4220501
            </coordinates>
          </LinearRing>
        </outerBoundaryIs>
      </Polygon>
      <Polygon>
        <altitudeMode>clampToGround</altitudeMode>
        <extrude>1</extrude>
        <tessellate>1</tessellate>
        <outerBoundaryIs>
          <LinearRing>
            <coordinates>
              5.8148978,45.4220453
              5.8148700,45.4220759
              5.8148553,45.4220646
              5.8148821,45.4220250
              5.8148978,45.4220453
            </coordinates>
          </LinearRing>
        </outerBoundaryIs>
      </Polygon>
      <Polygon>
        <altitudeMode>clampToGround</altitudeMode>
        <extrude>1</extrude>
        <tessellate>1</tessellate>
        <outerBoundaryIs>
          <LinearRing>
            <coordinates>
              5.8148700,45.4220759
              5.8147925,45.4221089
              5.8147846,45.4220881
              5.8148553,45.4220646
              5.8148700,45.4220759
            </coordinates>
          </LinearRing>
        </outerBoundaryIs>
      </Polygon>
    </MultiGeometry>
  </Placemark>
  <Placemark>
    <name>Grotte du Jallier - Grotte Lafaille (38)</name>
    <styleUrl>#VTStyle01</styleUrl>
    <MultiGeometry>
      <Polygon>
        <altitudeMode>clampToGround</altitudeMode>
        <extrude>1</extrude>
        <tessellate>1</tessellate>
        <outerBoundaryIs>
          <LinearRing>
            <coordinates>
              5.8147925,45.4221089
              5.8147463,45.4221013
              5.8147441,45.4220872
              5.8147846,45.4220881
              5.8147925,45.4221089
            </coordinates>
          </LinearRing>
        </outerBoundaryIs>
      </Polygon>
      <Polygon>
        <altitudeMode>clampToGround</altitudeMode>
        <extrude>1</extrude>
        <tessellate>1</tessellate>
        <outerBoundaryIs>
          <LinearRing>
            <coordinates>
              5.8147463,45.4221013
              5.8147454,45.4220957
              5.8147454,45.4220957
              5.8147441,45.4220872
              5.8147463,45.4221013
            </coordinates>
          </LinearRing>
        </outerBoundaryIs>
      </Polygon>
    </MultiGeometry>
  </Placemark>
  <Placemark>
    <name>Grotte du Jallier - Grotte Lafaille (38)</name>
    <styleUrl>#VTStyle02</styleUrl>
    <MultiGeometry>
      <Polygon>
        <altitudeMode>clampToGround</altitudeMode>
        <extrude>1</extrude>
        <tessellate>1</tessellate>
        <outerBoundaryIs>
          <LinearRing>
            <coordinates>
              5.8148978,45.4220453
              5.8148598,45.4220031
              5.8148665,45.4220005
              5.8148821,45.4220250
              5.8148978,45.4220453
            </coordinates>
          </LinearRing>
        </outerBoundaryIs>
      </Polygon>
      <Polygon>
        <altitudeMode>clampToGround</altitudeMode>
        <extrude>1</extrude>
        <tessellate>1</tessellate>
        <outerBoundaryIs>
          <LinearRing>
            <coordinates>
              5.8148598,45.4220031
              5.8148631,45.4220018
              5.8148631,45.4220018
              5.8148665,45.4220005
              5.8148598,45.4220031
            </coordinates>
          </LinearRing>
        </outerBoundaryIs>
      </Polygon>
    </MultiGeometry>
  </Placemark>
  <Placemark>
    <name>Grotte du Jallier - Grotte Lafaille (38)</name>
    <styleUrl>#VTStyle07</styleUrl>
    <MultiGeometry>
      <Polygon>
        <altitudeMode>clampToGround</altitudeMode>
        <extrude>1</extrude>
        <tessellate>1</tessellate>
        <outerBoundaryIs>
          <LinearRing>
            <coordinates>
              5.8154996,45.4228529
              5.8154430,45.4228822
              5.8154996,45.4228529
              5.8154996,45.4228529
              5.8154996,45.4228529
            </coordinates>
          </LinearRing>
        </outerBoundaryIs>
      </Polygon>
      <Polygon>
        <altitudeMode>clampToGround</altitudeMode>
        <extrude>1</extrude>
        <tessellate>1</tessellate>
        <outerBoundaryIs>
          <LinearRing>
            <coordinates>
              5.8154430,45.4228822
              5.8154472,45.4228189
              5.8154922,45.4228257
              5.8154996,45.4228529
              5.8154430,45.4228822
            </coordinates>
          </LinearRing>
        </outerBoundaryIs>
      </Polygon>
    </MultiGeometry>
  </Placemark>
  <Placemark>
    <name>Grotte du Jallier - Grotte Lafaille (38)</name>
    <styleUrl>#VTStyle08</styleUrl>
    <MultiGeometry>
      <Polygon>
        <altitudeMode>clampToGround</altitudeMode>
        <extrude>1</extrude>
        <tessellate>1</tessellate>
        <outerBoundaryIs>
          <LinearRing>
            <coordinates>
              5.8154472,45.4228189
              5.8154980,45.4228010
              5.8155135,45.4228051
              5.8154922,45.4228257
              5.8154472,45.4228189
            </coordinates>
          </LinearRing>
        </outerBoundaryIs>
      </Polygon>
      <Polygon>
        <altitudeMode>clampToGround</altitudeMode>
        <extrude>1</extrude>
        <tessellate>1</tessellate>
        <outerBoundaryIs>
          <LinearRing>
            <coordinates>
              5.8154980,45.4228010
              5.8154974,45.4227932
              5.8155079,45.4227911
              5.8155135,45.4228051
              5.8154980,45.4228010
            </coordinates>
          </LinearRing>
        </outerBoundaryIs>
      </Polygon>
      <Polygon>
        <altitudeMode>clampToGround</altitudeMode>
        <extrude>1</extrude>
        <tessellate>1</tessellate>
        <outerBoundaryIs>
          <LinearRing>
            <coordinates>
              5.8154974,45.4227932
              5.8154906,45.4227615
              5.8154981,45.4227604
              5.8155079,45.4227911
              5.8154974,45.4227932
            </coordinates>
          </LinearRing>
        </outerBoundaryIs>
      </Polygon>
      <Polygon>
        <altitudeMode>clampToGround</altitudeMode>
        <extrude>1</extrude>
        <tessellate>1</tessellate>
        <outerBoundaryIs>
          <LinearRing>
            <coordinates>
              5.8154906,45.4227615
              5.8154956,45.4227608
              5.8154956,45.4227608
              5.8154981,45.4227604
              5.8154906,45.4227615
            </coordinates>
          </LinearRing>
        </outerBoundaryIs>
      </Polygon>
    </MultiGeometry>
  </Placemark>
</Document>
</kml>
